/* SPDX-License-Identifier: (LGPL-2.1 OR BSD-2-Clause) */

/* THIS FILE IS AUTOGENERATED! */
#ifndef __FAR_BPF_C_SKEL_H__
#define __FAR_BPF_C_SKEL_H__

#include <stdlib.h>
#include <bpf/libbpf.h>
#define typeof(x) __typeof__(x)

struct far_bpf_c {
	struct bpf_object_skeleton *skeleton;
	struct bpf_object *obj;
	struct {
		struct bpf_map *m_arp_table;
		struct bpf_map *m_far;
		struct bpf_map *m_redirect_interfaces;
		struct bpf_map *mc_stats;
	} maps;
	struct {
		struct bpf_program *xdp_redirect_gtpu;
		struct bpf_program *far_entry_point;
	} progs;
	struct {
		struct bpf_link *xdp_redirect_gtpu;
		struct bpf_link *far_entry_point;
	} links;
};

static void
far_bpf_c__destroy(struct far_bpf_c *obj)
{
	if (!obj)
		return;
	if (obj->skeleton)
		bpf_object__destroy_skeleton(obj->skeleton);
	free(obj);
}

static inline int
far_bpf_c__create_skeleton(struct far_bpf_c *obj);

static inline struct far_bpf_c *
far_bpf_c__open_opts(const struct bpf_object_open_opts *opts)
{
	struct far_bpf_c *obj;

	obj = (typeof(obj))calloc(1, sizeof(*obj));
	if (!obj)
		return NULL;
	if (far_bpf_c__create_skeleton(obj))
		goto err;
	if (bpf_object__open_skeleton(obj->skeleton, opts))
		goto err;

	return obj;
err:
	far_bpf_c__destroy(obj);
	return NULL;
}

static inline struct far_bpf_c *
far_bpf_c__open(void)
{
	return far_bpf_c__open_opts(NULL);
}

static inline int
far_bpf_c__load(struct far_bpf_c *obj)
{
	return bpf_object__load_skeleton(obj->skeleton);
}

static inline struct far_bpf_c *
far_bpf_c__open_and_load(void)
{
	struct far_bpf_c *obj;

	obj = far_bpf_c__open();
	if (!obj)
		return NULL;
	if (far_bpf_c__load(obj)) {
		far_bpf_c__destroy(obj);
		return NULL;
	}
	return obj;
}

static inline int
far_bpf_c__attach(struct far_bpf_c *obj)
{
	return bpf_object__attach_skeleton(obj->skeleton);
}

static inline void
far_bpf_c__detach(struct far_bpf_c *obj)
{
	return bpf_object__detach_skeleton(obj->skeleton);
}

static inline int
far_bpf_c__create_skeleton(struct far_bpf_c *obj)
{
	struct bpf_object_skeleton *s;

	s = (typeof(s))calloc(1, sizeof(*s));
	if (!s)
		return -1;
	obj->skeleton = s;

	s->sz = sizeof(*s);
	s->name = "far_bpf_c";
	s->obj = &obj->obj;

	/* maps */
	s->map_cnt = 4;
	s->map_skel_sz = sizeof(*s->maps);
	s->maps = (typeof(s->maps))calloc(s->map_cnt, s->map_skel_sz);
	if (!s->maps)
		goto err;

	s->maps[0].name = "m_arp_table";
	s->maps[0].map = &obj->maps.m_arp_table;

	s->maps[1].name = "m_far";
	s->maps[1].map = &obj->maps.m_far;

	s->maps[2].name = "m_redirect_interfaces";
	s->maps[2].map = &obj->maps.m_redirect_interfaces;

	s->maps[3].name = "mc_stats";
	s->maps[3].map = &obj->maps.mc_stats;

	/* programs */
	s->prog_cnt = 2;
	s->prog_skel_sz = sizeof(*s->progs);
	s->progs = (typeof(s->progs))calloc(s->prog_cnt, s->prog_skel_sz);
	if (!s->progs)
		goto err;

	s->progs[0].name = "xdp_redirect_gtpu";
	s->progs[0].prog = &obj->progs.xdp_redirect_gtpu;
	s->progs[0].link = &obj->links.xdp_redirect_gtpu;

	s->progs[1].name = "far_entry_point";
	s->progs[1].prog = &obj->progs.far_entry_point;
	s->progs[1].link = &obj->links.far_entry_point;

	s->data_sz = 47712;
	s->data = (void *)"\
\x7f\x45\x4c\x46\x02\x01\x01\0\0\0\0\0\0\0\0\0\x01\0\xf7\0\x01\0\0\0\0\0\0\0\0\
\0\0\0\0\0\0\0\0\0\0\0\xa0\xb3\0\0\0\0\0\0\0\0\0\0\x40\0\0\0\0\0\x40\0\x1b\0\
\x01\0\xb7\x01\0\0\x65\x74\x73\0\x63\x1a\xf8\xff\0\0\0\0\x18\x01\0\0\x69\x6e\
\x67\x20\0\0\0\0\x70\x61\x63\x6b\x7b\x1a\xf0\xff\0\0\0\0\x18\x01\0\0\x52\x65\
\x64\x69\0\0\0\0\x72\x65\x63\x74\x7b\x1a\xe8\xff\0\0\0\0\xbf\xa1\0\0\0\0\0\0\
\x07\x01\0\0\xe8\xff\xff\xff\xb7\x02\0\0\x14\0\0\0\x85\0\0\0\x06\0\0\0\xb7\0\0\
\0\x02\0\0\0\x95\0\0\0\0\0\0\0\xbf\x18\0\0\0\0\0\0\xb7\x01\0\0\0\0\0\0\x63\x1a\
\xcc\xff\0\0\0\0\x73\x1a\xe0\xff\0\0\0\0\x18\x01\0\0\x43\x4f\x4e\x54\0\0\0\0\
\x45\x58\x54\x0a\x7b\x1a\xd8\xff\0\0\0\0\x18\x01\0\0\x58\x44\x50\x20\0\0\0\0\
\x46\x41\x52\x20\x7b\x1a\xd0\xff\0\0\0\0\xbf\xa1\0\0\0\0\0\0\x07\x01\0\0\xd0\
\xff\xff\xff\xb7\x02\0\0\x11\0\0\0\x85\0\0\0\x06\0\0\0\xbf\xa2\0\0\0\0\0\0\x07\
\x02\0\0\xcc\xff\xff\xff\x18\x01\0\0\0\0\0\0\0\0\0\0\0\0\0\0\x85\0\0\0\x01\0\0\
\0\xbf\x07\0\0\0\0\0\0\x61\x86\x04\0\0\0\0\0\x61\x89\0\0\0\0\0\0\xbf\x91\0\0\0\
\0\0\0\x07\x01\0\0\x0e\0\0\0\x3d\x16\x0a\0\0\0\0\0\x18\x01\0\0\x70\x6f\x69\x6e\
\0\0\0\0\x74\x65\x72\0\x7b\x1a\xd8\xff\0\0\0\0\x18\x01\0\0\x49\x6e\x76\x61\0\0\
\0\0\x6c\x69\x64\x20\x7b\x1a\xd0\xff\0\0\0\0\xbf\xa1\0\0\0\0\0\0\x07\x01\0\0\
\xd0\xff\xff\xff\xb7\x02\0\0\x10\0\0\0\x05\0\x0b\0\0\0\0\0\x55\x07\x0e\0\0\0\0\
\0\xb7\x01\0\0\0\0\0\0\x73\x1a\xdc\xff\0\0\0\0\xb7\x01\0\0\x46\x41\x52\x21\x63\
\x1a\xd8\xff\0\0\0\0\x18\x01\0\0\x49\x6e\x76\x61\0\0\0\0\x6c\x69\x64\x20\x7b\
\x1a\xd0\xff\0\0\0\0\xbf\xa1\0\0\0\0\0\0\x07\x01\0\0\xd0\xff\xff\xff\xb7\x02\0\
\0\x0d\0\0\0\x85\0\0\0\x06\0\0\0\xb7\x08\0\0\x01\0\0\0\xbf\x80\0\0\0\0\0\0\x95\
\0\0\0\0\0\0\0\x71\x71\x08\0\0\0\0\0\x57\x01\0\0\x40\0\0\0\x15\x01\x65\0\0\0\0\
\0\x7b\x8a\xc0\xff\0\0\0\0\x69\x73\x24\0\0\0\0\0\xb7\x08\0\0\x02\0\0\0\x71\x71\
\x14\0\0\0\0\0\x15\x01\x70\0\0\0\0\0\x55\x01\xf5\xff\x01\0\0\0\x18\x01\0\0\x45\
\x5f\x43\x4f\0\0\0\0\x52\x45\x0a\0\x7b\x1a\xf0\xff\0\0\0\0\x18\x01\0\0\x41\x43\
\x45\x5f\0\0\0\0\x56\x41\x4c\x55\x7b\x1a\xe8\xff\0\0\0\0\x18\x01\0\0\x6f\x20\
\x49\x4e\0\0\0\0\x54\x45\x52\x46\x7b\x1a\xe0\xff\0\0\0\0\x18\x01\0\0\x69\x6f\
\x6e\x20\0\0\0\0\x69\x73\x20\x74\x7b\x1a\xd8\xff\0\0\0\0\x18\x01\0\0\x44\x65\
\x73\x74\0\0\0\0\x69\x6e\x61\x74\x7b\x1a\xd0\xff\0\0\0\0\xbf\xa1\0\0\0\0\0\0\
\x07\x01\0\0\xd0\xff\xff\xff\xb7\x02\0\0\x28\0\0\0\xbf\x37\0\0\0\0\0\0\x85\0\0\
\0\x06\0\0\0\xbf\x73\0\0\0\0\0\0\x15\x03\xb0\0\0\x08\0\0\x55\x03\xc0\0\0\x04\0\
\0\x18\x01\0\0\x50\x5f\x49\x50\0\0\0\0\x56\x34\x0a\0\x7b\x1a\xe8\xff\0\0\0\0\
\x18\x01\0\0\x41\x54\x49\x4f\0\0\0\0\x4e\x5f\x55\x44\x7b\x1a\xe0\xff\0\0\0\0\
\x18\x01\0\0\x41\x44\x45\x52\0\0\0\0\x5f\x43\x52\x45\x7b\x1a\xd8\xff\0\0\0\0\
\x18\x01\0\0\x4f\x55\x54\x45\0\0\0\0\x52\x5f\x48\x45\x7b\x1a\xd0\xff\0\0\0\0\
\xbf\xa1\0\0\0\0\0\0\x07\x01\0\0\xd0\xff\xff\xff\xb7\x02\0\0\x20\0\0\0\x85\0\0\
\0\x06\0\0\0\xb7\x08\0\0\x01\0\0\0\xbf\x91\0\0\0\0\0\0\x07\x01\0\0\x32\0\0\0\
\x2d\x61\xca\xff\0\0\0\0\xbf\x97\0\0\0\0\0\0\x07\x07\0\0\x24\0\0\0\x71\x91\x0d\
\0\0\0\0\0\x73\x17\x0d\0\0\0\0\0\x71\x91\x0c\0\0\0\0\0\x73\x17\x0c\0\0\0\0\0\
\x71\x91\x0b\0\0\0\0\0\x73\x17\x0b\0\0\0\0\0\x71\x91\x0a\0\0\0\0\0\x73\x17\x0a\
\0\0\0\0\0\x71\x91\x09\0\0\0\0\0\x73\x17\x09\0\0\0\0\0\x71\x91\x08\0\0\0\0\0\
\x73\x17\x08\0\0\0\0\0\x71\x91\x07\0\0\0\0\0\x73\x17\x07\0\0\0\0\0\x71\x91\x06\
\0\0\0\0\0\x73\x17\x06\0\0\0\0\0\x71\x91\x05\0\0\0\0\0\x73\x17\x05\0\0\0\0\0\
\x71\x91\x04\0\0\0\0\0\x73\x17\x04\0\0\0\0\0\x71\x91\x03\0\0\0\0\0\x73\x17\x03\
\0\0\0\0\0\x71\x91\x02\0\0\0\0\0\x73\x17\x02\0\0\0\0\0\x71\x91\x01\0\0\0\0\0\
\x73\x17\x01\0\0\0\0\0\x71\x91\0\0\0\0\0\0\x73\x17\0\0\0\0\0\0\xbf\x91\0\0\0\0\
\0\0\x07\x01\0\0\x46\0\0\0\x2d\x61\xa9\xff\0\0\0\0\x07\x09\0\0\x42\0\0\0\x18\
\x01\0\0\0\0\0\0\0\0\0\0\0\0\0\0\xbf\x92\0\0\0\0\0\0\x85\0\0\0\x01\0\0\0\x55\0\
\x3f\x01\0\0\0\0\xb7\x01\0\0\0\0\0\0\x73\x1a\xe0\xff\0\0\0\0\x18\x01\0\0\x66\
\x6f\x75\x6e\0\0\0\0\x64\x21\x21\x0a\x7b\x1a\xd8\xff\0\0\0\0\x18\x01\0\0\x6d\
\x61\x63\x20\0\0\0\0\x6e\x6f\x74\x20\x7b\x1a\xd0\xff\0\0\0\0\xbf\xa1\0\0\0\0\0\
\0\x07\x01\0\0\xd0\xff\xff\xff\xb7\x02\0\0\x11\0\0\0\x85\0\0\0\x06\0\0\0\x05\0\
\x96\xff\0\0\0\0\xb7\x01\0\0\0\0\0\0\x73\x1a\xe4\xff\0\0\0\0\xb7\x01\0\0\x6e\
\x73\x65\x74\x63\x1a\xe0\xff\0\0\0\0\x18\x01\0\0\x61\x63\x74\x69\0\0\0\0\x6f\
\x6e\x20\x75\x7b\x1a\xd8\xff\0\0\0\0\x18\x01\0\0\x46\x6f\x72\x77\0\0\0\0\x61\
\x72\x64\x20\x7b\x1a\xd0\xff\0\0\0\0\xbf\xa1\0\0\0\0\0\0\x07\x01\0\0\xd0\xff\
\xff\xff\xb7\x02\0\0\x15\0\0\0\x85\0\0\0\x06\0\0\0\xb7\x08\0\0\x02\0\0\0\x05\0\
\x86\xff\0\0\0\0\xb7\x01\0\0\0\0\0\0\x73\x1a\xf8\xff\0\0\0\0\x18\x01\0\0\x45\
\x5f\x41\x43\0\0\0\0\x43\x45\x53\x53\x7b\x1a\xf0\xff\0\0\0\0\x18\x01\0\0\x41\
\x43\x45\x5f\0\0\0\0\x56\x41\x4c\x55\x7b\x1a\xe8\xff\0\0\0\0\x18\x01\0\0\x6f\
\x20\x49\x4e\0\0\0\0\x54\x45\x52\x46\x7b\x1a\xe0\xff\0\0\0\0\x18\x01\0\0\x69\
\x6f\x6e\x20\0\0\0\0\x69\x73\x20\x74\x7b\x1a\xd8\xff\0\0\0\0\x18\x01\0\0\x44\
\x65\x73\x74\0\0\0\0\x69\x6e\x61\x74\x7b\x1a\xd0\xff\0\0\0\0\xbf\xa1\0\0\0\0\0\
\0\x07\x01\0\0\xd0\xff\xff\xff\xb7\x02\0\0\x29\0\0\0\xbf\x36\0\0\0\0\0\0\x85\0\
\0\0\x06\0\0\0\xbf\x63\0\0\0\0\0\0\x15\x03\x66\0\0\x02\0\0\x55\x03\x78\0\0\x01\
\0\0\xb7\x01\0\0\x50\x56\x34\0\x63\x1a\xf0\xff\0\0\0\0\x18\x01\0\0\x50\x55\x5f\
\x55\0\0\0\0\x44\x50\x5f\x49\x7b\x1a\xe8\xff\0\0\0\0\x18\x01\0\0\x41\x54\x49\
\x4f\0\0\0\0\x4e\x5f\x47\x54\x7b\x1a\xe0\xff\0\0\0\0\x18\x01\0\0\x41\x44\x45\
\x52\0\0\0\0\x5f\x43\x52\x45\x7b\x1a\xd8\xff\0\0\0\0\x18\x01\0\0\x4f\x55\x54\
\x45\0\0\0\0\x52\x5f\x48\x45\x7b\x1a\xd0\xff\0\0\0\0\xbf\xa1\0\0\0\0\0\0\x07\
\x01\0\0\xd0\xff\xff\xff\xb7\x02\0\0\x24\0\0\0\x85\0\0\0\x06\0\0\0\xb7\x01\0\0\
\x34\0\0\0\x6b\x1a\xec\xff\0\0\0\0\xb7\x01\0\0\x5f\x69\x70\x76\x63\x1a\xe8\xff\
\0\0\0\0\x18\x01\0\0\x64\x65\x72\x5f\0\0\0\0\x67\x74\x70\x75\x7b\x1a\xe0\xff\0\
\0\0\0\x18\x01\0\0\x75\x74\x65\x72\0\0\0\0\x5f\x68\x65\x61\x7b\x1a\xd8\xff\0\0\
\0\0\x18\x01\0\0\x63\x72\x65\x61\0\0\0\0\x74\x65\x5f\x6f\x7b\x1a\xd0\xff\0\0\0\
\0\xbf\xa1\0\0\0\0\0\0\x07\x01\0\0\xd0\xff\xff\xff\xb7\x02\0\0\x1e\0\0\0\x85\0\
\0\0\x06\0\0\0\x79\xa6\xc0\xff\0\0\0\0\xbf\x61\0\0\0\0\0\0\x18\x02\0\0\xdc\xff\
\xff\xff\0\0\0\0\0\0\0\0\x85\0\0\0\x2c\0\0\0\x61\x63\x04\0\0\0\0\0\x61\x68\0\0\
\0\0\0\0\xbf\x89\0\0\0\0\0\0\x07\x09\0\0\x0e\0\0\0\x3d\x93\x63\0\0\0\0\0\x18\
\x01\0\0\x70\x6f\x69\x6e\0\0\0\0\x74\x65\x72\0\x7b\x1a\xd8\xff\0\0\0\0\x18\x01\
\0\0\x49\x6e\x76\x61\0\0\0\0\x6c\x69\x64\x20\x7b\x1a\xd0\xff\0\0\0\0\xbf\xa1\0\
\0\0\0\0\0\x07\x01\0\0\xd0\xff\xff\xff\xb7\x02\0\0\x10\0\0\0\x85\0\0\0\x06\0\0\
\0\x18\x01\0\0\0\0\0\0\0\0\0\0\0\0\0\0\xb7\x02\0\0\0\0\0\0\xb7\x03\0\0\0\0\0\0\
\x85\0\0\0\x33\0\0\0\xbf\x08\0\0\0\0\0\0\x05\0\x2f\xff\0\0\0\0\x18\x01\0\0\x50\
\x5f\x49\x50\0\0\0\0\x56\x36\x0a\0\x7b\x1a\xe8\xff\0\0\0\0\x18\x01\0\0\x41\x54\
\x49\x4f\0\0\0\0\x4e\x5f\x55\x44\x7b\x1a\xe0\xff\0\0\0\0\x18\x01\0\0\x41\x44\
\x45\x52\0\0\0\0\x5f\x43\x52\x45\x7b\x1a\xd8\xff\0\0\0\0\x18\x01\0\0\x4f\x55\
\x54\x45\0\0\0\0\x52\x5f\x48\x45\x7b\x1a\xd0\xff\0\0\0\0\xbf\xa1\0\0\0\0\0\0\
\x07\x01\0\0\xd0\xff\xff\xff\xb7\x02\0\0\x20\0\0\0\x85\0\0\0\x06\0\0\0\x05\0\
\x1e\xff\0\0\0\0\xb7\x01\0\0\x20\x25\x64\0\x63\x1a\xf8\xff\0\0\0\0\x18\x01\0\0\
\x20\x6f\x70\x74\0\0\0\0\x69\x6f\x6e\x3a\x7b\x1a\xf0\xff\0\0\0\0\x18\x01\0\0\
\x20\x49\x6e\x76\0\0\0\0\x61\x6c\x69\x64\x7b\x1a\xe8\xff\0\0\0\0\x18\x01\0\0\
\x6f\x20\x43\x4f\0\0\0\0\x52\x45\x20\x2d\x7b\x1a\xe0\xff\0\0\0\0\x18\x01\0\0\
\x6e\x61\x74\x69\0\0\0\0\x6f\x6e\x20\x74\x7b\x1a\xd8\xff\0\0\0\0\x18\x01\0\0\
\x49\x6e\x20\x64\0\0\0\0\x65\x73\x74\x69\x7b\x1a\xd0\xff\0\0\0\0\xbf\xa1\0\0\0\
\0\0\0\x07\x01\0\0\xd0\xff\xff\xff\xb7\x02\0\0\x2c\0\0\0\x85\0\0\0\x06\0\0\0\
\x05\0\x08\xff\0\0\0\0\xb7\x01\0\0\x50\x56\x36\0\x63\x1a\xf0\xff\0\0\0\0\x18\
\x01\0\0\x50\x55\x5f\x55\0\0\0\0\x44\x50\x5f\x49\x7b\x1a\xe8\xff\0\0\0\0\x18\
\x01\0\0\x41\x54\x49\x4f\0\0\0\0\x4e\x5f\x47\x54\x7b\x1a\xe0\xff\0\0\0\0\x18\
\x01\0\0\x41\x44\x45\x52\0\0\0\0\x5f\x43\x52\x45\x7b\x1a\xd8\xff\0\0\0\0\x18\
\x01\0\0\x4f\x55\x54\x45\0\0\0\0\x52\x5f\x48\x45\x7b\x1a\xd0\xff\0\0\0\0\xbf\
\xa1\0\0\0\0\0\0\x07\x01\0\0\xd0\xff\xff\xff\xb7\x02\0\0\x24\0\0\0\x85\0\0\0\
\x06\0\0\0\x05\0\xf5\xfe\0\0\0\0\xb7\x01\0\0\x64\0\0\0\x6b\x1a\xfc\xff\0\0\0\0\
\xb7\x01\0\0\x6e\x3a\x20\x25\x63\x1a\xf8\xff\0\0\0\0\x18\x01\0\0\x69\x64\x20\
\x6f\0\0\0\0\x70\x74\x69\x6f\x7b\x1a\xf0\xff\0\0\0\0\x18\x01\0\0\x20\x2d\x20\
\x49\0\0\0\0\x6e\x76\x61\x6c\x7b\x1a\xe8\xff\0\0\0\0\x18\x01\0\0\x6f\x20\x41\
\x43\0\0\0\0\x43\x45\x53\x53\x7b\x1a\xe0\xff\0\0\0\0\x18\x01\0\0\x6e\x61\x74\
\x69\0\0\0\0\x6f\x6e\x20\x74\x7b\x1a\xd8\xff\0\0\0\0\x18\x01\0\0\x49\x6e\x20\
\x64\0\0\0\0\x65\x73\x74\x69\x7b\x1a\xd0\xff\0\0\0\0\xbf\xa1\0\0\0\0\0\0\x07\
\x01\0\0\xd0\xff\xff\xff\xb7\x02\0\0\x2e\0\0\0\x85\0\0\0\x06\0\0\0\x05\0\xdd\
\xfe\0\0\0\0\xbf\x81\0\0\0\0\0\0\x07\x01\0\0\x32\0\0\0\x2d\x31\xa4\xff\0\0\0\0\
\x71\x81\x31\0\0\0\0\0\x73\x18\x0d\0\0\0\0\0\x71\x81\x30\0\0\0\0\0\x73\x18\x0c\
\0\0\0\0\0\x71\x81\x2f\0\0\0\0\0\x73\x18\x0b\0\0\0\0\0\x71\x81\x2e\0\0\0\0\0\
\x73\x18\x0a\0\0\0\0\0\x71\x81\x2d\0\0\0\0\0\x73\x18\x09\0\0\0\0\0\x71\x81\x2c\
\0\0\0\0\0\x73\x18\x08\0\0\0\0\0\x71\x81\x2b\0\0\0\0\0\x73\x18\x07\0\0\0\0\0\
\x71\x81\x2a\0\0\0\0\0\x73\x18\x06\0\0\0\0\0\x71\x81\x29\0\0\0\0\0\x73\x18\x05\
\0\0\0\0\0\x71\x81\x28\0\0\0\0\0\x73\x18\x04\0\0\0\0\0\x71\x81\x27\0\0\0\0\0\
\x73\x18\x03\0\0\0\0\0\x71\x81\x26\0\0\0\0\0\x73\x18\x02\0\0\0\0\0\x71\x81\x25\
\0\0\0\0\0\x73\x18\x01\0\0\0\0\0\x71\x81\x24\0\0\0\0\0\x73\x18\0\0\0\0\0\0\xbf\
\x81\0\0\0\0\0\0\x07\x01\0\0\x22\0\0\0\x2d\x31\x85\xff\0\0\0\0\xbf\x81\0\0\0\0\
\0\0\x07\x01\0\0\x46\0\0\0\x2d\x31\x82\xff\0\0\0\0\xb7\x01\0\0\x45\0\0\0\x6b\
\x18\x0e\0\0\0\0\0\xb7\x01\0\0\x0a\x01\x03\x1e\x63\x18\x1a\0\0\0\0\0\xb7\x01\0\
\0\x40\x11\0\0\x63\x18\x16\0\0\0\0\0\xb7\x01\0\0\0\0\x40\0\x63\x18\x12\0\0\0\0\
\0\x69\x81\x34\0\0\0\0\0\xdc\x01\0\0\x10\0\0\0\xbf\x12\0\0\0\0\0\0\x07\x02\0\0\
\x24\0\0\0\xdc\x02\0\0\x10\0\0\0\x6b\x28\x10\0\0\0\0\0\x61\x72\x2c\0\0\0\0\0\
\x63\x28\x1e\0\0\0\0\0\xbf\x82\0\0\0\0\0\0\x07\x02\0\0\x2a\0\0\0\x2d\x32\x6f\
\xff\0\0\0\0\x7b\x3a\xb0\xff\0\0\0\0\xbf\x82\0\0\0\0\0\0\x07\x02\0\0\x1e\0\0\0\
\x7b\x2a\xb8\xff\0\0\0\0\xb7\x02\0\0\x08\x68\0\0\x6b\x28\x22\0\0\0\0\0\x69\x72\
\x40\0\0\0\0\0\xb7\x03\0\0\0\0\0\0\x6b\x38\x28\0\0\0\0\0\x07\x01\0\0\x10\0\0\0\
\xdc\x01\0\0\x10\0\0\0\x6b\x18\x26\0\0\0\0\0\xdc\x02\0\0\x10\0\0\0\x6b\x28\x24\
\0\0\0\0\0\xb7\x01\0\0\x0a\0\0\0\x6b\x1a\xe8\xff\0\0\0\0\x18\x01\0\0\x25\x78\
\x3a\x25\0\0\0\0\x78\x3a\x25\x78\x7b\x1a\xe0\xff\0\0\0\0\x18\x01\0\0\x69\x6f\
\x6e\x20\0\0\0\0\x4d\x41\x43\x3a\x7b\x1a\xd8\xff\0\0\0\0\x18\x06\0\0\x44\x65\
\x73\x74\0\0\0\0\x69\x6e\x61\x74\x7b\x6a\xd0\xff\0\0\0\0\x71\x85\x02\0\0\0\0\0\
\x71\x84\x01\0\0\0\0\0\x71\x83\0\0\0\0\0\0\xbf\xa1\0\0\0\0\0\0\x07\x01\0\0\xd0\
\xff\xff\xff\xb7\x02\0\0\x1a\0\0\0\x85\0\0\0\x06\0\0\0\xb7\x01\0\0\x0a\0\0\0\
\x6b\x1a\xe8\xff\0\0\0\0\x18\x01\0\0\x25\x78\x3a\x25\0\0\0\0\x78\x3a\x25\x78\
\x7b\x1a\xe0\xff\0\0\0\0\x18\x01\0\0\x69\x6f\x6e\x20\0\0\0\0\x4d\x41\x43\x3a\
\x7b\x1a\xd8\xff\0\0\0\0\x7b\x6a\xd0\xff\0\0\0\0\x71\x85\x05\0\0\0\0\0\x71\x84\
\x04\0\0\0\0\0\x71\x83\x03\0\0\0\0\0\xbf\xa1\0\0\0\0\0\0\x07\x01\0\0\xd0\xff\
\xff\xff\xb7\x02\0\0\x1a\0\0\0\x85\0\0\0\x06\0\0\0\x18\x01\0\0\0\0\0\0\0\0\0\0\
\0\0\0\0\x79\xa2\xb8\xff\0\0\0\0\x85\0\0\0\x01\0\0\0\x55\0\x1f\0\0\0\0\0\xb7\
\x01\0\0\0\0\0\0\x73\x1a\xe0\xff\0\0\0\0\x18\x01\0\0\x66\x6f\x75\x6e\0\0\0\0\
\x64\x21\x21\x0a\x7b\x1a\xd8\xff\0\0\0\0\x18\x01\0\0\x6d\x61\x63\x20\0\0\0\0\
\x6e\x6f\x74\x20\x7b\x1a\xd0\xff\0\0\0\0\xbf\xa1\0\0\0\0\0\0\x07\x01\0\0\xd0\
\xff\xff\xff\xb7\x02\0\0\x11\0\0\0\x05\0\x2d\xff\0\0\0\0\x71\x01\x05\0\0\0\0\0\
\x73\x17\x05\0\0\0\0\0\x71\x01\x04\0\0\0\0\0\x73\x17\x04\0\0\0\0\0\x71\x01\x03\
\0\0\0\0\0\x73\x17\x03\0\0\0\0\0\x71\x01\x02\0\0\0\0\0\x73\x17\x02\0\0\0\0\0\
\x71\x01\x01\0\0\0\0\0\x73\x17\x01\0\0\0\0\0\x71\x01\0\0\0\0\0\0\x73\x17\0\0\0\
\0\0\0\x79\xa1\xc0\xff\0\0\0\0\xb7\x02\0\0\x24\0\0\0\x85\0\0\0\x2c\0\0\0\x18\
\x01\0\0\0\0\0\0\0\0\0\0\0\0\0\0\xb7\x02\0\0\x01\0\0\0\x05\0\x1e\xff\0\0\0\0\
\x71\x01\x05\0\0\0\0\0\x73\x18\x05\0\0\0\0\0\x71\x01\x04\0\0\0\0\0\x73\x18\x04\
\0\0\0\0\0\x71\x01\x03\0\0\0\0\0\x73\x18\x03\0\0\0\0\0\x71\x01\x02\0\0\0\0\0\
\x73\x18\x02\0\0\0\0\0\x71\x01\x01\0\0\0\0\0\x73\x18\x01\0\0\0\0\0\x71\x01\0\0\
\0\0\0\0\x73\x18\0\0\0\0\0\0\xb7\x06\0\0\x0a\0\0\0\x6b\x6a\xe8\xff\0\0\0\0\x18\
\x01\0\0\x25\x78\x3a\x25\0\0\0\0\x78\x3a\x25\x78\x7b\x1a\xe0\xff\0\0\0\0\x18\
\x01\0\0\x69\x6f\x6e\x20\0\0\0\0\x4d\x41\x43\x3a\x7b\x1a\xd8\xff\0\0\0\0\x18\
\x01\0\0\x44\x65\x73\x74\0\0\0\0\x69\x6e\x61\x74\x7b\x1a\xd0\xff\0\0\0\0\x71\
\x85\x02\0\0\0\0\0\x71\x84\x01\0\0\0\0\0\x71\x83\0\0\0\0\0\0\xbf\xa1\0\0\0\0\0\
\0\x07\x01\0\0\xd0\xff\xff\xff\xb7\x02\0\0\x1a\0\0\0\x85\0\0\0\x06\0\0\0\x6b\
\x6a\xe8\xff\0\0\0\0\x18\x01\0\0\x25\x78\x3a\x25\0\0\0\0\x78\x3a\x25\x78\x7b\
\x1a\xe0\xff\0\0\0\0\x18\x01\0\0\x69\x6f\x6e\x20\0\0\0\0\x4d\x41\x43\x3a\x7b\
\x1a\xd8\xff\0\0\0\0\x18\x01\0\0\x44\x65\x73\x74\0\0\0\0\x69\x6e\x61\x74\x7b\
\x1a\xd0\xff\0\0\0\0\x18\x06\0\0\x44\x65\x73\x74\0\0\0\0\x69\x6e\x61\x74\x71\
\x85\x05\0\0\0\0\0\x71\x84\x04\0\0\0\0\0\x71\x83\x03\0\0\0\0\0\xbf\xa1\0\0\0\0\
\0\0\x07\x01\0\0\xd0\xff\xff\xff\xb7\x02\0\0\x1a\0\0\0\x85\0\0\0\x06\0\0\0\xb7\
\x01\0\0\0\0\0\0\x73\x1a\xea\xff\0\0\0\0\xb7\x01\0\0\x64\x0a\0\0\x6b\x1a\xe8\
\xff\0\0\0\0\x18\x01\0\0\x64\x20\x50\x6f\0\0\0\0\x72\x74\x3a\x25\x7b\x1a\xe0\
\xff\0\0\0\0\x18\x01\0\0\x69\x6f\x6e\x20\0\0\0\0\x49\x50\x3a\x25\x7b\x1a\xd8\
\xff\0\0\0\0\x7b\x6a\xd0\xff\0\0\0\0\x69\x74\x40\0\0\0\0\0\x61\x83\x1e\0\0\0\0\
\0\xbf\xa1\0\0\0\0\0\0\x07\x01\0\0\xd0\xff\xff\xff\xb7\x02\0\0\x1b\0\0\0\x85\0\
\0\0\x06\0\0\0\xbf\x81\0\0\0\0\0\0\x07\x01\0\0\x32\0\0\0\x79\xa2\xb0\xff\0\0\0\
\0\x2d\x21\xd5\xfe\0\0\0\0\xb7\x01\0\0\xff\0\0\0\x73\x18\x2b\0\0\0\0\0\xb7\x01\
\0\0\x30\0\0\0\x73\x18\x2a\0\0\0\0\0\x69\x81\x34\0\0\0\0\0\x73\x18\x2c\0\0\0\0\
\0\x77\x01\0\0\x08\0\0\0\x73\x18\x2d\0\0\0\0\0\x61\x71\x28\0\0\0\0\0\xbf\x12\0\
\0\0\0\0\0\x77\x02\0\0\x10\0\0\0\x73\x28\x30\0\0\0\0\0\xbf\x12\0\0\0\0\0\0\x77\
\x02\0\0\x18\0\0\0\x73\x28\x31\0\0\0\0\0\x73\x18\x2e\0\0\0\0\0\x77\x01\0\0\x08\
\0\0\0\x73\x18\x2f\0\0\0\0\0\xb7\x01\0\0\0\0\0\0\xb7\x02\0\0\0\0\0\0\xbf\x93\0\
\0\0\0\0\0\xb7\x04\0\0\x14\0\0\0\xb7\x05\0\0\0\0\0\0\x85\0\0\0\x1c\0\0\0\x79\
\xa1\xc0\xff\0\0\0\0\x61\x12\x04\0\0\0\0\0\x61\x11\0\0\0\0\0\0\xbf\x13\0\0\0\0\
\0\0\x07\x03\0\0\x1a\0\0\0\x2d\x23\x1a\0\0\0\0\0\x67\0\0\0\x20\0\0\0\x77\0\0\0\
\x20\0\0\0\x69\x12\x18\0\0\0\0\0\xa7\x02\0\0\xff\xff\xff\xff\x67\x02\0\0\x20\0\
\0\0\x77\x02\0\0\x20\0\0\0\x0f\x02\0\0\0\0\0\0\xbf\x24\0\0\0\0\0\0\x67\x04\0\0\
\x20\0\0\0\x77\x04\0\0\x20\0\0\0\xb7\x03\0\0\x01\0\0\0\x5d\x24\x01\0\0\0\0\0\
\xb7\x03\0\0\0\0\0\0\x0f\x32\0\0\0\0\0\0\x18\x03\0\0\0\0\xff\xff\0\0\0\0\0\0\0\
\0\xbf\x24\0\0\0\0\0\0\x5f\x34\0\0\0\0\0\0\x57\x02\0\0\xff\xff\0\0\x77\x04\0\0\
\x10\0\0\0\x0f\x42\0\0\0\0\0\0\xbf\x23\0\0\0\0\0\0\x77\x03\0\0\x10\0\0\0\x0f\
\x23\0\0\0\0\0\0\xa7\x03\0\0\xff\xff\xff\xff\x6b\x31\x18\0\0\0\0\0\xb7\x01\0\0\
\0\0\0\0\x73\x1a\xe8\xff\0\0\0\0\x18\x01\0\0\x20\x70\x75\x73\0\0\0\0\x68\x65\
\x64\x21\x7b\x1a\xe0\xff\0\0\0\0\x18\x01\0\0\x64\x65\x72\x20\0\0\0\0\x77\x65\
\x72\x65\x7b\x1a\xd8\xff\0\0\0\0\x18\x01\0\0\x47\x54\x50\x55\0\0\0\0\x20\x68\
\x65\x61\x7b\x1a\xd0\xff\0\0\0\0\xbf\xa1\0\0\0\0\0\0\x07\x01\0\0\xd0\xff\xff\
\xff\xb7\x02\0\0\x19\0\0\0\x05\0\x8d\xfe\0\0\0\0\x06\0\0\0\x04\0\0\0\x10\0\0\0\
\x05\0\0\0\0\0\0\0\x01\0\0\0\x01\0\0\0\x24\x02\0\0\x01\0\0\0\0\0\0\0\x0e\0\0\0\
\x04\0\0\0\x04\0\0\0\x0a\0\0\0\0\0\0\0\x01\0\0\0\x04\0\0\0\x06\0\0\0\x02\0\0\0\
\0\0\0\0\x52\x65\x64\x69\x72\x65\x63\x74\x69\x6e\x67\x20\x70\x61\x63\x6b\x65\
\x74\x73\0\x58\x44\x50\x20\x46\x41\x52\x20\x43\x4f\x4e\x54\x45\x58\x54\x0a\0\
\x49\x6e\x76\x61\x6c\x69\x64\x20\x46\x41\x52\x21\0\x44\x65\x73\x74\x69\x6e\x61\
\x74\x69\x6f\x6e\x20\x69\x73\x20\x74\x6f\x20\x49\x4e\x54\x45\x52\x46\x41\x43\
\x45\x5f\x56\x41\x4c\x55\x45\x5f\x43\x4f\x52\x45\x0a\0\x4f\x55\x54\x45\x52\x5f\
\x48\x45\x41\x44\x45\x52\x5f\x43\x52\x45\x41\x54\x49\x4f\x4e\x5f\x55\x44\x50\
\x5f\x49\x50\x56\x34\x0a\0\x4f\x55\x54\x45\x52\x5f\x48\x45\x41\x44\x45\x52\x5f\
\x43\x52\x45\x41\x54\x49\x4f\x4e\x5f\x55\x44\x50\x5f\x49\x50\x56\x36\x0a\0\x49\
\x6e\x20\x64\x65\x73\x74\x69\x6e\x61\x74\x69\x6f\x6e\x20\x74\x6f\x20\x43\x4f\
\x52\x45\x20\x2d\x20\x49\x6e\x76\x61\x6c\x69\x64\x20\x6f\x70\x74\x69\x6f\x6e\
\x3a\x20\x25\x64\0\x44\x65\x73\x74\x69\x6e\x61\x74\x69\x6f\x6e\x20\x69\x73\x20\
\x74\x6f\x20\x49\x4e\x54\x45\x52\x46\x41\x43\x45\x5f\x56\x41\x4c\x55\x45\x5f\
\x41\x43\x43\x45\x53\x53\0\x4f\x55\x54\x45\x52\x5f\x48\x45\x41\x44\x45\x52\x5f\
\x43\x52\x45\x41\x54\x49\x4f\x4e\x5f\x47\x54\x50\x55\x5f\x55\x44\x50\x5f\x49\
\x50\x56\x34\0\x4f\x55\x54\x45\x52\x5f\x48\x45\x41\x44\x45\x52\x5f\x43\x52\x45\
\x41\x54\x49\x4f\x4e\x5f\x47\x54\x50\x55\x5f\x55\x44\x50\x5f\x49\x50\x56\x36\0\
\x49\x6e\x20\x64\x65\x73\x74\x69\x6e\x61\x74\x69\x6f\x6e\x20\x74\x6f\x20\x41\
\x43\x43\x45\x53\x53\x20\x2d\x20\x49\x6e\x76\x61\x6c\x69\x64\x20\x6f\x70\x74\
\x69\x6f\x6e\x3a\x20\x25\x64\0\x46\x6f\x72\x77\x61\x72\x64\x20\x61\x63\x74\x69\
\x6f\x6e\x20\x75\x6e\x73\x65\x74\0\x63\x72\x65\x61\x74\x65\x5f\x6f\x75\x74\x65\
\x72\x5f\x68\x65\x61\x64\x65\x72\x5f\x67\x74\x70\x75\x5f\x69\x70\x76\x34\0\x49\
\x6e\x76\x61\x6c\x69\x64\x20\x70\x6f\x69\x6e\x74\x65\x72\0\x6d\x61\x63\x20\x6e\
\x6f\x74\x20\x66\x6f\x75\x6e\x64\x21\x21\x0a\0\x44\x65\x73\x74\x69\x6e\x61\x74\
\x69\x6f\x6e\x20\x4d\x41\x43\x3a\x25\x78\x3a\x25\x78\x3a\x25\x78\x0a\0\x44\x65\
\x73\x74\x69\x6e\x61\x74\x69\x6f\x6e\x20\x49\x50\x3a\x25\x64\x20\x50\x6f\x72\
\x74\x3a\x25\x64\x0a\0\x47\x54\x50\x55\x20\x68\x65\x61\x64\x65\x72\x20\x77\x65\
\x72\x65\x20\x70\x75\x73\x68\x65\x64\x21\0\x47\x50\x4c\0\x63\x6c\x61\x6e\x67\
\x20\x76\x65\x72\x73\x69\x6f\x6e\x20\x31\x30\x2e\x30\x2e\x30\x2d\x34\x75\x62\
\x75\x6e\x74\x75\x31\x20\0\x2f\x68\x6f\x6d\x65\x2f\x72\x6f\x68\x61\x6e\x2f\x6f\
\x61\x69\x2d\x63\x6e\x35\x67\x2d\x75\x70\x66\x2d\x65\x62\x70\x66\x2f\x73\x72\
\x63\x2f\x75\x70\x66\x5f\x61\x70\x70\x2f\x62\x70\x66\x2f\x66\x61\x72\x5f\x62\
\x70\x66\x2e\x63\0\x2f\x68\x6f\x6d\x65\x2f\x72\x6f\x68\x61\x6e\x2f\x6f\x61\x69\
\x2d\x63\x6e\x35\x67\x2d\x75\x70\x66\x2d\x65\x62\x70\x66\x2f\x62\x75\x69\x6c\
\x64\x2f\x75\x70\x66\x2f\x62\x75\x69\x6c\x64\x2f\x75\x70\x66\x5f\x61\x70\x70\
\x2f\x62\x70\x66\0\x6d\x63\x5f\x73\x74\x61\x74\x73\0\x74\x79\x70\x65\0\x75\x6e\
\x73\x69\x67\x6e\x65\x64\x20\x69\x6e\x74\0\x6b\x65\x79\x5f\x73\x69\x7a\x65\0\
\x76\x61\x6c\x75\x65\x5f\x73\x69\x7a\x65\0\x6d\x61\x78\x5f\x65\x6e\x74\x72\x69\
\x65\x73\0\x6d\x61\x70\x5f\x66\x6c\x61\x67\x73\0\x62\x70\x66\x5f\x6d\x61\x70\
\x5f\x64\x65\x66\0\x6d\x5f\x66\x61\x72\0\x6d\x5f\x72\x65\x64\x69\x72\x65\x63\
\x74\x5f\x69\x6e\x74\x65\x72\x66\x61\x63\x65\x73\0\x6d\x5f\x61\x72\x70\x5f\x74\
\x61\x62\x6c\x65\0\x5f\x6c\x69\x63\x65\x6e\x73\x65\0\x63\x68\x61\x72\0\x5f\x5f\
\x41\x52\x52\x41\x59\x5f\x53\x49\x5a\x45\x5f\x54\x59\x50\x45\x5f\x5f\0\x62\x70\
\x66\x5f\x74\x72\x61\x63\x65\x5f\x70\x72\x69\x6e\x74\x6b\0\x6c\x6f\x6e\x67\x20\
\x69\x6e\x74\0\x5f\x5f\x75\x33\x32\0\x62\x70\x66\x5f\x6d\x61\x70\x5f\x6c\x6f\
\x6f\x6b\x75\x70\x5f\x65\x6c\x65\x6d\0\x62\x70\x66\x5f\x78\x64\x70\x5f\x61\x64\
\x6a\x75\x73\x74\x5f\x68\x65\x61\x64\0\x64\x61\x74\x61\0\x64\x61\x74\x61\x5f\
\x65\x6e\x64\0\x64\x61\x74\x61\x5f\x6d\x65\x74\x61\0\x69\x6e\x67\x72\x65\x73\
\x73\x5f\x69\x66\x69\x6e\x64\x65\x78\0\x72\x78\x5f\x71\x75\x65\x75\x65\x5f\x69\
\x6e\x64\x65\x78\0\x65\x67\x72\x65\x73\x73\x5f\x69\x66\x69\x6e\x64\x65\x78\0\
\x78\x64\x70\x5f\x6d\x64\0\x69\x6e\x74\0\x62\x70\x66\x5f\x72\x65\x64\x69\x72\
\x65\x63\x74\x5f\x6d\x61\x70\0\x6c\x6f\x6e\x67\x20\x6c\x6f\x6e\x67\x20\x75\x6e\
\x73\x69\x67\x6e\x65\x64\x20\x69\x6e\x74\0\x5f\x5f\x75\x36\x34\0\x62\x70\x66\
\x5f\x63\x73\x75\x6d\x5f\x64\x69\x66\x66\0\x6c\x6f\x6e\x67\x20\x6c\x6f\x6e\x67\
\x20\x69\x6e\x74\0\x5f\x5f\x73\x36\x34\0\x5f\x5f\x62\x65\x33\x32\0\x5f\x5f\x77\
\x73\x75\x6d\0\x58\x44\x50\x5f\x41\x42\x4f\x52\x54\x45\x44\0\x58\x44\x50\x5f\
\x44\x52\x4f\x50\0\x58\x44\x50\x5f\x50\x41\x53\x53\0\x58\x44\x50\x5f\x54\x58\0\
\x58\x44\x50\x5f\x52\x45\x44\x49\x52\x45\x43\x54\0\x78\x64\x70\x5f\x61\x63\x74\
\x69\x6f\x6e\0\x49\x4e\x54\x45\x52\x46\x41\x43\x45\x5f\x56\x41\x4c\x55\x45\x5f\
\x41\x43\x43\x45\x53\x53\0\x49\x4e\x54\x45\x52\x46\x41\x43\x45\x5f\x56\x41\x4c\
\x55\x45\x5f\x43\x4f\x52\x45\0\x49\x4e\x54\x45\x52\x46\x41\x43\x45\x5f\x56\x41\
\x4c\x55\x45\x5f\x53\x47\x49\x5f\x4c\x41\x4e\x5f\x4e\x36\x5f\x4c\x41\x4e\0\x49\
\x4e\x54\x45\x52\x46\x41\x43\x45\x5f\x56\x41\x4c\x55\x45\x5f\x43\x50\x5f\x46\
\x55\x4e\x43\x54\x49\x4f\x4e\0\x49\x4e\x54\x45\x52\x46\x41\x43\x45\x5f\x56\x41\
\x4c\x55\x45\x5f\x4c\x49\x5f\x46\x55\x4e\x43\x54\x49\x4f\x4e\0\x64\x65\x73\x74\
\x69\x6e\x61\x74\x69\x6f\x6e\x5f\x69\x6e\x74\x65\x72\x66\x61\x63\x65\x5f\x76\
\x61\x6c\x75\x65\x5f\x65\0\x44\x4f\x57\x4e\x4c\x49\x4e\x4b\0\x55\x50\x4c\x49\
\x4e\x4b\0\x46\x6c\x6f\x77\x44\x69\x72\x65\x63\x74\x69\x6f\x6e\0\x49\x50\x50\
\x52\x4f\x54\x4f\x5f\x49\x50\0\x49\x50\x50\x52\x4f\x54\x4f\x5f\x49\x43\x4d\x50\
\0\x49\x50\x50\x52\x4f\x54\x4f\x5f\x49\x47\x4d\x50\0\x49\x50\x50\x52\x4f\x54\
\x4f\x5f\x49\x50\x49\x50\0\x49\x50\x50\x52\x4f\x54\x4f\x5f\x54\x43\x50\0\x49\
\x50\x50\x52\x4f\x54\x4f\x5f\x45\x47\x50\0\x49\x50\x50\x52\x4f\x54\x4f\x5f\x50\
\x55\x50\0\x49\x50\x50\x52\x4f\x54\x4f\x5f\x55\x44\x50\0\x49\x50\x50\x52\x4f\
\x54\x4f\x5f\x49\x44\x50\0\x49\x50\x50\x52\x4f\x54\x4f\x5f\x54\x50\0\x49\x50\
\x50\x52\x4f\x54\x4f\x5f\x44\x43\x43\x50\0\x49\x50\x50\x52\x4f\x54\x4f\x5f\x49\
\x50\x56\x36\0\x49\x50\x50\x52\x4f\x54\x4f\x5f\x52\x53\x56\x50\0\x49\x50\x50\
\x52\x4f\x54\x4f\x5f\x47\x52\x45\0\x49\x50\x50\x52\x4f\x54\x4f\x5f\x45\x53\x50\
\0\x49\x50\x50\x52\x4f\x54\x4f\x5f\x41\x48\0\x49\x50\x50\x52\x4f\x54\x4f\x5f\
\x4d\x54\x50\0\x49\x50\x50\x52\x4f\x54\x4f\x5f\x42\x45\x45\x54\x50\x48\0\x49\
\x50\x50\x52\x4f\x54\x4f\x5f\x45\x4e\x43\x41\x50\0\x49\x50\x50\x52\x4f\x54\x4f\
\x5f\x50\x49\x4d\0\x49\x50\x50\x52\x4f\x54\x4f\x5f\x43\x4f\x4d\x50\0\x49\x50\
\x50\x52\x4f\x54\x4f\x5f\x53\x43\x54\x50\0\x49\x50\x50\x52\x4f\x54\x4f\x5f\x55\
\x44\x50\x4c\x49\x54\x45\0\x49\x50\x50\x52\x4f\x54\x4f\x5f\x4d\x50\x4c\x53\0\
\x49\x50\x50\x52\x4f\x54\x4f\x5f\x52\x41\x57\0\x49\x50\x50\x52\x4f\x54\x4f\x5f\
\x4d\x41\x58\0\x42\x50\x46\x5f\x46\x5f\x48\x44\x52\x5f\x46\x49\x45\x4c\x44\x5f\
\x4d\x41\x53\x4b\0\x5f\x5f\x69\x6e\x74\x33\x32\x5f\x74\0\x69\x6e\x74\x33\x32\
\x5f\x74\0\x75\x6e\x73\x69\x67\x6e\x65\x64\x20\x73\x68\x6f\x72\x74\0\x5f\x5f\
\x75\x31\x36\0\x5f\x5f\x62\x65\x31\x36\0\x6c\x6f\x6e\x67\x20\x75\x6e\x73\x69\
\x67\x6e\x65\x64\x20\x69\x6e\x74\0\x69\x68\x6c\0\x75\x6e\x73\x69\x67\x6e\x65\
\x64\x20\x63\x68\x61\x72\0\x5f\x5f\x75\x38\0\x76\x65\x72\x73\x69\x6f\x6e\0\x74\
\x6f\x73\0\x74\x6f\x74\x5f\x6c\x65\x6e\0\x69\x64\0\x66\x72\x61\x67\x5f\x6f\x66\
\x66\0\x74\x74\x6c\0\x70\x72\x6f\x74\x6f\x63\x6f\x6c\0\x63\x68\x65\x63\x6b\0\
\x5f\x5f\x73\x75\x6d\x31\x36\0\x73\x61\x64\x64\x72\0\x64\x61\x64\x64\x72\0\x69\
\x70\x68\x64\x72\0\x75\x33\x32\0\x75\x31\x36\0\x70\x66\x63\x70\x5f\x66\x61\x72\
\x5f\x61\x70\x70\x6c\x79\0\x70\x5f\x63\x74\x78\0\x70\x5f\x66\x61\x72\0\x66\x61\
\x72\x5f\x69\x64\0\x62\x61\x73\x65\0\x6c\x65\x6e\x67\x74\x68\0\x69\x65\x5f\x62\
\x61\x73\x65\0\x69\x65\x5f\x62\x61\x73\x65\x5f\x74\x5f\0\x66\x61\x72\x5f\x69\
\x64\x5f\x73\0\x66\x61\x72\x5f\x69\x64\x5f\x74\x5f\0\x61\x70\x70\x6c\x79\x5f\
\x61\x63\x74\x69\x6f\x6e\0\x73\x70\x61\x72\x65\0\x75\x38\0\x64\x75\x70\x6c\0\
\x6e\x6f\x63\x70\0\x62\x75\x66\x66\0\x66\x6f\x72\x77\0\x64\x72\x6f\x70\0\x61\
\x70\x70\x6c\x79\x5f\x61\x63\x74\x69\x6f\x6e\x5f\x73\0\x61\x70\x70\x6c\x79\x5f\
\x61\x63\x74\x69\x6f\x6e\x5f\x74\x5f\0\x66\x6f\x72\x77\x61\x72\x64\x69\x6e\x67\
\x5f\x70\x61\x72\x61\x6d\x65\x74\x65\x72\x73\0\x64\x65\x73\x74\x69\x6e\x61\x74\
\x69\x6f\x6e\x5f\x69\x6e\x74\x65\x72\x66\x61\x63\x65\0\x69\x6e\x74\x65\x72\x66\
\x61\x63\x65\x5f\x76\x61\x6c\x75\x65\0\x64\x65\x73\x74\x69\x6e\x61\x74\x69\x6f\
\x6e\x5f\x69\x6e\x74\x65\x72\x66\x61\x63\x65\x5f\x73\0\x64\x65\x73\x74\x69\x6e\
\x61\x74\x69\x6f\x6e\x5f\x69\x6e\x74\x65\x72\x66\x61\x63\x65\x5f\x74\x5f\0\x72\
\x65\x64\x69\x72\x65\x63\x74\x5f\x69\x6e\x66\x6f\x72\x6d\x61\x74\x69\x6f\x6e\0\
\x72\x65\x64\x69\x72\x65\x63\x74\x5f\x61\x64\x64\x72\x65\x73\x73\x5f\x74\x79\
\x70\x65\0\x72\x65\x64\x69\x72\x65\x63\x74\x5f\x73\x65\x72\x76\x65\x72\x5f\x61\
\x64\x64\x72\x65\x73\x73\x5f\x6c\x65\x6e\x67\x74\x68\0\x72\x65\x64\x69\x72\x65\
\x63\x74\x5f\x69\x6e\x66\x6f\x72\x6d\x61\x74\x69\x6f\x6e\x5f\x73\0\x72\x65\x64\
\x69\x72\x65\x63\x74\x5f\x69\x6e\x66\x6f\x72\x6d\x61\x74\x69\x6f\x6e\x5f\x74\
\x5f\0\x6f\x75\x74\x65\x72\x5f\x68\x65\x61\x64\x65\x72\x5f\x63\x72\x65\x61\x74\
\x69\x6f\x6e\0\x6f\x75\x74\x65\x72\x5f\x68\x65\x61\x64\x65\x72\x5f\x63\x72\x65\
\x61\x74\x69\x6f\x6e\x5f\x64\x65\x73\x63\x72\x69\x70\x74\x69\x6f\x6e\0\x74\x65\
\x69\x64\0\x69\x70\x76\x34\x5f\x61\x64\x64\x72\x65\x73\x73\0\x73\x5f\x61\x64\
\x64\x72\0\x69\x6e\x5f\x61\x64\x64\x72\0\x69\x70\x76\x36\x5f\x61\x64\x64\x72\
\x65\x73\x73\0\x69\x6e\x36\x5f\x75\0\x75\x36\x5f\x61\x64\x64\x72\x38\0\x75\x36\
\x5f\x61\x64\x64\x72\x31\x36\0\x75\x36\x5f\x61\x64\x64\x72\x33\x32\0\x69\x6e\
\x36\x5f\x61\x64\x64\x72\0\x70\x6f\x72\x74\x5f\x6e\x75\x6d\x62\x65\x72\0\x6f\
\x75\x74\x65\x72\x5f\x68\x65\x61\x64\x65\x72\x5f\x63\x72\x65\x61\x74\x69\x6f\
\x6e\x5f\x73\0\x6f\x75\x74\x65\x72\x5f\x68\x65\x61\x64\x65\x72\x5f\x63\x72\x65\
\x61\x74\x69\x6f\x6e\x5f\x74\x5f\0\x74\x72\x61\x6e\x73\x70\x6f\x72\x74\x5f\x6c\
\x65\x76\x65\x6c\x5f\x6d\x61\x72\x6b\x69\x6e\x67\0\x73\x69\x67\x6e\x65\x64\x20\
\x63\x68\x61\x72\0\x5f\x5f\x73\x38\0\x73\x38\0\x74\x72\x61\x6e\x73\x70\x6f\x72\
\x74\x5f\x6c\x65\x76\x65\x6c\x5f\x6d\x61\x72\x6b\x69\x6e\x67\x5f\x73\0\x74\x72\
\x61\x6e\x73\x70\x6f\x72\x74\x5f\x6c\x65\x76\x65\x6c\x5f\x6d\x61\x72\x6b\x69\
\x6e\x67\x5f\x74\x5f\0\x66\x6f\x72\x77\x61\x72\x64\x69\x6e\x67\x5f\x70\x6f\x6c\
\x69\x63\x79\0\x66\x6f\x72\x77\x61\x72\x64\x69\x6e\x67\x5f\x70\x6f\x6c\x69\x63\
\x79\x5f\x69\x64\x65\x6e\x74\x69\x66\x69\x65\x72\x5f\x6c\x65\x6e\x67\x74\x68\0\
\x66\x6f\x72\x77\x61\x72\x64\x69\x6e\x67\x5f\x70\x6f\x6c\x69\x63\x79\x5f\x69\
\x64\x65\x6e\x74\x69\x66\x69\x65\x72\0\x66\x6f\x72\x77\x61\x72\x64\x69\x6e\x67\
\x5f\x70\x6f\x6c\x69\x63\x79\x5f\x73\0\x66\x6f\x72\x77\x61\x72\x64\x69\x6e\x67\
\x5f\x70\x6f\x6c\x69\x63\x79\x5f\x74\x5f\0\x68\x65\x61\x64\x65\x72\x5f\x65\x6e\
\x72\x69\x63\x68\x6d\x65\x6e\x74\0\x68\x65\x61\x64\x65\x72\x5f\x74\x79\x70\x65\
\0\x6c\x65\x6e\x67\x68\x74\x5f\x6f\x66\x5f\x68\x65\x61\x64\x65\x72\x5f\x66\x69\
\x65\x6c\x64\x5f\x6e\x61\x6d\x65\0\x68\x65\x61\x64\x65\x72\x5f\x66\x69\x65\x6c\
\x64\x5f\x6e\x61\x6d\x65\0\x6c\x65\x6e\x67\x68\x74\x5f\x6f\x66\x5f\x68\x65\x61\
\x64\x65\x72\x5f\x66\x69\x65\x6c\x64\x5f\x76\x61\x6c\x75\x65\0\x68\x65\x61\x64\
\x65\x72\x5f\x66\x69\x65\x6c\x64\x5f\x76\x61\x6c\x75\x65\0\x68\x65\x61\x64\x65\
\x72\x5f\x65\x6e\x72\x69\x63\x68\x6d\x65\x6e\x74\x5f\x73\0\x68\x65\x61\x64\x65\
\x72\x5f\x65\x6e\x72\x69\x63\x68\x6d\x65\x6e\x74\x5f\x74\x5f\0\x74\x72\x61\x66\
\x66\x69\x63\x5f\x65\x6e\x64\x70\x6f\x69\x6e\x74\x5f\x69\x64\0\x74\x72\x61\x66\
\x66\x69\x63\x5f\x65\x6e\x64\x70\x6f\x69\x6e\x74\x5f\x69\x64\x5f\x74\x5f\0\x70\
\x72\x6f\x78\x79\x69\x6e\x67\0\x69\x6e\x73\0\x61\x72\x70\0\x70\x72\x6f\x78\x79\
\x69\x6e\x67\x5f\x73\0\x70\x72\x6f\x78\x79\x69\x6e\x67\x5f\x74\x5f\0\x66\x6f\
\x72\x77\x61\x72\x64\x69\x6e\x67\x5f\x70\x61\x72\x61\x6d\x65\x74\x65\x72\x73\
\x5f\x73\0\x66\x6f\x72\x77\x61\x72\x64\x69\x6e\x67\x5f\x70\x61\x72\x61\x6d\x65\
\x74\x65\x72\x73\x5f\x74\x5f\0\x64\x75\x70\x6c\x69\x63\x61\x74\x69\x6e\x67\x5f\
\x70\x61\x72\x61\x6d\x65\x74\x65\x72\x73\0\x64\x75\x70\x6c\x69\x63\x61\x74\x69\
\x6e\x67\x5f\x70\x61\x72\x61\x6d\x65\x74\x65\x72\x73\x5f\x73\0\x64\x75\x70\x6c\
\x69\x63\x61\x74\x69\x6e\x67\x5f\x70\x61\x72\x61\x6d\x65\x74\x65\x72\x73\x5f\
\x74\x5f\0\x62\x61\x72\x5f\x69\x64\0\x62\x61\x72\x5f\x69\x64\x5f\x73\0\x62\x61\
\x72\x5f\x69\x64\x5f\x74\x5f\0\x70\x66\x63\x70\x5f\x66\x61\x72\x5f\x73\0\x70\
\x66\x63\x70\x5f\x66\x61\x72\x5f\x74\x5f\0\x70\x5f\x64\x61\x74\x61\0\x70\x5f\
\x65\x74\x68\0\x68\x5f\x64\x65\x73\x74\0\x68\x5f\x73\x6f\x75\x72\x63\x65\0\x68\
\x5f\x70\x72\x6f\x74\x6f\0\x65\x74\x68\x68\x64\x72\0\x70\x5f\x64\x61\x74\x61\
\x5f\x65\x6e\x64\0\x64\x65\x73\x74\x5f\x69\x6e\x74\x65\x72\x66\x61\x63\x65\0\
\x70\x5f\x6d\x61\x63\x5f\x61\x64\x64\x72\x65\x73\x73\0\x5f\x5f\x5f\x5f\x66\x6d\
\x74\0\x70\x5f\x6e\x65\x77\x5f\x65\x74\x68\0\x70\x5f\x69\x70\0\x75\x70\x64\x61\
\x74\x65\x5f\x64\x73\x74\x5f\x6d\x61\x63\x5f\x61\x64\x64\x72\x65\x73\x73\0\x63\
\x72\x65\x61\x74\x65\x5f\x6f\x75\x74\x65\x72\x5f\x68\x65\x61\x64\x65\x72\x5f\
\x67\x74\x70\x75\x5f\x69\x70\x76\x34\0\x70\x5f\x6f\x72\x69\x67\x5f\x65\x74\x68\
\0\x70\x5f\x69\x6e\x6e\x65\x72\x5f\x69\x70\0\x70\x5f\x75\x64\x70\0\x73\x6f\x75\
\x72\x63\x65\0\x64\x65\x73\x74\0\x6c\x65\x6e\0\x75\x64\x70\x68\x64\x72\0\x70\
\x5f\x67\x74\x70\x75\x68\0\x70\x6e\0\x73\0\x65\0\x70\x74\0\x6d\x65\x73\x73\x61\
\x67\x65\x5f\x74\x79\x70\x65\0\x5f\x5f\x75\x69\x6e\x74\x38\x5f\x74\0\x75\x69\
\x6e\x74\x38\x5f\x74\0\x6d\x65\x73\x73\x61\x67\x65\x5f\x6c\x65\x6e\x67\x74\x68\
\0\x5f\x5f\x75\x69\x6e\x74\x31\x36\x5f\x74\0\x75\x69\x6e\x74\x31\x36\x5f\x74\0\
\x5f\x5f\x75\x69\x6e\x74\x33\x32\x5f\x74\0\x75\x69\x6e\x74\x33\x32\x5f\x74\0\
\x67\x74\x70\x75\x68\x64\x72\0\x66\x6c\x61\x67\x73\0\x6c\x33\x73\x75\x6d\0\x66\
\x69\x62\x5f\x70\x61\x72\x61\x6d\x73\0\x66\x61\x6d\x69\x6c\x79\0\x6c\x34\x5f\
\x70\x72\x6f\x74\x6f\x63\x6f\x6c\0\x73\x70\x6f\x72\x74\0\x64\x70\x6f\x72\x74\0\
\x69\x66\x69\x6e\x64\x65\x78\0\x66\x6c\x6f\x77\x69\x6e\x66\x6f\0\x72\x74\x5f\
\x6d\x65\x74\x72\x69\x63\0\x69\x70\x76\x34\x5f\x73\x72\x63\0\x69\x70\x76\x36\
\x5f\x73\x72\x63\0\x69\x70\x76\x34\x5f\x64\x73\x74\0\x69\x70\x76\x36\x5f\x64\
\x73\x74\0\x68\x5f\x76\x6c\x61\x6e\x5f\x70\x72\x6f\x74\x6f\0\x68\x5f\x76\x6c\
\x61\x6e\x5f\x54\x43\x49\0\x73\x6d\x61\x63\0\x64\x6d\x61\x63\0\x62\x70\x66\x5f\
\x66\x69\x62\x5f\x6c\x6f\x6f\x6b\x75\x70\0\x70\x63\x6e\x5f\x63\x73\x75\x6d\x5f\
\x64\x69\x66\x66\0\x66\x72\x6f\x6d\0\x66\x72\x6f\x6d\x5f\x73\x69\x7a\x65\0\x74\
\x6f\0\x74\x6f\x5f\x73\x69\x7a\x65\0\x73\x65\x65\x64\0\x70\x63\x6e\x5f\x6c\x33\
\x5f\x63\x73\x75\x6d\x5f\x72\x65\x70\x6c\x61\x63\x65\0\x63\x74\x78\0\x63\x73\
\x75\x6d\x5f\x6f\x66\x66\x73\x65\x74\0\x6f\x6c\x64\x5f\x76\x61\x6c\x75\x65\0\
\x6e\x65\x77\x5f\x76\x61\x6c\x75\x65\0\x64\x61\x74\x61\x32\0\x64\x61\x74\x61\
\x5f\x65\x6e\x64\x32\0\x70\x74\x72\0\x70\x63\x6e\x5f\x63\x73\x75\x6d\x5f\x72\
\x65\x70\x6c\x61\x63\x65\x5f\x62\x79\x5f\x64\x69\x66\x66\0\x73\x75\x6d\0\x64\
\x69\x66\x66\0\x70\x63\x6e\x5f\x63\x73\x75\x6d\x5f\x61\x64\x64\0\x63\x73\x75\
\x6d\0\x61\x64\x64\x65\x6e\x64\0\x72\x65\x73\0\x70\x63\x6e\x5f\x63\x73\x75\x6d\
\x5f\x66\x6f\x6c\x64\0\x78\x64\x70\x5f\x72\x65\x64\x69\x72\x65\x63\x74\x5f\x67\
\x74\x70\x75\0\x66\x61\x72\x5f\x65\x6e\x74\x72\x79\x5f\x70\x6f\x69\x6e\x74\0\
\x6b\x65\x79\0\xff\xff\xff\xff\xff\xff\xff\xff\0\0\0\0\0\0\0\0\0\0\0\0\0\0\0\0\
\x10\0\0\0\0\0\0\0\x01\0\x51\x10\0\0\0\0\0\0\0\x80\x01\0\0\0\0\0\0\x01\0\x58\
\x90\x01\0\0\0\0\0\0\xc0\x01\0\0\0\0\0\0\x01\0\x58\xd0\x04\0\0\0\0\0\0\x48\x05\
\0\0\0\0\0\0\x01\0\x58\0\0\0\0\0\0\0\0\0\0\0\0\0\0\0\0\xff\xff\xff\xff\xff\xff\
\xff\xff\0\0\0\0\0\0\0\0\x10\0\0\0\0\0\0\0\x70\0\0\0\0\0\0\0\x02\0\x30\x9f\x70\
\0\0\0\0\0\0\0\x60\x13\0\0\0\0\0\0\x02\0\x7a\x1c\0\0\0\0\0\0\0\0\0\0\0\0\0\0\0\
\0\xff\xff\xff\xff\xff\xff\xff\xff\0\0\0\0\0\0\0\0\xa0\0\0\0\0\0\0\0\x80\x01\0\
\0\0\0\0\0\x01\0\x57\x90\x01\0\0\0\0\0\0\x70\x02\0\0\0\0\0\0\x01\0\x57\xd0\x04\
\0\0\0\0\0\0\xe8\x07\0\0\0\0\0\0\x01\0\x57\x40\x09\0\0\0\0\0\0\x60\x0e\0\0\0\0\
\0\0\x01\0\x57\xf8\x0e\0\0\0\0\0\0\x60\x13\0\0\0\0\0\0\x01\0\x57\0\0\0\0\0\0\0\
\0\0\0\0\0\0\0\0\0\xff\xff\xff\xff\xff\xff\xff\xff\0\0\0\0\0\0\0\0\xa0\0\0\0\0\
\0\0\0\x80\x01\0\0\0\0\0\0\x01\0\x57\x90\x01\0\0\0\0\0\0\x70\x02\0\0\0\0\0\0\
\x01\0\x57\xd0\x04\0\0\0\0\0\0\xe8\x07\0\0\0\0\0\0\x01\0\x57\x40\x09\0\0\0\0\0\
\0\x60\x0e\0\0\0\0\0\0\x01\0\x57\xf8\x0e\0\0\0\0\0\0\x60\x13\0\0\0\0\0\0\x01\0\
\x57\0\0\0\0\0\0\0\0\0\0\0\0\0\0\0\0\xff\xff\xff\xff\xff\xff\xff\xff\0\0\0\0\0\
\0\0\0\xa8\0\0\0\0\0\0\0\x80\x01\0\0\0\0\0\0\x01\0\x58\x90\x01\0\0\0\0\0\0\xc0\
\x01\0\0\0\0\0\0\x01\0\x58\xd0\x04\0\0\0\0\0\0\x48\x05\0\0\0\0\0\0\x01\0\x58\0\
\0\0\0\0\0\0\0\0\0\0\0\0\0\0\0\xff\xff\xff\xff\xff\xff\xff\xff\0\0\0\0\0\0\0\0\
\xb0\0\0\0\0\0\0\0\x80\x01\0\0\0\0\0\0\x01\0\x59\x90\x01\0\0\0\0\0\0\x40\x04\0\
\0\0\0\0\0\x01\0\x59\xd0\x04\0\0\0\0\0\0\x70\x07\0\0\0\0\0\0\x01\0\x59\x08\x08\
\0\0\0\0\0\0\x98\x0a\0\0\0\0\0\0\x01\0\x59\0\0\0\0\0\0\0\0\0\0\0\0\0\0\0\0\xff\
\xff\xff\xff\xff\xff\xff\xff\0\0\0\0\0\0\0\0\xb0\0\0\0\0\0\0\0\x80\x01\0\0\0\0\
\0\0\x01\0\x56\x90\x01\0\0\0\0\0\0\xf8\x05\0\0\0\0\0\0\x01\0\x56\x08\x08\0\0\0\
\0\0\0\x40\x09\0\0\0\0\0\0\x01\0\x56\x60\x0e\0\0\0\0\0\0\xf8\x0e\0\0\0\0\0\0\
\x01\0\x56\0\0\0\0\0\0\0\0\0\0\0\0\0\0\0\0\xff\xff\xff\xff\xff\xff\xff\xff\0\0\
\0\0\0\0\0\0\xc8\x01\0\0\0\0\0\0\xe8\x01\0\0\0\0\0\0\x01\0\x51\x50\x05\0\0\0\0\
\0\0\x58\x05\0\0\0\0\0\0\x01\0\x51\0\0\0\0\0\0\0\0\0\0\0\0\0\0\0\0\xff\xff\xff\
\xff\xff\xff\xff\xff\0\0\0\0\0\0\0\0\xb8\x01\0\0\0\0\0\0\x78\x02\0\0\0\0\0\0\
\x01\0\x53\x50\x05\0\0\0\0\0\0\0\x06\0\0\0\0\0\0\x01\0\x53\0\0\0\0\0\0\0\0\0\0\
\0\0\0\0\0\0\xff\xff\xff\xff\xff\xff\xff\xff\0\0\0\0\0\0\0\0\x40\x03\0\0\0\0\0\
\0\xd0\x04\0\0\0\0\0\0\x01\0\x57\x60\x0e\0\0\0\0\0\0\xf8\x0e\0\0\0\0\0\0\x01\0\
\x57\0\0\0\0\0\0\0\0\0\0\0\0\0\0\0\0\xff\xff\xff\xff\xff\xff\xff\xff\0\0\0\0\0\
\0\0\0\x30\x04\0\0\0\0\0\0\x40\x04\0\0\0\0\0\0\x03\0\x79\x32\x9f\0\0\0\0\0\0\0\
\0\0\0\0\0\0\0\0\0\xff\xff\xff\xff\xff\xff\xff\xff\0\0\0\0\0\0\0\0\x38\x04\0\0\
\0\0\0\0\xd0\x04\0\0\0\0\0\0\x01\0\x57\x60\x0e\0\0\0\0\0\0\xf8\x0e\0\0\0\0\0\0\
\x01\0\x57\0\0\0\0\0\0\0\0\0\0\0\0\0\0\0\0\xff\xff\xff\xff\xff\xff\xff\xff\0\0\
\0\0\0\0\0\0\x60\x04\0\0\0\0\0\0\xc8\x04\0\0\0\0\0\0\x01\0\x50\x60\x0e\0\0\0\0\
\0\0\xd8\x0e\0\0\0\0\0\0\x01\0\x50\0\0\0\0\0\0\0\0\0\0\0\0\0\0\0\0\xff\xff\xff\
\xff\xff\xff\xff\xff\0\0\0\0\0\0\0\0\xb0\x06\0\0\0\0\0\0\xd0\x07\0\0\0\0\0\0\
\x01\0\x57\x98\x0a\0\0\0\0\0\0\x60\x0e\0\0\0\0\0\0\x01\0\x57\xf8\x0e\0\0\0\0\0\
\0\x60\x13\0\0\0\0\0\0\x01\0\x57\0\0\0\0\0\0\0\0\0\0\0\0\0\0\0\0\xff\xff\xff\
\xff\xff\xff\xff\xff\0\0\0\0\0\0\0\0\xb0\x06\0\0\0\0\0\0\xd0\x07\0\0\0\0\0\0\
\x02\0\x7a\x10\x98\x0a\0\0\0\0\0\0\x60\x0e\0\0\0\0\0\0\x02\0\x7a\x10\xf8\x0e\0\
\0\0\0\0\0\x60\x13\0\0\0\0\0\0\x02\0\x7a\x10\0\0\0\0\0\0\0\0\0\0\0\0\0\0\0\0\
\xff\xff\xff\xff\xff\xff\xff\xff\0\0\0\0\0\0\0\0\x68\x07\0\0\0\0\0\0\xc8\x07\0\
\0\0\0\0\0\x01\0\x53\x98\x0a\0\0\0\0\0\0\x98\x0c\0\0\0\0\0\0\x01\0\x53\0\0\0\0\
\0\0\0\0\0\0\0\0\0\0\0\0\xff\xff\xff\xff\xff\xff\xff\xff\0\0\0\0\0\0\0\0\x68\
\x07\0\0\0\0\0\0\xd0\x07\0\0\0\0\0\0\x01\0\x58\x98\x0a\0\0\0\0\0\0\x60\x0e\0\0\
\0\0\0\0\x01\0\x58\xf8\x0e\0\0\0\0\0\0\x60\x13\0\0\0\0\0\0\x01\0\x58\0\0\0\0\0\
\0\0\0\0\0\0\0\0\0\0\0\xff\xff\xff\xff\xff\xff\xff\xff\0\0\0\0\0\0\0\0\x98\x0a\
\0\0\0\0\0\0\x60\x0e\0\0\0\0\0\0\x03\0\x78\x24\x9f\xf8\x0e\0\0\0\0\0\0\x60\x13\
\0\0\0\0\0\0\x03\0\x78\x24\x9f\0\0\0\0\0\0\0\0\0\0\0\0\0\0\0\0\xff\xff\xff\xff\
\xff\xff\xff\xff\0\0\0\0\0\0\0\0\x90\x0b\0\0\0\0\0\0\x60\x0e\0\0\0\0\0\0\x01\0\
\x59\xf8\x0e\0\0\0\0\0\0\x60\x13\0\0\0\0\0\0\x01\0\x59\0\0\0\0\0\0\0\0\0\0\0\0\
\0\0\0\0\xff\xff\xff\xff\xff\xff\xff\xff\0\0\0\0\0\0\0\0\xa0\x0b\0\0\0\0\0\0\
\x60\x0e\0\0\0\0\0\0\x03\0\x78\x32\x9f\xf8\x0e\0\0\0\0\0\0\x60\x13\0\0\0\0\0\0\
\x03\0\x78\x32\x9f\0\0\0\0\0\0\0\0\0\0\0\0\0\0\0\0\xff\xff\xff\xff\xff\xff\xff\
\xff\0\0\0\0\0\0\0\0\x50\x0c\0\0\0\0\0\0\x60\x0e\0\0\0\0\0\0\x03\0\x78\x22\x9f\
\xf8\x0e\0\0\0\0\0\0\x60\x13\0\0\0\0\0\0\x03\0\x78\x22\x9f\0\0\0\0\0\0\0\0\0\0\
\0\0\0\0\0\0\xff\xff\xff\xff\xff\xff\xff\xff\0\0\0\0\0\0\0\0\xf8\x0d\0\0\0\0\0\
\0\x60\x0e\0\0\0\0\0\0\x01\0\x50\xf8\x0e\0\0\0\0\0\0\xe8\x0f\0\0\0\0\0\0\x01\0\
\x50\0\0\0\0\0\0\0\0\0\0\0\0\0\0\0\0\xff\xff\xff\xff\xff\xff\xff\xff\0\0\0\0\0\
\0\0\0\x18\x11\0\0\0\0\0\0\x10\x12\0\0\0\0\0\0\x03\0\x78\x2a\x9f\x18\x12\0\0\0\
\0\0\0\x60\x13\0\0\0\0\0\0\x03\0\x78\x2a\x9f\0\0\0\0\0\0\0\0\0\0\0\0\0\0\0\0\
\xff\xff\xff\xff\xff\xff\xff\xff\0\0\0\0\0\0\0\0\x28\x11\0\0\0\0\0\0\x60\x13\0\
\0\0\0\0\0\x03\0\x10\x30\x9f\0\0\0\0\0\0\0\0\0\0\0\0\0\0\0\0\xff\xff\xff\xff\
\xff\xff\xff\xff\0\0\0\0\0\0\0\0\xb8\x11\0\0\0\0\0\0\x78\x12\0\0\0\0\0\0\x02\0\
\x30\x9f\0\0\0\0\0\0\0\0\0\0\0\0\0\0\0\0\xff\xff\xff\xff\xff\xff\xff\xff\0\0\0\
\0\0\0\0\0\xb8\x11\0\0\0\0\0\0\x78\x12\0\0\0\0\0\0\x02\0\x44\x9f\0\0\0\0\0\0\0\
\0\0\0\0\0\0\0\0\0\xff\xff\xff\xff\xff\xff\xff\xff\0\0\0\0\0\0\0\0\xb8\x11\0\0\
\0\0\0\0\x78\x12\0\0\0\0\0\0\x02\0\x30\x9f\0\0\0\0\0\0\0\0\0\0\0\0\0\0\0\0\xff\
\xff\xff\xff\xff\xff\xff\xff\0\0\0\0\0\0\0\0\xb8\x11\0\0\0\0\0\0\x78\x12\0\0\0\
\0\0\0\x02\0\x30\x9f\0\0\0\0\0\0\0\0\0\0\0\0\0\0\0\0\xff\xff\xff\xff\xff\xff\
\xff\xff\0\0\0\0\0\0\0\0\xb8\x11\0\0\0\0\0\0\x78\x12\0\0\0\0\0\0\x01\0\x59\0\0\
\0\0\0\0\0\0\0\0\0\0\0\0\0\0\xff\xff\xff\xff\xff\xff\xff\xff\0\0\0\0\0\0\0\0\
\xe8\x11\0\0\0\0\0\0\x18\x12\0\0\0\0\0\0\x03\0\x70\0\x9f\x18\x12\0\0\0\0\0\0\
\x20\x12\0\0\0\0\0\0\x01\0\x50\0\0\0\0\0\0\0\0\0\0\0\0\0\0\0\0\xff\xff\xff\xff\
\xff\xff\xff\xff\0\0\0\0\0\0\0\0\xf0\x11\0\0\0\0\0\0\x18\x12\0\0\0\0\0\0\x03\0\
\x70\0\x9f\x18\x12\0\0\0\0\0\0\x20\x12\0\0\0\0\0\0\x01\0\x50\0\0\0\0\0\0\0\0\0\
\0\0\0\0\0\0\0\xff\xff\xff\xff\xff\xff\xff\xff\0\0\0\0\0\0\0\0\xf8\x11\0\0\0\0\
\0\0\xe8\x12\0\0\0\0\0\0\x02\0\x30\x9f\0\0\0\0\0\0\0\0\0\0\0\0\0\0\0\0\xff\xff\
\xff\xff\xff\xff\xff\xff\0\0\0\0\0\0\0\0\xf8\x11\0\0\0\0\0\0\xe8\x12\0\0\0\0\0\
\0\x02\0\x30\x9f\0\0\0\0\0\0\0\0\0\0\0\0\0\0\0\0\xff\xff\xff\xff\xff\xff\xff\
\xff\0\0\0\0\0\0\0\0\xf8\x11\0\0\0\0\0\0\0\x12\0\0\0\0\0\0\x01\0\x51\0\0\0\0\0\
\0\0\0\0\0\0\0\0\0\0\0\xff\xff\xff\xff\xff\xff\xff\xff\0\0\0\0\0\0\0\0\0\x12\0\
\0\0\0\0\0\x30\x12\0\0\0\0\0\0\x01\0\x52\0\0\0\0\0\0\0\0\0\0\0\0\0\0\0\0\xff\
\xff\xff\xff\xff\xff\xff\xff\0\0\0\0\0\0\0\0\x28\x12\0\0\0\0\0\0\xe8\x12\0\0\0\
\0\0\0\x03\0\x71\x18\x9f\0\0\0\0\0\0\0\0\0\0\0\0\0\0\0\0\xff\xff\xff\xff\xff\
\xff\xff\xff\0\0\0\0\0\0\0\0\x28\x12\0\0\0\0\0\0\xe8\x12\0\0\0\0\0\0\x01\0\x50\
\0\0\0\0\0\0\0\0\0\0\0\0\0\0\0\0\xff\xff\xff\xff\xff\xff\xff\xff\0\0\0\0\0\0\0\
\0\x28\x12\0\0\0\0\0\0\xe8\x12\0\0\0\0\0\0\x03\0\x71\x18\x9f\0\0\0\0\0\0\0\0\0\
\0\0\0\0\0\0\0\xff\xff\xff\xff\xff\xff\xff\xff\0\0\0\0\0\0\0\0\x38\x12\0\0\0\0\
\0\0\x40\x12\0\0\0\0\0\0\x01\0\x52\0\0\0\0\0\0\0\0\0\0\0\0\0\0\0\0\xff\xff\xff\
\xff\xff\xff\xff\xff\0\0\0\0\0\0\0\0\x48\x12\0\0\0\0\0\0\x80\x12\0\0\0\0\0\0\
\x01\0\x50\x80\x12\0\0\0\0\0\0\x88\x12\0\0\0\0\0\0\x01\0\x52\0\0\0\0\0\0\0\0\0\
\0\0\0\0\0\0\0\xff\xff\xff\xff\xff\xff\xff\xff\0\0\0\0\0\0\0\0\x48\x12\0\0\0\0\
\0\0\xe8\x12\0\0\0\0\0\0\x01\0\x50\0\0\0\0\0\0\0\0\0\0\0\0\0\0\0\0\xff\xff\xff\
\xff\xff\xff\xff\xff\0\0\0\0\0\0\0\0\xa8\x12\0\0\0\0\0\0\xb0\x12\0\0\0\0\0\0\
\x01\0\x52\xc0\x12\0\0\0\0\0\0\xd8\x12\0\0\0\0\0\0\x01\0\x52\xd8\x12\0\0\0\0\0\
\0\xe0\x12\0\0\0\0\0\0\x01\0\x53\0\0\0\0\0\0\0\0\0\0\0\0\0\0\0\0\xff\xff\xff\
\xff\xff\xff\xff\xff\0\0\0\0\0\0\0\0\xa8\x12\0\0\0\0\0\0\xb0\x12\0\0\0\0\0\0\
\x01\0\x52\0\0\0\0\0\0\0\0\0\0\0\0\0\0\0\0\x01\x11\x01\x25\x0e\x13\x05\x03\x0e\
\x10\x17\x1b\x0e\x11\x01\x55\x17\0\0\x02\x34\0\x03\x0e\x49\x13\x3f\x19\x3a\x0b\
\x3b\x0b\x02\x18\0\0\x03\x13\x01\x03\x0e\x0b\x0b\x3a\x0b\x3b\x0b\0\0\x04\x0d\0\
\x03\x0e\x49\x13\x3a\x0b\x3b\x0b\x38\x0b\0\0\x05\x24\0\x03\x0e\x3e\x0b\x0b\x0b\
\0\0\x06\x34\0\x03\x0e\x49\x13\x3f\x19\x3a\x0b\x3b\x05\x02\x18\0\0\x07\x01\x01\
\x49\x13\0\0\x08\x21\0\x49\x13\x37\x0b\0\0\x09\x24\0\x03\x0e\x0b\x0b\x3e\x0b\0\
\0\x0a\x34\0\x03\x0e\x49\x13\x3a\x0b\x3b\x0b\0\0\x0b\x0f\0\x49\x13\0\0\x0c\x15\
\x01\x49\x13\x27\x19\0\0\x0d\x05\0\x49\x13\0\0\x0e\x18\0\0\0\x0f\x26\0\x49\x13\
\0\0\x10\x16\0\x49\x13\x03\x0e\x3a\x0b\x3b\x0b\0\0\x11\x0f\0\0\0\x12\x26\0\0\0\
\x13\x34\0\x03\x0e\x49\x13\x3a\x0b\x3b\x05\0\0\x14\x13\x01\x03\x0e\x0b\x0b\x3a\
\x0b\x3b\x05\0\0\x15\x0d\0\x03\x0e\x49\x13\x3a\x0b\x3b\x05\x38\x0b\0\0\x16\x04\
\x01\x49\x13\x03\x0e\x0b\x0b\x3a\x0b\x3b\x05\0\0\x17\x28\0\x03\x0e\x1c\x0f\0\0\
\x18\x04\x01\x49\x13\x03\x0e\x0b\x0b\x3a\x0b\x3b\x0b\0\0\x19\x04\x01\x49\x13\
\x0b\x0b\x3a\x0b\x3b\x0b\0\0\x1a\x04\x01\x49\x13\x0b\x0b\x3a\x0b\x3b\x05\0\0\
\x1b\x0d\0\x03\x0e\x49\x13\x3a\x0b\x3b\x0b\x0b\x0b\x0d\x0b\x0c\x0b\x38\x0b\0\0\
\x1c\x2e\x01\x11\x01\x12\x06\x40\x18\x97\x42\x19\x03\x0e\x3a\x0b\x3b\x0b\x27\
\x19\x49\x13\x3f\x19\0\0\x1d\x05\0\x03\x0e\x3a\x0b\x3b\x0b\x49\x13\0\0\x1e\x0b\
\x01\x55\x17\0\0\x1f\x34\0\x02\x18\x03\x0e\x3a\x0b\x3b\x0b\x49\x13\0\0\x20\x2e\
\x01\x03\x0e\x3a\x0b\x3b\x0b\x27\x19\x49\x13\x20\x0b\0\0\x21\x34\0\x03\x0e\x3a\
\x0b\x3b\x0b\x49\x13\0\0\x22\x0b\x01\0\0\x23\x34\0\x03\x0e\x3a\x0b\x3b\x05\x49\
\x13\0\0\x24\x13\x01\x03\x0e\x0b\x05\x3a\x0b\x3b\x0b\0\0\x25\x0d\0\x03\x0e\x49\
\x13\x3a\x0b\x3b\x0b\x38\x05\0\0\x26\x17\x01\x0b\x0b\x3a\x0b\x3b\x0b\0\0\x27\
\x0d\0\x49\x13\x3a\x0b\x3b\x05\x38\x0b\0\0\x28\x17\x01\x0b\x0b\x3a\x0b\x3b\x05\
\0\0\x29\x2e\x01\x03\x0e\x3a\x0b\x3b\x0b\x27\x19\x20\x0b\0\0\x2a\x2e\x01\x11\
\x01\x12\x06\x40\x18\x97\x42\x19\x03\x0e\x3a\x0b\x3b\x05\x27\x19\x49\x13\x3f\
\x19\0\0\x2b\x05\0\x02\x17\x03\x0e\x3a\x0b\x3b\x05\x49\x13\0\0\x2c\x34\0\x02\
\x17\x03\x0e\x3a\x0b\x3b\x05\x49\x13\0\0\x2d\x34\0\x02\x18\x03\x0e\x3a\x0b\x3b\
\x05\x49\x13\0\0\x2e\x1d\x01\x31\x13\x55\x17\x58\x0b\x59\x05\x57\x0b\0\0\x2f\
\x05\0\x02\x17\x31\x13\0\0\x30\x34\0\x31\x13\0\0\x31\x34\0\x02\x17\x31\x13\0\0\
\x32\x0b\x01\x11\x01\x12\x06\0\0\x33\x34\0\x02\x18\x31\x13\0\0\x34\x1d\x01\x31\
\x13\x55\x17\x58\x0b\x59\x0b\x57\x0b\0\0\x35\x05\0\x31\x13\0\0\x36\x1d\x01\x31\
\x13\x11\x01\x12\x06\x58\x0b\x59\x0b\x57\x0b\0\0\0\x48\x14\0\0\x04\0\0\0\0\0\
\x08\x01\0\0\0\0\x0c\0\0\0\0\0\0\0\0\0\0\0\0\0\0\0\0\0\0\0\0\0\0\x03\0\0\x02\0\
\0\0\0\x3f\0\0\0\x02\x14\x09\x03\0\0\0\0\0\0\0\0\x03\0\0\0\0\x14\x01\x6c\x04\0\
\0\0\0\x84\0\0\0\x01\x6d\0\x04\0\0\0\0\x84\0\0\0\x01\x6e\x04\x04\0\0\0\0\x84\0\
\0\0\x01\x6f\x08\x04\0\0\0\0\x84\0\0\0\x01\x70\x0c\x04\0\0\0\0\x84\0\0\0\x01\
\x71\x10\0\x05\0\0\0\0\x07\x04\x02\0\0\0\0\x3f\0\0\0\x03\x0a\x09\x03\0\0\0\0\0\
\0\0\0\x02\0\0\0\0\x3f\0\0\0\x03\x10\x09\x03\0\0\0\0\0\0\0\0\x02\0\0\0\0\x3f\0\
\0\0\x03\x18\x09\x03\0\0\0\0\0\0\0\0\x06\0\0\0\0\xe0\0\0\0\x04\x14\x01\x09\x03\
\0\0\0\0\0\0\0\0\x07\xec\0\0\0\x08\xf3\0\0\0\x04\0\x05\0\0\0\0\x06\x01\x09\0\0\
\0\0\x08\x07\x0a\0\0\0\0\x05\x01\0\0\x06\xaa\x0b\x0a\x01\0\0\x0c\x1b\x01\0\0\
\x0d\x22\x01\0\0\x0d\x2c\x01\0\0\x0e\0\x05\0\0\0\0\x05\x08\x0b\x27\x01\0\0\x0f\
\xec\0\0\0\x10\x84\0\0\0\0\0\0\0\x05\x1b\x0a\0\0\0\0\x42\x01\0\0\x06\x31\x0b\
\x47\x01\0\0\x0c\x57\x01\0\0\x0d\x57\x01\0\0\x0d\x58\x01\0\0\0\x11\x0b\x5d\x01\
\0\0\x12\x13\0\0\0\0\x6a\x01\0\0\x06\x5e\x04\x0b\x6f\x01\0\0\x0c\x1b\x01\0\0\
\x0d\x7f\x01\0\0\x0d\xdc\x01\0\0\0\x0b\x84\x01\0\0\x14\0\0\0\0\x18\x07\x16\x11\
\x15\0\0\0\0\x2c\x01\0\0\x07\x17\x11\0\x15\0\0\0\0\x2c\x01\0\0\x07\x18\x11\x04\
\x15\0\0\0\0\x2c\x01\0\0\x07\x19\x11\x08\x15\0\0\0\0\x2c\x01\0\0\x07\x1b\x11\
\x0c\x15\0\0\0\0\x2c\x01\0\0\x07\x1c\x11\x10\x15\0\0\0\0\x2c\x01\0\0\x07\x1e\
\x11\x14\0\x05\0\0\0\0\x05\x04\x13\0\0\0\0\xef\x01\0\0\x06\x06\x05\x0b\xf4\x01\
\0\0\x0c\x1b\x01\0\0\x0d\x57\x01\0\0\x0d\x2c\x01\0\0\x0d\x09\x02\0\0\0\x10\x14\
\x02\0\0\0\0\0\0\x05\x1f\x05\0\0\0\0\x07\x08\x13\0\0\0\0\x27\x02\0\0\x06\x0e\
\x03\x0b\x2c\x02\0\0\x0c\x4b\x02\0\0\x0d\x5d\x02\0\0\x0d\x2c\x01\0\0\x0d\x5d\
\x02\0\0\x0d\x2c\x01\0\0\x0d\x6d\x02\0\0\0\x10\x56\x02\0\0\0\0\0\0\x05\x1e\x05\
\0\0\0\0\x05\x08\x0b\x62\x02\0\0\x10\x2c\x01\0\0\0\0\0\0\x08\x1b\x10\x2c\x01\0\
\0\0\0\0\0\x08\x20\x16\x84\0\0\0\0\0\0\0\x04\x07\x0b\x11\x17\0\0\0\0\0\x17\0\0\
\0\0\x01\x17\0\0\0\0\x02\x17\0\0\0\0\x03\x17\0\0\0\0\x04\0\x18\x84\0\0\0\0\0\0\
\0\x04\x09\x09\x17\0\0\0\0\0\x17\0\0\0\0\x01\x17\0\0\0\0\x02\x17\0\0\0\0\x03\
\x17\0\0\0\0\x04\0\x18\x84\0\0\0\0\0\0\0\x04\x0a\x12\x17\0\0\0\0\0\x17\0\0\0\0\
\x01\0\x19\x84\0\0\0\x04\x0b\x1c\x17\0\0\0\0\0\x17\0\0\0\0\x01\x17\0\0\0\0\x02\
\x17\0\0\0\0\x04\x17\0\0\0\0\x06\x17\0\0\0\0\x08\x17\0\0\0\0\x0c\x17\0\0\0\0\
\x11\x17\0\0\0\0\x16\x17\0\0\0\0\x1d\x17\0\0\0\0\x21\x17\0\0\0\0\x29\x17\0\0\0\
\0\x2e\x17\0\0\0\0\x2f\x17\0\0\0\0\x32\x17\0\0\0\0\x33\x17\0\0\0\0\x5c\x17\0\0\
\0\0\x5e\x17\0\0\0\0\x62\x17\0\0\0\0\x67\x17\0\0\0\0\x6c\x17\0\0\0\0\x84\x01\
\x17\0\0\0\0\x88\x01\x17\0\0\0\0\x89\x01\x17\0\0\0\0\xff\x01\x17\0\0\0\0\x80\
\x02\0\x1a\x84\0\0\0\x04\x07\xb5\x0f\x17\0\0\0\0\x0f\0\x10\xad\x03\0\0\0\0\0\0\
\x0d\x1a\x10\xdc\x01\0\0\0\0\0\0\x0c\x29\x10\xc3\x03\0\0\0\0\0\0\x08\x19\x10\
\xce\x03\0\0\0\0\0\0\x05\x18\x05\0\0\0\0\x07\x02\x05\0\0\0\0\x07\x08\x0b\xe1\
\x03\0\0\x03\0\0\0\0\x14\x0e\x56\x1b\0\0\0\0\x74\x04\0\0\x0e\x58\x01\x04\x04\0\
\x1b\0\0\0\0\x74\x04\0\0\x0e\x59\x01\x04\0\0\x04\0\0\0\0\x74\x04\0\0\x0e\x60\
\x01\x04\0\0\0\0\xb8\x03\0\0\x0e\x61\x02\x04\0\0\0\0\xb8\x03\0\0\x0e\x62\x04\
\x04\0\0\0\0\xb8\x03\0\0\x0e\x63\x06\x04\0\0\0\0\x74\x04\0\0\x0e\x64\x08\x04\0\
\0\0\0\x74\x04\0\0\x0e\x65\x09\x04\0\0\0\0\x86\x04\0\0\x0e\x66\x0a\x04\0\0\0\0\
\x62\x02\0\0\x0e\x67\x0c\x04\0\0\0\0\x62\x02\0\0\x0e\x68\x10\0\x10\x7f\x04\0\0\
\0\0\0\0\x05\x15\x05\0\0\0\0\x08\x01\x10\xc3\x03\0\0\0\0\0\0\x08\x1f\x0b\x86\
\x04\0\0\x10\x2c\x01\0\0\0\0\0\0\x0a\x09\x10\xc3\x03\0\0\0\0\0\0\x0a\x0c\x1c\0\
\0\0\0\0\0\0\0\x70\0\0\0\x01\x5a\0\0\0\0\x04\x23\xdc\x01\0\0\x1d\0\0\0\0\x04\
\x23\x7f\x01\0\0\x1e\0\0\0\0\x1f\x02\x91\0\0\0\0\0\x04\x26\x3f\x14\0\0\0\0\x20\
\0\0\0\0\x04\xab\x96\x04\0\0\x01\x1d\0\0\0\0\x04\xab\x7f\x01\0\0\x1d\0\0\0\0\
\x04\xab\xf2\x05\0\0\x21\0\0\0\0\x04\xad\x57\x01\0\0\x21\0\0\0\0\x04\xaf\xb3\
\x0a\0\0\x21\0\0\0\0\x04\xae\x57\x01\0\0\x21\0\0\0\0\x04\xb2\x10\x07\0\0\x21\0\
\0\0\0\x04\xb3\xa1\x04\0\0\x21\0\0\0\0\x04\xb0\x57\x01\0\0\x22\x21\0\0\0\0\x04\
\xb9\xf1\x0a\0\0\0\x22\x21\0\0\0\0\x04\xbf\xfd\x0a\0\0\0\x22\x21\0\0\0\0\x04\
\xca\x09\x0b\0\0\0\x22\x21\0\0\0\0\x04\xcf\xb3\x0a\0\0\x21\0\0\0\0\x04\xd8\xdc\
\x03\0\0\x22\x21\0\0\0\0\x04\xce\x15\x0b\0\0\0\x22\x21\0\0\0\0\x04\xe9\x15\x0b\
\0\0\0\x22\x21\0\0\0\0\x04\xed\x21\x0b\0\0\0\0\x22\x21\0\0\0\0\x04\xf1\x2d\x0b\
\0\0\0\x22\x21\0\0\0\0\x04\xf4\x39\x0b\0\0\0\x22\x21\0\0\0\0\x04\xf9\x39\x0b\0\
\0\0\x22\x21\0\0\0\0\x04\xfc\x45\x0b\0\0\0\x22\x23\0\0\0\0\x04\0\x01\x51\x0b\0\
\0\0\0\x0b\xf7\x05\0\0\x10\x02\x06\0\0\0\0\0\0\x12\x13\x24\0\0\0\0\x24\x02\x12\
\x0b\x04\0\0\0\0\x4a\x06\0\0\x12\x0d\0\x04\0\0\0\0\xa2\x06\0\0\x12\x0e\x08\x04\
\0\0\0\0\x1b\x07\0\0\x12\x0f\x0c\x25\0\0\0\0\x43\x0a\0\0\x12\x10\x84\x01\x25\0\
\0\0\0\x93\x0a\0\0\x12\x11\x20\x02\0\x10\x55\x06\0\0\0\0\0\0\x11\x0d\x03\0\0\0\
\0\x08\x11\x09\x04\0\0\0\0\x76\x06\0\0\x11\x0b\0\x04\0\0\0\0\x96\x04\0\0\x11\
\x0c\x04\0\x10\x81\x06\0\0\0\0\0\0\x10\x0b\x03\0\0\0\0\x04\x10\x07\x04\0\0\0\0\
\xa1\x04\0\0\x10\x09\0\x04\0\0\0\0\xa1\x04\0\0\x10\x0a\x02\0\x10\xad\x06\0\0\0\
\0\0\0\x13\x12\x03\0\0\0\0\x01\x13\x09\x1b\0\0\0\0\x10\x07\0\0\x13\x0c\x01\x03\
\x05\0\x1b\0\0\0\0\x10\x07\0\0\x13\x0d\x01\x01\x04\0\x1b\0\0\0\0\x10\x07\0\0\
\x13\x0e\x01\x01\x03\0\x1b\0\0\0\0\x10\x07\0\0\x13\x0f\x01\x01\x02\0\x1b\0\0\0\
\0\x10\x07\0\0\x13\x10\x01\x01\x01\0\x1b\0\0\0\0\x10\x07\0\0\x13\x11\x01\x01\0\
\0\0\x10\x74\x04\0\0\0\0\0\0\x0a\x0f\x10\x26\x07\0\0\0\0\0\0\x14\x1c\x24\0\0\0\
\0\x78\x01\x14\x11\x04\0\0\0\0\x76\x06\0\0\x14\x13\0\x04\0\0\0\0\x9e\x07\0\0\
\x14\x14\x04\x04\0\0\0\0\xca\x07\0\0\x14\x15\x0a\x04\0\0\0\0\x14\x08\0\0\x14\
\x16\x14\x04\0\0\0\0\xe7\x08\0\0\x14\x17\x38\x04\0\0\0\0\x3c\x09\0\0\x14\x18\
\x3e\x04\0\0\0\0\x74\x09\0\0\x14\x19\xa3\x25\0\0\0\0\xd6\x09\0\0\x14\x1a\x6e\
\x01\x25\0\0\0\0\x02\x0a\0\0\x14\x1b\x74\x01\0\x10\xa9\x07\0\0\0\0\0\0\x09\x1b\
\x03\0\0\0\0\x06\x09\x13\x04\0\0\0\0\x76\x06\0\0\x09\x15\0\x04\0\0\0\0\x10\x07\
\0\0\x09\x16\x04\0\x10\xd5\x07\0\0\0\0\0\0\x15\x0f\x03\0\0\0\0\x08\x15\x09\x04\
\0\0\0\0\x76\x06\0\0\x15\x0b\0\x1b\0\0\0\0\x10\x07\0\0\x15\x0c\x01\x04\x04\x04\
\x1b\0\0\0\0\x10\x07\0\0\x15\x0d\x01\x04\0\x04\x04\0\0\0\0\xa1\x04\0\0\x15\x0e\
\x06\0\x10\x1f\x08\0\0\0\0\0\0\x16\x1e\x03\0\0\0\0\x24\x16\x17\x04\0\0\0\0\x76\
\x06\0\0\x16\x18\0\x04\0\0\0\0\xa1\x04\0\0\x16\x19\x04\x04\0\0\0\0\x96\x04\0\0\
\x16\x1a\x08\x04\0\0\0\0\x70\x08\0\0\x16\x1b\x0c\x04\0\0\0\0\x85\x08\0\0\x16\
\x1c\x10\x04\0\0\0\0\xa1\x04\0\0\x16\x1d\x20\0\x03\0\0\0\0\x04\x0b\x55\x04\0\0\
\0\0\x62\x02\0\0\x0b\x56\0\0\x03\0\0\0\0\x10\x17\x21\x04\0\0\0\0\x99\x08\0\0\
\x17\x28\0\x26\x10\x17\x22\x04\0\0\0\0\xc3\x08\0\0\x17\x23\0\x04\0\0\0\0\xcf\
\x08\0\0\x17\x25\0\x04\0\0\0\0\xdb\x08\0\0\x17\x26\0\0\0\x07\x74\x04\0\0\x08\
\xf3\0\0\0\x10\0\x07\xb8\x03\0\0\x08\xf3\0\0\0\x08\0\x07\x62\x02\0\0\x08\xf3\0\
\0\0\x04\0\x10\xf2\x08\0\0\0\0\0\0\x18\x0d\x03\0\0\0\0\x06\x18\x09\x04\0\0\0\0\
\x76\x06\0\0\x18\x0b\0\x04\0\0\0\0\x13\x09\0\0\x18\x0c\x04\0\x07\x1f\x09\0\0\
\x08\xf3\0\0\0\x02\0\x10\x2a\x09\0\0\0\0\0\0\x0a\x10\x10\x35\x09\0\0\0\0\0\0\
\x05\x14\x05\0\0\0\0\x06\x01\x10\x47\x09\0\0\0\0\0\0\x19\x0e\x03\0\0\0\0\x65\
\x19\x0a\x04\0\0\0\0\x10\x07\0\0\x19\x0c\0\x04\0\0\0\0\x68\x09\0\0\x19\x0d\x01\
\0\x07\x1f\x09\0\0\x08\xf3\0\0\0\x64\0\x10\x7f\x09\0\0\0\0\0\0\x1a\x14\x03\0\0\
\0\0\xcb\x1a\x0c\x1b\0\0\0\0\x10\x07\0\0\x1a\x0e\x01\x03\x05\0\x1b\0\0\0\0\x10\
\x07\0\0\x1a\x0f\x01\x05\0\0\x04\0\0\0\0\x10\x07\0\0\x1a\x10\x01\x04\0\0\0\0\
\x68\x09\0\0\x1a\x11\x02\x04\0\0\0\0\x10\x07\0\0\x1a\x12\x66\x04\0\0\0\0\x68\
\x09\0\0\x1a\x13\x67\0\x10\xe1\x09\0\0\0\0\0\0\x1b\x0d\x03\0\0\0\0\x06\x1b\x09\
\x04\0\0\0\0\x76\x06\0\0\x1b\x0b\0\x04\0\0\0\0\x10\x07\0\0\x1b\x0c\x04\0\x10\
\x0d\x0a\0\0\0\0\0\0\x1c\x0e\x03\0\0\0\0\x01\x1c\x09\x1b\0\0\0\0\x10\x07\0\0\
\x1c\x0b\x01\x06\x02\0\x1b\0\0\0\0\x10\x07\0\0\x1c\x0c\x01\x01\x01\0\x1b\0\0\0\
\0\x10\x07\0\0\x1c\x0d\x01\x01\0\0\0\x10\x4e\x0a\0\0\0\0\0\0\x1d\x13\x03\0\0\0\
\0\x9c\x1d\x0c\x04\0\0\0\0\x76\x06\0\0\x1d\x0e\0\x04\0\0\0\0\x9e\x07\0\0\x1d\
\x0f\x04\x04\0\0\0\0\x14\x08\0\0\x1d\x10\x0c\x04\0\0\0\0\xe7\x08\0\0\x1d\x11\
\x30\x04\0\0\0\0\x3c\x09\0\0\x1d\x12\x36\0\x10\x9e\x0a\0\0\0\0\0\0\x1e\x0c\x03\
\0\0\0\0\x01\x1e\x09\x04\0\0\0\0\x10\x07\0\0\x1e\x0b\0\0\x0b\xb8\x0a\0\0\x03\0\
\0\0\0\x0e\x1f\xa3\x04\0\0\0\0\xe5\x0a\0\0\x1f\xa4\0\x04\0\0\0\0\xe5\x0a\0\0\
\x1f\xa5\x06\x04\0\0\0\0\xb8\x03\0\0\x1f\xa6\x0c\0\x07\x7f\x04\0\0\x08\xf3\0\0\
\0\x06\0\x07\xec\0\0\0\x08\xf3\0\0\0\x10\0\x07\xec\0\0\0\x08\xf3\0\0\0\x0d\0\
\x07\xec\0\0\0\x08\xf3\0\0\0\x28\0\x07\xec\0\0\0\x08\xf3\0\0\0\x20\0\x07\xec\0\
\0\0\x08\xf3\0\0\0\x2c\0\x07\xec\0\0\0\x08\xf3\0\0\0\x29\0\x07\xec\0\0\0\x08\
\xf3\0\0\0\x24\0\x07\xec\0\0\0\x08\xf3\0\0\0\x2e\0\x07\xec\0\0\0\x08\xf3\0\0\0\
\x15\0\x20\0\0\0\0\x04\x31\x96\x04\0\0\x01\x1d\0\0\0\0\x04\x31\xdc\x03\0\0\x1d\
\0\0\0\0\x04\x31\xb3\x0a\0\0\x21\0\0\0\0\x04\x33\x57\x01\0\0\x22\x21\0\0\0\0\
\x04\x37\x98\x0b\0\0\0\0\x07\xec\0\0\0\x08\xf3\0\0\0\x11\0\x20\0\0\0\0\x04\x3e\
\x96\x04\0\0\x01\x1d\0\0\0\0\x04\x3e\x7f\x01\0\0\x1d\0\0\0\0\x04\x3e\xf2\x05\0\
\0\x21\0\0\0\0\x04\x44\x57\x01\0\0\x21\0\0\0\0\x04\x43\x57\x01\0\0\x21\0\0\0\0\
\x04\x41\xb3\x0a\0\0\x21\0\0\0\0\x04\x58\xb3\x0a\0\0\x21\0\0\0\0\x04\x42\xdc\
\x03\0\0\x21\0\0\0\0\x04\x63\xdc\x03\0\0\x21\0\0\0\0\x04\x79\xc0\x0c\0\0\x21\0\
\0\0\0\x04\x45\x57\x01\0\0\x21\0\0\0\0\x04\x91\xfe\x0c\0\0\x21\0\0\0\0\x04\x96\
\x10\x07\0\0\x21\0\0\0\0\x04\x9d\x6d\x02\0\0\x21\0\0\0\0\x04\x46\xcc\x0d\0\0\
\x22\x21\0\0\0\0\x04\x40\xf8\x0e\0\0\0\x22\x21\0\0\0\0\x04\x53\xf1\x0a\0\0\0\
\x22\x21\0\0\0\0\x04\x83\x04\x0f\0\0\0\x22\x21\0\0\0\0\x04\x84\x04\x0f\0\0\0\
\x22\x21\0\0\0\0\x04\x87\x98\x0b\0\0\0\x22\x21\0\0\0\0\x04\x8c\x04\x0f\0\0\0\
\x22\x21\0\0\0\0\x04\x8d\x04\x0f\0\0\0\x22\x21\0\0\0\0\x04\x8e\x10\x0f\0\0\0\
\x22\x21\0\0\0\0\x04\xa0\x1c\x0f\0\0\0\0\x0b\xc5\x0c\0\0\x03\0\0\0\0\x08\x20\
\x17\x04\0\0\0\0\xb8\x03\0\0\x20\x18\0\x04\0\0\0\0\xb8\x03\0\0\x20\x19\x02\x04\
\0\0\0\0\xb8\x03\0\0\x20\x1a\x04\x04\0\0\0\0\x86\x04\0\0\x20\x1b\x06\0\x0b\x03\
\x0d\0\0\x03\0\0\0\0\x08\x21\x18\x1b\0\0\0\0\x84\0\0\0\x21\x1b\x04\x01\x1f\0\
\x1b\0\0\0\0\x84\0\0\0\x21\x1c\x04\x01\x1e\0\x1b\0\0\0\0\x84\0\0\0\x21\x1d\x04\
\x01\x1d\0\x1b\0\0\0\0\x84\0\0\0\x21\x1e\x04\x01\x1c\0\x1b\0\0\0\0\x84\0\0\0\
\x21\x1f\x04\x01\x1b\0\x1b\0\0\0\0\x84\0\0\0\x21\x20\x04\x03\x18\0\x04\0\0\0\0\
\x8a\x0d\0\0\x21\x2c\x01\x04\0\0\0\0\xa0\x0d\0\0\x21\x30\x02\x04\0\0\0\0\xb6\
\x0d\0\0\x21\x39\x04\0\x10\x95\x0d\0\0\0\0\0\0\x22\x18\x10\x7f\x04\0\0\0\0\0\0\
\x0c\x26\x10\xab\x0d\0\0\0\0\0\0\x22\x19\x10\xce\x03\0\0\0\0\0\0\x0c\x28\x10\
\xc1\x0d\0\0\0\0\0\0\x22\x1a\x10\x84\0\0\0\0\0\0\0\x0c\x2a\x14\0\0\0\0\x40\x07\
\x67\x13\x15\0\0\0\0\x74\x04\0\0\x07\x6b\x13\0\x15\0\0\0\0\x74\x04\0\0\x07\x6e\
\x13\x01\x15\0\0\0\0\xb8\x03\0\0\x07\x6f\x13\x02\x15\0\0\0\0\xb8\x03\0\0\x07\
\x70\x13\x04\x15\0\0\0\0\xc3\x03\0\0\x07\x73\x13\x06\x15\0\0\0\0\x2c\x01\0\0\
\x07\x78\x13\x08\x27\x2c\x0e\0\0\x07\x7a\x13\x0c\x28\x04\x07\x7a\x13\x15\0\0\0\
\0\x74\x04\0\0\x07\x7c\x13\0\x15\0\0\0\0\x62\x02\0\0\x07\x7d\x13\0\x15\0\0\0\0\
\x2c\x01\0\0\x07\x80\x13\0\0\x27\x62\x0e\0\0\x07\x83\x13\x10\x28\x10\x07\x83\
\x13\x15\0\0\0\0\x62\x02\0\0\x07\x84\x13\0\x15\0\0\0\0\xe0\x0e\0\0\x07\x85\x13\
\0\0\x27\x8b\x0e\0\0\x07\x8c\x13\x20\x28\x10\x07\x8c\x13\x15\0\0\0\0\x62\x02\0\
\0\x07\x8d\x13\0\x15\0\0\0\0\xe0\x0e\0\0\x07\x8e\x13\0\0\x15\0\0\0\0\xb8\x03\0\
\0\x07\x92\x13\x30\x15\0\0\0\0\xb8\x03\0\0\x07\x93\x13\x32\x15\0\0\0\0\xec\x0e\
\0\0\x07\x94\x13\x34\x15\0\0\0\0\xec\x0e\0\0\x07\x95\x13\x3a\0\x07\x2c\x01\0\0\
\x08\xf3\0\0\0\x04\0\x07\x74\x04\0\0\x08\xf3\0\0\0\x06\0\x07\xec\0\0\0\x08\xf3\
\0\0\0\x1e\0\x07\xec\0\0\0\x08\xf3\0\0\0\x1a\0\x07\xec\0\0\0\x08\xf3\0\0\0\x1b\
\0\x07\xec\0\0\0\x08\xf3\0\0\0\x19\0\x20\0\0\0\0\x0f\x72\x6d\x02\0\0\x01\x1d\0\
\0\0\0\x0f\x72\x5d\x02\0\0\x1d\0\0\0\0\x0f\x72\x96\x04\0\0\x1d\0\0\0\0\x0f\x72\
\x5d\x02\0\0\x1d\0\0\0\0\x0f\x73\x96\x04\0\0\x1d\0\0\0\0\x0f\x73\x6d\x02\0\0\0\
\x20\0\0\0\0\x0f\x4f\xdc\x01\0\0\x01\x1d\0\0\0\0\x0f\x4f\x7f\x01\0\0\x1d\0\0\0\
\0\x0f\x4f\x96\x04\0\0\x1d\0\0\0\0\x0f\x4f\x96\x04\0\0\x1d\0\0\0\0\x0f\x4f\x96\
\x04\0\0\x1d\0\0\0\0\x0f\x4f\x96\x04\0\0\x21\0\0\0\0\x0f\x59\x57\x01\0\0\x21\0\
\0\0\0\x0f\x5a\x57\x01\0\0\x21\0\0\0\0\x0f\x51\x91\x04\0\0\0\x29\0\0\0\0\x0f\
\x4d\x01\x1d\0\0\0\0\x0f\x4d\x91\x04\0\0\x1d\0\0\0\0\x0f\x4d\x6d\x02\0\0\0\x20\
\0\0\0\0\x0f\x3c\x6d\x02\0\0\x01\x1d\0\0\0\0\x0f\x3c\x6d\x02\0\0\x1d\0\0\0\0\
\x0f\x3c\x6d\x02\0\0\x21\0\0\0\0\x0f\x3e\x96\x04\0\0\0\x20\0\0\0\0\x0f\x34\x86\
\x04\0\0\x01\x1d\0\0\0\0\x0f\x34\x6d\x02\0\0\x21\0\0\0\0\x0f\x36\x96\x04\0\0\0\
\x2a\0\0\0\0\0\0\0\0\x60\x13\0\0\x01\x5a\0\0\0\0\x04\x06\x01\xdc\x01\0\0\x2b\0\
\0\0\0\0\0\0\0\x04\x06\x01\x7f\x01\0\0\x2c\x6c\0\0\0\0\0\0\0\x04\x09\x01\x96\
\x04\0\0\x2c\x33\x01\0\0\0\0\0\0\x04\x08\x01\xf2\x05\0\0\x1e\x30\0\0\0\x2d\x02\
\x91\x20\0\0\0\0\x04\x0a\x01\x98\x0b\0\0\0\x2e\xe5\x04\0\0\x60\0\0\0\x04\x10\
\x01\x0a\x2f\xb2\x01\0\0\xf1\x04\0\0\x2f\xb4\0\0\0\xfc\x04\0\0\x30\x07\x05\0\0\
\x31\x0b\x02\0\0\x12\x05\0\0\x31\x77\x02\0\0\x1d\x05\0\0\x31\xe3\x02\0\0\x28\
\x05\0\0\x31\x29\x03\0\0\x33\x05\0\0\x32\xd8\0\0\0\0\0\0\0\x40\0\0\0\x33\x02\
\x91\x20\x4a\x05\0\0\0\x32\x28\x01\0\0\0\0\0\0\x48\0\0\0\x33\x02\x91\x20\x57\
\x05\0\0\0\x32\xe8\x01\0\0\0\0\0\0\x98\0\0\0\x33\x02\x91\x20\x64\x05\0\0\0\x1e\
\xc0\0\0\0\x31\x6f\x03\0\0\x71\x05\0\0\x31\xb5\x03\0\0\x7c\x05\0\0\x32\xa0\x02\
\0\0\0\0\0\0\x78\0\0\0\x33\x02\x91\x20\x88\x05\0\0\0\x34\x5d\x0b\0\0\x90\0\0\0\
\x04\xde\x0c\x35\x69\x0b\0\0\x2f\xea\x03\0\0\x74\x0b\0\0\x31\x30\x04\0\0\x7f\
\x0b\0\0\x32\x70\x04\0\0\0\0\0\0\x60\0\0\0\x33\x02\x91\x20\x8b\x0b\0\0\0\0\x32\
\x18\x08\0\0\0\0\0\0\x78\0\0\0\x33\x02\x91\x20\x95\x05\0\0\0\x32\x98\x08\0\0\0\
\0\0\0\xa8\0\0\0\x33\x02\x91\x20\xa2\x05\0\0\0\0\x32\x58\x05\0\0\0\0\0\0\xb0\0\
\0\0\x33\x02\x91\x20\xb0\x05\0\0\0\x1e\0\x01\0\0\x33\x02\x91\x20\xbd\x05\0\0\0\
\x34\xa4\x0b\0\0\x30\x01\0\0\x04\xf5\x09\x2f\xcf\x04\0\0\xb0\x0b\0\0\x2f\x76\
\x04\0\0\xbb\x0b\0\0\x31\x2b\x05\0\0\xc6\x0b\0\0\x30\xd1\x0b\0\0\x31\x71\x05\0\
\0\xdc\x0b\0\0\x31\xca\x05\0\0\xe7\x0b\0\0\x31\x14\x06\0\0\xf2\x0b\0\0\x31\x5a\
\x06\0\0\xfd\x0b\0\0\x31\xa4\x06\0\0\x08\x0c\0\0\x31\xee\x06\0\0\x13\x0c\0\0\
\x31\x34\x07\0\0\x1e\x0c\0\0\x31\x7e\x07\0\0\x29\x0c\0\0\x31\xb6\x08\0\0\x34\
\x0c\0\0\x1e\x80\x01\0\0\x33\x02\x91\x20\x4b\x0c\0\0\0\x32\x90\x07\0\0\0\0\0\0\
\x38\0\0\0\x33\x02\x91\x20\x58\x0c\0\0\0\x1e\xb0\x01\0\0\x33\x02\x91\x20\x65\
\x0c\0\0\0\x1e\xe0\x01\0\0\x33\x02\x91\x20\x72\x0c\0\0\0\x32\0\x0e\0\0\0\0\0\0\
\x60\0\0\0\x33\x02\x91\x20\x7f\x0c\0\0\0\x1e\x10\x02\0\0\x33\x02\x91\x20\x8c\
\x0c\0\0\0\x1e\x40\x02\0\0\x33\x02\x91\x20\x99\x0c\0\0\0\x1e\x70\x02\0\0\x33\
\x02\x91\x20\xa6\x0c\0\0\0\x34\x28\x0f\0\0\xa0\x02\0\0\x04\x9d\x12\x2f\x4f\x08\
\0\0\x34\x0f\0\0\x2f\x1b\x08\0\0\x3f\x0f\0\0\x2f\x83\x08\0\0\x4a\x0f\0\0\x2f\
\xe7\x07\0\0\x55\x0f\0\0\x2f\xb3\x07\0\0\x60\x0f\0\0\0\x34\x6c\x0f\0\0\xd0\x02\
\0\0\x04\x9e\x03\x2f\xae\x09\0\0\x78\x0f\0\0\x35\x83\x0f\0\0\x2f\x7a\x09\0\0\
\x8e\x0f\0\0\x2f\xfe\x08\0\0\x99\x0f\0\0\x2f\x46\x09\0\0\xa4\x0f\0\0\x30\xaf\
\x0f\0\0\x31\xe1\x09\0\0\xba\x0f\0\0\x31\x7c\x0a\0\0\xc5\x0f\0\0\x36\xd1\x0f\0\
\0\x28\x12\0\0\0\0\0\0\xc0\0\0\0\x0f\x63\x05\x2f\x14\x0a\0\0\xd9\x0f\0\0\x2f\
\x49\x0a\0\0\xe4\x0f\0\0\x36\xf0\x0f\0\0\x48\x12\0\0\0\0\0\0\x60\0\0\0\x0f\x4d\
\x58\x2f\x2a\x0b\0\0\xfc\x0f\0\0\x2f\xb1\x0a\0\0\x07\x10\0\0\x31\xe4\x0a\0\0\
\x12\x10\0\0\0\x36\x1e\x10\0\0\xa8\x12\0\0\0\0\0\0\x38\0\0\0\x0f\x4d\x4a\x2f\
\xb6\x0b\0\0\x2a\x10\0\0\x31\x5d\x0b\0\0\x35\x10\0\0\0\0\0\x32\xf0\x12\0\0\0\0\
\0\0\x70\0\0\0\x33\x02\x91\x20\xb3\x0c\0\0\0\0\x32\x48\x09\0\0\0\0\0\0\x90\0\0\
\0\x33\x02\x91\x20\xca\x05\0\0\0\x32\xe0\x09\0\0\0\0\0\0\xb8\0\0\0\x33\x02\x91\
\x20\xd7\x05\0\0\0\x32\xd8\x04\0\0\0\0\0\0\x78\0\0\0\x33\x02\x91\x20\xe4\x05\0\
\0\0\0\0\x07\xec\0\0\0\x08\xf3\0\0\0\x14\0\0\x08\0\0\0\0\0\0\0\x48\0\0\0\0\0\0\
\0\x50\0\0\0\0\0\0\0\x60\0\0\0\0\0\0\0\0\0\0\0\0\0\0\0\0\0\0\0\0\0\0\0\x18\0\0\
\0\0\0\0\0\x58\0\0\0\0\0\0\0\x60\0\0\0\0\0\0\0\x78\0\0\0\0\0\0\0\0\0\0\0\0\0\0\
\0\0\0\0\0\0\0\0\0\xa0\0\0\0\0\0\0\0\x80\x01\0\0\0\0\0\0\x90\x01\0\0\0\0\0\0\
\x60\x13\0\0\0\0\0\0\0\0\0\0\0\0\0\0\0\0\0\0\0\0\0\0\x38\x04\0\0\0\0\0\0\xd0\
\x04\0\0\0\0\0\0\x60\x0e\0\0\0\0\0\0\xc0\x0e\0\0\0\0\0\0\0\0\0\0\0\0\0\0\0\0\0\
\0\0\0\0\0\xa0\x02\0\0\0\0\0\0\xd0\x04\0\0\0\0\0\0\x18\x08\0\0\0\0\0\0\x40\x09\
\0\0\0\0\0\0\x60\x0e\0\0\0\0\0\0\xf8\x0e\0\0\0\0\0\0\0\0\0\0\0\0\0\0\0\0\0\0\0\
\0\0\0\x20\x06\0\0\0\0\0\0\xb0\x06\0\0\0\0\0\0\x18\x07\0\0\0\0\0\0\x20\x07\0\0\
\0\0\0\0\0\0\0\0\0\0\0\0\0\0\0\0\0\0\0\0\xb0\x06\0\0\0\0\0\0\x18\x07\0\0\0\0\0\
\0\x20\x07\0\0\0\0\0\0\xd0\x07\0\0\0\0\0\0\x98\x0a\0\0\0\0\0\0\x60\x0e\0\0\0\0\
\0\0\xf8\x0e\0\0\0\0\0\0\x60\x13\0\0\0\0\0\0\0\0\0\0\0\0\0\0\0\0\0\0\0\0\0\0\
\xb0\x06\0\0\0\0\0\0\x18\x07\0\0\0\0\0\0\x20\x07\0\0\0\0\0\0\x38\x07\0\0\0\0\0\
\0\0\0\0\0\0\0\0\0\0\0\0\0\0\0\0\0\xd0\x0c\0\0\0\0\0\0\x40\x0d\0\0\0\0\0\0\x48\
\x0d\0\0\0\0\0\0\x58\x0d\0\0\0\0\0\0\0\0\0\0\0\0\0\0\0\0\0\0\0\0\0\0\x58\x0d\0\
\0\0\0\0\0\xc0\x0d\0\0\0\0\0\0\xc8\x0d\0\0\0\0\0\0\xd8\x0d\0\0\0\0\0\0\0\0\0\0\
\0\0\0\0\0\0\0\0\0\0\0\0\x60\x0f\0\0\0\0\0\0\xd0\x0f\0\0\0\0\0\0\xd8\x0f\0\0\0\
\0\0\0\xe8\x0f\0\0\0\0\0\0\0\0\0\0\0\0\0\0\0\0\0\0\0\0\0\0\xe8\x0f\0\0\0\0\0\0\
\x68\x10\0\0\0\0\0\0\x70\x10\0\0\0\0\0\0\x80\x10\0\0\0\0\0\0\0\0\0\0\0\0\0\0\0\
\0\0\0\0\0\0\0\x80\x10\0\0\0\0\0\0\xf0\x10\0\0\0\0\0\0\xf8\x10\0\0\0\0\0\0\x08\
\x11\0\0\0\0\0\0\0\0\0\0\0\0\0\0\0\0\0\0\0\0\0\0\xb8\x11\0\0\0\0\0\0\xf0\x11\0\
\0\0\0\0\0\x18\x12\0\0\0\0\0\0\x28\x12\0\0\0\0\0\0\0\0\0\0\0\0\0\0\0\0\0\0\0\0\
\0\0\xf0\x11\0\0\0\0\0\0\x18\x12\0\0\0\0\0\0\x28\x12\0\0\0\0\0\0\xe8\x12\0\0\0\
\0\0\0\0\0\0\0\0\0\0\0\0\0\0\0\0\0\0\0\0\0\0\0\0\0\0\0\x70\0\0\0\0\0\0\0\0\0\0\
\0\0\0\0\0\x60\x13\0\0\0\0\0\0\0\0\0\0\0\0\0\0\0\0\0\0\0\0\0\0\x9f\xeb\x01\0\
\x18\0\0\0\0\0\0\0\xf0\x01\0\0\xf0\x01\0\0\x6d\x10\0\0\0\0\0\0\0\0\0\x02\x02\0\
\0\0\x01\0\0\0\x06\0\0\x04\x18\0\0\0\x08\0\0\0\x03\0\0\0\0\0\0\0\x0d\0\0\0\x03\
\0\0\0\x20\0\0\0\x16\0\0\0\x03\0\0\0\x40\0\0\0\x20\0\0\0\x03\0\0\0\x60\0\0\0\
\x30\0\0\0\x03\0\0\0\x80\0\0\0\x3f\0\0\0\x03\0\0\0\xa0\0\0\0\x4e\0\0\0\0\0\0\
\x08\x04\0\0\0\x54\0\0\0\0\0\0\x01\x04\0\0\0\x20\0\0\0\0\0\0\0\x01\0\0\x0d\x06\
\0\0\0\x61\0\0\0\x01\0\0\0\x67\0\0\0\0\0\0\x01\x04\0\0\0\x20\0\0\x01\x6b\0\0\0\
\x01\0\0\x0c\x05\0\0\0\0\0\0\0\x01\0\0\x0d\x06\0\0\0\x61\0\0\0\x01\0\0\0\x2b\
\x01\0\0\x01\0\0\x0c\x08\0\0\0\xd2\x0f\0\0\x05\0\0\x04\x14\0\0\0\xde\x0f\0\0\
\x04\0\0\0\0\0\0\0\xe3\x0f\0\0\x04\0\0\0\x20\0\0\0\xec\x0f\0\0\x04\0\0\0\x40\0\
\0\0\xf7\x0f\0\0\x04\0\0\0\x60\0\0\0\x03\x10\0\0\x04\0\0\0\x80\0\0\0\x0d\x10\0\
\0\0\0\0\x0e\x0a\0\0\0\x01\0\0\0\x16\x10\0\0\0\0\0\x0e\x0a\0\0\0\x01\0\0\0\x1c\
\x10\0\0\0\0\0\x0e\x0a\0\0\0\x01\0\0\0\x32\x10\0\0\0\0\0\x0e\x0a\0\0\0\x01\0\0\
\0\x3e\x10\0\0\0\0\0\x01\x01\0\0\0\x08\0\0\x01\0\0\0\0\0\0\0\x03\0\0\0\0\x0f\0\
\0\0\x11\0\0\0\x04\0\0\0\x43\x10\0\0\0\0\0\x01\x04\0\0\0\x20\0\0\0\x57\x10\0\0\
\0\0\0\x0e\x10\0\0\0\x01\0\0\0\x60\x10\0\0\x01\0\0\x0f\0\0\0\0\x12\0\0\0\0\0\0\
\0\x04\0\0\0\x68\x10\0\0\x04\0\0\x0f\0\0\0\0\x0b\0\0\0\0\0\0\0\x14\0\0\0\x0c\0\
\0\0\0\0\0\0\x14\0\0\0\x0d\0\0\0\0\0\0\0\x14\0\0\0\x0e\0\0\0\0\0\0\0\x14\0\0\0\
\0\x78\x64\x70\x5f\x6d\x64\0\x64\x61\x74\x61\0\x64\x61\x74\x61\x5f\x65\x6e\x64\
\0\x64\x61\x74\x61\x5f\x6d\x65\x74\x61\0\x69\x6e\x67\x72\x65\x73\x73\x5f\x69\
\x66\x69\x6e\x64\x65\x78\0\x72\x78\x5f\x71\x75\x65\x75\x65\x5f\x69\x6e\x64\x65\
\x78\0\x65\x67\x72\x65\x73\x73\x5f\x69\x66\x69\x6e\x64\x65\x78\0\x5f\x5f\x75\
\x33\x32\0\x75\x6e\x73\x69\x67\x6e\x65\x64\x20\x69\x6e\x74\0\x70\x5f\x63\x74\
\x78\0\x69\x6e\x74\0\x78\x64\x70\x5f\x72\x65\x64\x69\x72\x65\x63\x74\x5f\x67\
\x74\x70\x75\0\x78\x64\x70\x5f\x72\x65\x64\x69\x72\x65\x63\x74\x5f\x64\x75\x6d\
\x6d\x79\0\x2f\x68\x6f\x6d\x65\x2f\x72\x6f\x68\x61\x6e\x2f\x6f\x61\x69\x2d\x63\
\x6e\x35\x67\x2d\x75\x70\x66\x2d\x65\x62\x70\x66\x2f\x73\x72\x63\x2f\x75\x70\
\x66\x5f\x61\x70\x70\x2f\x62\x70\x66\x2f\x66\x61\x72\x5f\x62\x70\x66\x2e\x63\0\
\x69\x6e\x74\x20\x78\x64\x70\x5f\x72\x65\x64\x69\x72\x65\x63\x74\x5f\x67\x74\
\x70\x75\x28\x73\x74\x72\x75\x63\x74\x20\x78\x64\x70\x5f\x6d\x64\x20\x2a\x70\
\x5f\x63\x74\x78\x29\0\x20\x20\x62\x70\x66\x5f\x64\x65\x62\x75\x67\x28\x22\x52\
\x65\x64\x69\x72\x65\x63\x74\x69\x6e\x67\x20\x70\x61\x63\x6b\x65\x74\x73\x22\
\x29\x3b\0\x20\x20\x72\x65\x74\x75\x72\x6e\x20\x58\x44\x50\x5f\x50\x41\x53\x53\
\x3b\0\x66\x61\x72\x5f\x65\x6e\x74\x72\x79\x5f\x70\x6f\x69\x6e\x74\0\x78\x64\
\x70\x5f\x66\x61\x72\0\x69\x6e\x74\x20\x66\x61\x72\x5f\x65\x6e\x74\x72\x79\x5f\
\x70\x6f\x69\x6e\x74\x28\x73\x74\x72\x75\x63\x74\x20\x78\x64\x70\x5f\x6d\x64\
\x20\x2a\x70\x5f\x63\x74\x78\x29\0\x20\x20\x75\x33\x32\x20\x6b\x65\x79\x20\x3d\
\x20\x30\x3b\0\x20\x20\x62\x70\x66\x5f\x64\x65\x62\x75\x67\x28\x22\x58\x44\x50\
\x20\x46\x41\x52\x20\x43\x4f\x4e\x54\x45\x58\x54\x5c\x6e\x22\x29\x3b\0\x20\x20\
\x70\x5f\x66\x61\x72\x20\x3d\x20\x62\x70\x66\x5f\x6d\x61\x70\x5f\x6c\x6f\x6f\
\x6b\x75\x70\x5f\x65\x6c\x65\x6d\x28\x26\x6d\x5f\x66\x61\x72\x2c\x20\x26\x6b\
\x65\x79\x29\x3b\0\x20\x20\x76\x6f\x69\x64\x20\x2a\x70\x5f\x64\x61\x74\x61\x5f\
\x65\x6e\x64\x20\x3d\x20\x28\x76\x6f\x69\x64\x20\x2a\x29\x28\x6c\x6f\x6e\x67\
\x29\x70\x5f\x63\x74\x78\x2d\x3e\x64\x61\x74\x61\x5f\x65\x6e\x64\x3b\0\x20\x20\
\x76\x6f\x69\x64\x20\x2a\x70\x5f\x64\x61\x74\x61\x20\x3d\x20\x28\x76\x6f\x69\
\x64\x20\x2a\x29\x28\x6c\x6f\x6e\x67\x29\x70\x5f\x63\x74\x78\x2d\x3e\x64\x61\
\x74\x61\x3b\0\x20\x20\x69\x66\x28\x28\x76\x6f\x69\x64\x20\x2a\x29\x28\x70\x5f\
\x65\x74\x68\x20\x2b\x20\x31\x29\x20\x3e\x20\x70\x5f\x64\x61\x74\x61\x5f\x65\
\x6e\x64\x29\x20\x7b\0\x20\x20\x20\x20\x62\x70\x66\x5f\x64\x65\x62\x75\x67\x28\
\x22\x49\x6e\x76\x61\x6c\x69\x64\x20\x70\x6f\x69\x6e\x74\x65\x72\x22\x29\x3b\0\
\x20\x20\x69\x66\x28\x21\x70\x5f\x66\x61\x72\x29\x20\x7b\0\x20\x20\x20\x20\x62\
\x70\x66\x5f\x64\x65\x62\x75\x67\x28\x22\x49\x6e\x76\x61\x6c\x69\x64\x20\x46\
\x41\x52\x21\x22\x29\x3b\0\x20\x20\x72\x65\x74\x75\x72\x6e\x20\x70\x66\x63\x70\
\x5f\x66\x61\x72\x5f\x61\x70\x70\x6c\x79\x28\x70\x5f\x63\x74\x78\x2c\x20\x70\
\x5f\x66\x61\x72\x29\x3b\0\x20\x20\x69\x66\x28\x70\x5f\x66\x61\x72\x2d\x3e\x61\
\x70\x70\x6c\x79\x5f\x61\x63\x74\x69\x6f\x6e\x2e\x66\x6f\x72\x77\x29\x20\x7b\0\
\x20\x20\x64\x65\x73\x74\x5f\x69\x6e\x74\x65\x72\x66\x61\x63\x65\x20\x3d\x20\
\x70\x5f\x66\x61\x72\x2d\x3e\x66\x6f\x72\x77\x61\x72\x64\x69\x6e\x67\x5f\x70\
\x61\x72\x61\x6d\x65\x74\x65\x72\x73\x2e\x64\x65\x73\x74\x69\x6e\x61\x74\x69\
\x6f\x6e\x5f\x69\x6e\x74\x65\x72\x66\x61\x63\x65\x2e\x69\x6e\x74\x65\x72\x66\
\x61\x63\x65\x5f\x76\x61\x6c\x75\x65\x3b\0\x20\x20\x20\x20\x69\x66\x28\x64\x65\
\x73\x74\x5f\x69\x6e\x74\x65\x72\x66\x61\x63\x65\x20\x3d\x3d\x20\x49\x4e\x54\
\x45\x52\x46\x41\x43\x45\x5f\x56\x41\x4c\x55\x45\x5f\x43\x4f\x52\x45\x29\x20\
\x7b\0\x20\x20\x20\x20\x20\x20\x62\x70\x66\x5f\x64\x65\x62\x75\x67\x28\x22\x44\
\x65\x73\x74\x69\x6e\x61\x74\x69\x6f\x6e\x20\x69\x73\x20\x74\x6f\x20\x49\x4e\
\x54\x45\x52\x46\x41\x43\x45\x5f\x56\x41\x4c\x55\x45\x5f\x43\x4f\x52\x45\x5c\
\x6e\x22\x29\x3b\0\x20\x20\x20\x20\x20\x20\x73\x77\x69\x74\x63\x68\x28\x6f\x75\
\x74\x65\x72\x5f\x68\x65\x61\x64\x65\x72\x5f\x63\x72\x65\x61\x74\x69\x6f\x6e\
\x29\x20\x7b\0\x20\x20\x20\x20\x20\x20\x20\x20\x62\x70\x66\x5f\x64\x65\x62\x75\
\x67\x28\x22\x4f\x55\x54\x45\x52\x5f\x48\x45\x41\x44\x45\x52\x5f\x43\x52\x45\
\x41\x54\x49\x4f\x4e\x5f\x55\x44\x50\x5f\x49\x50\x56\x34\x5c\x6e\x22\x29\x3b\0\
\x20\x20\x20\x20\x20\x20\x20\x20\x69\x66\x28\x28\x76\x6f\x69\x64\x20\x2a\x29\
\x28\x70\x5f\x6e\x65\x77\x5f\x65\x74\x68\x20\x2b\x20\x31\x29\x20\x3e\x20\x70\
\x5f\x64\x61\x74\x61\x5f\x65\x6e\x64\x29\x20\x7b\0\x20\x20\x20\x20\x20\x20\x20\
\x20\x5f\x5f\x62\x75\x69\x6c\x74\x69\x6e\x5f\x6d\x65\x6d\x63\x70\x79\x28\x70\
\x5f\x6e\x65\x77\x5f\x65\x74\x68\x2c\x20\x70\x5f\x65\x74\x68\x2c\x20\x73\x69\
\x7a\x65\x6f\x66\x28\x2a\x70\x5f\x65\x74\x68\x29\x29\x3b\0\x20\x20\x20\x20\x20\
\x20\x20\x20\x69\x66\x28\x28\x76\x6f\x69\x64\x20\x2a\x29\x28\x70\x5f\x69\x70\
\x20\x2b\x20\x31\x29\x20\x3e\x20\x70\x5f\x64\x61\x74\x61\x5f\x65\x6e\x64\x29\
\x20\x7b\0\x20\x20\x70\x5f\x6d\x61\x63\x5f\x61\x64\x64\x72\x65\x73\x73\x20\x3d\
\x20\x62\x70\x66\x5f\x6d\x61\x70\x5f\x6c\x6f\x6f\x6b\x75\x70\x5f\x65\x6c\x65\
\x6d\x28\x26\x6d\x5f\x61\x72\x70\x5f\x74\x61\x62\x6c\x65\x2c\x20\x26\x70\x5f\
\x69\x70\x2d\x3e\x64\x61\x64\x64\x72\x29\x3b\0\x20\x20\x69\x66\x28\x21\x70\x5f\
\x6d\x61\x63\x5f\x61\x64\x64\x72\x65\x73\x73\x29\x20\x7b\0\x20\x20\x20\x20\x62\
\x70\x66\x5f\x64\x65\x62\x75\x67\x28\x22\x6d\x61\x63\x20\x6e\x6f\x74\x20\x66\
\x6f\x75\x6e\x64\x21\x21\x5c\x6e\x22\x29\x3b\0\x20\x20\x20\x20\x62\x70\x66\x5f\
\x64\x65\x62\x75\x67\x28\x22\x46\x6f\x72\x77\x61\x72\x64\x20\x61\x63\x74\x69\
\x6f\x6e\x20\x75\x6e\x73\x65\x74\x22\x29\x3b\0\x20\x20\x20\x20\x20\x20\x62\x70\
\x66\x5f\x64\x65\x62\x75\x67\x28\x22\x44\x65\x73\x74\x69\x6e\x61\x74\x69\x6f\
\x6e\x20\x69\x73\x20\x74\x6f\x20\x49\x4e\x54\x45\x52\x46\x41\x43\x45\x5f\x56\
\x41\x4c\x55\x45\x5f\x41\x43\x43\x45\x53\x53\x22\x29\x3b\0\x20\x20\x20\x20\x20\
\x20\x20\x20\x62\x70\x66\x5f\x64\x65\x62\x75\x67\x28\x22\x4f\x55\x54\x45\x52\
\x5f\x48\x45\x41\x44\x45\x52\x5f\x43\x52\x45\x41\x54\x49\x4f\x4e\x5f\x47\x54\
\x50\x55\x5f\x55\x44\x50\x5f\x49\x50\x56\x34\x22\x29\x3b\0\x20\x20\x62\x70\x66\
\x5f\x64\x65\x62\x75\x67\x28\x22\x63\x72\x65\x61\x74\x65\x5f\x6f\x75\x74\x65\
\x72\x5f\x68\x65\x61\x64\x65\x72\x5f\x67\x74\x70\x75\x5f\x69\x70\x76\x34\x22\
\x29\x3b\0\x20\x20\x62\x70\x66\x5f\x78\x64\x70\x5f\x61\x64\x6a\x75\x73\x74\x5f\
\x68\x65\x61\x64\x28\x70\x5f\x63\x74\x78\x2c\x20\x28\x69\x6e\x74\x33\x32\x5f\
\x74\x29\x2d\x47\x54\x50\x5f\x45\x4e\x43\x41\x50\x53\x55\x4c\x41\x54\x45\x44\
\x5f\x53\x49\x5a\x45\x29\x3b\0\x20\x20\x70\x5f\x64\x61\x74\x61\x5f\x65\x6e\x64\
\x20\x3d\x20\x28\x76\x6f\x69\x64\x20\x2a\x29\x28\x6c\x6f\x6e\x67\x29\x70\x5f\
\x63\x74\x78\x2d\x3e\x64\x61\x74\x61\x5f\x65\x6e\x64\x3b\0\x20\x20\x70\x5f\x64\
\x61\x74\x61\x20\x3d\x20\x28\x76\x6f\x69\x64\x20\x2a\x29\x28\x6c\x6f\x6e\x67\
\x29\x70\x5f\x63\x74\x78\x2d\x3e\x64\x61\x74\x61\x3b\0\x20\x20\x20\x20\x20\x20\
\x20\x20\x72\x65\x74\x75\x72\x6e\x20\x62\x70\x66\x5f\x72\x65\x64\x69\x72\x65\
\x63\x74\x5f\x6d\x61\x70\x28\x26\x6d\x5f\x72\x65\x64\x69\x72\x65\x63\x74\x5f\
\x69\x6e\x74\x65\x72\x66\x61\x63\x65\x73\x2c\x20\x44\x4f\x57\x4e\x4c\x49\x4e\
\x4b\x2c\x20\x30\x29\x3b\0\x20\x20\x20\x20\x20\x20\x20\x20\x62\x70\x66\x5f\x64\
\x65\x62\x75\x67\x28\x22\x4f\x55\x54\x45\x52\x5f\x48\x45\x41\x44\x45\x52\x5f\
\x43\x52\x45\x41\x54\x49\x4f\x4e\x5f\x55\x44\x50\x5f\x49\x50\x56\x36\x5c\x6e\
\x22\x29\x3b\0\x20\x20\x20\x20\x20\x20\x20\x20\x62\x70\x66\x5f\x64\x65\x62\x75\
\x67\x28\x22\x49\x6e\x20\x64\x65\x73\x74\x69\x6e\x61\x74\x69\x6f\x6e\x20\x74\
\x6f\x20\x43\x4f\x52\x45\x20\x2d\x20\x49\x6e\x76\x61\x6c\x69\x64\x20\x6f\x70\
\x74\x69\x6f\x6e\x3a\x20\x25\x64\x22\x2c\x20\x6f\x75\x74\x65\x72\x5f\x68\x65\
\x61\x64\x65\x72\x5f\x63\x72\x65\x61\x74\x69\x6f\x6e\x29\x3b\0\x20\x20\x20\x20\
\x20\x20\x20\x20\x62\x70\x66\x5f\x64\x65\x62\x75\x67\x28\x22\x4f\x55\x54\x45\
\x52\x5f\x48\x45\x41\x44\x45\x52\x5f\x43\x52\x45\x41\x54\x49\x4f\x4e\x5f\x47\
\x54\x50\x55\x5f\x55\x44\x50\x5f\x49\x50\x56\x36\x22\x29\x3b\0\x20\x20\x20\x20\
\x20\x20\x20\x20\x62\x70\x66\x5f\x64\x65\x62\x75\x67\x28\x22\x49\x6e\x20\x64\
\x65\x73\x74\x69\x6e\x61\x74\x69\x6f\x6e\x20\x74\x6f\x20\x41\x43\x43\x45\x53\
\x53\x20\x2d\x20\x49\x6e\x76\x61\x6c\x69\x64\x20\x6f\x70\x74\x69\x6f\x6e\x3a\
\x20\x25\x64\x22\x2c\x20\x6f\x75\x74\x65\x72\x5f\x68\x65\x61\x64\x65\x72\x5f\
\x63\x72\x65\x61\x74\x69\x6f\x6e\x29\x3b\0\x20\x20\x69\x66\x28\x28\x76\x6f\x69\
\x64\x20\x2a\x29\x28\x70\x5f\x6f\x72\x69\x67\x5f\x65\x74\x68\x20\x2b\x20\x31\
\x29\x20\x3e\x20\x70\x5f\x64\x61\x74\x61\x5f\x65\x6e\x64\x29\x20\x7b\0\x20\x20\
\x6d\x65\x6d\x63\x70\x79\x28\x70\x5f\x65\x74\x68\x2c\x20\x70\x5f\x6f\x72\x69\
\x67\x5f\x65\x74\x68\x2c\x20\x73\x69\x7a\x65\x6f\x66\x28\x2a\x70\x5f\x65\x74\
\x68\x29\x29\x3b\0\x20\x20\x69\x66\x28\x28\x76\x6f\x69\x64\x20\x2a\x29\x28\x70\
\x5f\x69\x70\x20\x2b\x20\x31\x29\x20\x3e\x20\x70\x5f\x64\x61\x74\x61\x5f\x65\
\x6e\x64\x29\x20\x7b\0\x20\x20\x70\x5f\x69\x70\x2d\x3e\x69\x68\x6c\x20\x3d\x20\
\x35\x3b\x20\x2f\x2f\x20\x4e\x6f\x20\x6f\x70\x74\x69\x6f\x6e\x73\0\x20\x20\x70\
\x5f\x69\x70\x2d\x3e\x73\x61\x64\x64\x72\x20\x3d\x20\x4c\x4f\x43\x41\x4c\x5f\
\x49\x50\x3b\0\x20\x20\x70\x5f\x69\x70\x2d\x3e\x74\x74\x6c\x20\x3d\x20\x36\x34\
\x3b\0\x20\x20\x70\x5f\x69\x70\x2d\x3e\x69\x64\x20\x3d\x20\x30\x3b\x20\x20\x20\
\x20\x20\x20\x20\x20\x20\x20\x20\x20\x2f\x2f\x20\x4e\x6f\x20\x66\x72\x61\x67\
\x6d\x65\x6e\x74\x61\x74\x69\x6f\x6e\0\x20\x20\x70\x5f\x69\x70\x2d\x3e\x74\x6f\
\x74\x5f\x6c\x65\x6e\x20\x3d\x20\x68\x74\x6f\x6e\x73\x28\x6e\x74\x6f\x68\x73\
\x28\x70\x5f\x69\x6e\x6e\x65\x72\x5f\x69\x70\x2d\x3e\x74\x6f\x74\x5f\x6c\x65\
\x6e\x29\x20\x2b\x20\x47\x54\x50\x5f\x45\x4e\x43\x41\x50\x53\x55\x4c\x41\x54\
\x45\x44\x5f\x53\x49\x5a\x45\x29\x3b\0\x20\x20\x70\x5f\x69\x70\x2d\x3e\x64\x61\
\x64\x64\x72\x20\x3d\x20\x70\x5f\x66\x61\x72\x2d\x3e\x66\x6f\x72\x77\x61\x72\
\x64\x69\x6e\x67\x5f\x70\x61\x72\x61\x6d\x65\x74\x65\x72\x73\x2e\x6f\x75\x74\
\x65\x72\x5f\x68\x65\x61\x64\x65\x72\x5f\x63\x72\x65\x61\x74\x69\x6f\x6e\x2e\
\x69\x70\x76\x34\x5f\x61\x64\x64\x72\x65\x73\x73\x2e\x73\x5f\x61\x64\x64\x72\
\x3b\0\x20\x20\x69\x66\x28\x28\x76\x6f\x69\x64\x20\x2a\x29\x28\x70\x5f\x75\x64\
\x70\x20\x2b\x20\x31\x29\x20\x3e\x20\x70\x5f\x64\x61\x74\x61\x5f\x65\x6e\x64\
\x29\x20\x7b\0\x20\x20\x70\x5f\x75\x64\x70\x2d\x3e\x73\x6f\x75\x72\x63\x65\x20\
\x3d\x20\x68\x74\x6f\x6e\x73\x28\x47\x54\x50\x5f\x55\x44\x50\x5f\x50\x4f\x52\
\x54\x29\x3b\0\x20\x20\x70\x5f\x75\x64\x70\x2d\x3e\x64\x65\x73\x74\x20\x3d\x20\
\x68\x74\x6f\x6e\x73\x28\x70\x5f\x66\x61\x72\x2d\x3e\x66\x6f\x72\x77\x61\x72\
\x64\x69\x6e\x67\x5f\x70\x61\x72\x61\x6d\x65\x74\x65\x72\x73\x2e\x6f\x75\x74\
\x65\x72\x5f\x68\x65\x61\x64\x65\x72\x5f\x63\x72\x65\x61\x74\x69\x6f\x6e\x2e\
\x70\x6f\x72\x74\x5f\x6e\x75\x6d\x62\x65\x72\x29\x3b\0\x20\x20\x70\x5f\x75\x64\
\x70\x2d\x3e\x63\x68\x65\x63\x6b\x20\x3d\x20\x30\x3b\0\x20\x20\x70\x5f\x75\x64\
\x70\x2d\x3e\x6c\x65\x6e\x20\x3d\x20\x68\x74\x6f\x6e\x73\x28\x6e\x74\x6f\x68\
\x73\x28\x70\x5f\x69\x6e\x6e\x65\x72\x5f\x69\x70\x2d\x3e\x74\x6f\x74\x5f\x6c\
\x65\x6e\x29\x20\x2b\x20\x73\x69\x7a\x65\x6f\x66\x28\x2a\x70\x5f\x75\x64\x70\
\x29\x20\x2b\x20\x73\x69\x7a\x65\x6f\x66\x28\x73\x74\x72\x75\x63\x74\x20\x67\
\x74\x70\x75\x68\x64\x72\x29\x29\x3b\0\x20\x20\x62\x70\x66\x5f\x64\x65\x62\x75\
\x67\x28\x22\x44\x65\x73\x74\x69\x6e\x61\x74\x69\x6f\x6e\x20\x4d\x41\x43\x3a\
\x25\x78\x3a\x25\x78\x3a\x25\x78\x5c\x6e\x22\x2c\x20\x70\x5f\x65\x74\x68\x2d\
\x3e\x68\x5f\x64\x65\x73\x74\x5b\x30\x5d\x2c\x20\x70\x5f\x65\x74\x68\x2d\x3e\
\x68\x5f\x64\x65\x73\x74\x5b\x31\x5d\x2c\x20\x70\x5f\x65\x74\x68\x2d\x3e\x68\
\x5f\x64\x65\x73\x74\x5b\x32\x5d\x29\x3b\0\x20\x20\x62\x70\x66\x5f\x64\x65\x62\
\x75\x67\x28\x22\x44\x65\x73\x74\x69\x6e\x61\x74\x69\x6f\x6e\x20\x4d\x41\x43\
\x3a\x25\x78\x3a\x25\x78\x3a\x25\x78\x5c\x6e\x22\x2c\x20\x70\x5f\x65\x74\x68\
\x2d\x3e\x68\x5f\x64\x65\x73\x74\x5b\x33\x5d\x2c\x20\x70\x5f\x65\x74\x68\x2d\
\x3e\x68\x5f\x64\x65\x73\x74\x5b\x34\x5d\x2c\x20\x70\x5f\x65\x74\x68\x2d\x3e\
\x68\x5f\x64\x65\x73\x74\x5b\x35\x5d\x29\x3b\0\x20\x20\x6d\x65\x6d\x63\x70\x79\
\x28\x70\x5f\x65\x74\x68\x2d\x3e\x68\x5f\x64\x65\x73\x74\x2c\x20\x70\x5f\x6d\
\x61\x63\x5f\x61\x64\x64\x72\x65\x73\x73\x2c\x20\x73\x69\x7a\x65\x6f\x66\x28\
\x70\x5f\x65\x74\x68\x2d\x3e\x68\x5f\x64\x65\x73\x74\x29\x29\x3b\0\x20\x20\x20\
\x20\x20\x20\x20\x20\x62\x70\x66\x5f\x78\x64\x70\x5f\x61\x64\x6a\x75\x73\x74\
\x5f\x68\x65\x61\x64\x28\x70\x5f\x63\x74\x78\x2c\x20\x47\x54\x50\x5f\x45\x4e\
\x43\x41\x50\x53\x55\x4c\x41\x54\x45\x44\x5f\x53\x49\x5a\x45\x29\x3b\0\x20\x20\
\x20\x20\x20\x20\x20\x20\x72\x65\x74\x75\x72\x6e\x20\x62\x70\x66\x5f\x72\x65\
\x64\x69\x72\x65\x63\x74\x5f\x6d\x61\x70\x28\x26\x6d\x5f\x72\x65\x64\x69\x72\
\x65\x63\x74\x5f\x69\x6e\x74\x65\x72\x66\x61\x63\x65\x73\x2c\x20\x55\x50\x4c\
\x49\x4e\x4b\x2c\x20\x30\x29\x3b\0\x20\x20\x62\x70\x66\x5f\x64\x65\x62\x75\x67\
\x28\x22\x44\x65\x73\x74\x69\x6e\x61\x74\x69\x6f\x6e\x20\x49\x50\x3a\x25\x64\
\x20\x50\x6f\x72\x74\x3a\x25\x64\x5c\x6e\x22\x2c\x20\x70\x5f\x69\x70\x2d\x3e\
\x64\x61\x64\x64\x72\x2c\x20\x70\x5f\x66\x61\x72\x2d\x3e\x66\x6f\x72\x77\x61\
\x72\x64\x69\x6e\x67\x5f\x70\x61\x72\x61\x6d\x65\x74\x65\x72\x73\x2e\x6f\x75\
\x74\x65\x72\x5f\x68\x65\x61\x64\x65\x72\x5f\x63\x72\x65\x61\x74\x69\x6f\x6e\
\x2e\x70\x6f\x72\x74\x5f\x6e\x75\x6d\x62\x65\x72\x29\x3b\0\x20\x20\x69\x66\x28\
\x28\x76\x6f\x69\x64\x20\x2a\x29\x28\x70\x5f\x67\x74\x70\x75\x68\x20\x2b\x20\
\x31\x29\x20\x3e\x20\x70\x5f\x64\x61\x74\x61\x5f\x65\x6e\x64\x29\x20\x7b\0\x20\
\x20\x70\x5f\x67\x74\x70\x75\x68\x2d\x3e\x6d\x65\x73\x73\x61\x67\x65\x5f\x74\
\x79\x70\x65\x20\x3d\x20\x47\x54\x50\x55\x5f\x47\x5f\x50\x44\x55\x3b\0\x20\x20\
\x6d\x65\x6d\x63\x70\x79\x28\x70\x5f\x67\x74\x70\x75\x68\x2c\x20\x26\x66\x6c\
\x61\x67\x73\x2c\x20\x73\x69\x7a\x65\x6f\x66\x28\x75\x38\x29\x29\x3b\0\x20\x20\
\x70\x5f\x67\x74\x70\x75\x68\x2d\x3e\x6d\x65\x73\x73\x61\x67\x65\x5f\x6c\x65\
\x6e\x67\x74\x68\x20\x3d\x20\x70\x5f\x69\x6e\x6e\x65\x72\x5f\x69\x70\x2d\x3e\
\x74\x6f\x74\x5f\x6c\x65\x6e\x3b\0\x20\x20\x70\x5f\x67\x74\x70\x75\x68\x2d\x3e\
\x74\x65\x69\x64\x20\x3d\x20\x70\x5f\x66\x61\x72\x2d\x3e\x66\x6f\x72\x77\x61\
\x72\x64\x69\x6e\x67\x5f\x70\x61\x72\x61\x6d\x65\x74\x65\x72\x73\x2e\x6f\x75\
\x74\x65\x72\x5f\x68\x65\x61\x64\x65\x72\x5f\x63\x72\x65\x61\x74\x69\x6f\x6e\
\x2e\x74\x65\x69\x64\x3b\0\x2f\x68\x6f\x6d\x65\x2f\x72\x6f\x68\x61\x6e\x2f\x6f\
\x61\x69\x2d\x63\x6e\x35\x67\x2d\x75\x70\x66\x2d\x65\x62\x70\x66\x2f\x73\x72\
\x63\x2f\x75\x70\x66\x5f\x61\x70\x70\x2f\x62\x70\x66\x2f\x75\x74\x69\x6c\x73\
\x2f\x63\x73\x75\x6d\x2e\x68\0\x20\x20\x72\x65\x74\x75\x72\x6e\x20\x62\x70\x66\
\x5f\x63\x73\x75\x6d\x5f\x64\x69\x66\x66\x28\x66\x72\x6f\x6d\x2c\x20\x66\x72\
\x6f\x6d\x5f\x73\x69\x7a\x65\x2c\x20\x74\x6f\x2c\x20\x74\x6f\x5f\x73\x69\x7a\
\x65\x2c\x20\x73\x65\x65\x64\x29\x3b\0\x20\x20\x76\x6f\x69\x64\x20\x2a\x64\x61\
\x74\x61\x5f\x65\x6e\x64\x32\x20\x3d\x20\x28\x76\x6f\x69\x64\x20\x2a\x29\x28\
\x6c\x6f\x6e\x67\x29\x63\x74\x78\x2d\x3e\x64\x61\x74\x61\x5f\x65\x6e\x64\x3b\0\
\x20\x20\x76\x6f\x69\x64\x20\x2a\x64\x61\x74\x61\x32\x20\x3d\x20\x28\x76\x6f\
\x69\x64\x20\x2a\x29\x28\x6c\x6f\x6e\x67\x29\x63\x74\x78\x2d\x3e\x64\x61\x74\
\x61\x3b\0\x20\x20\x69\x66\x28\x64\x61\x74\x61\x32\x20\x2b\x20\x63\x73\x75\x6d\
\x5f\x6f\x66\x66\x73\x65\x74\x20\x2b\x20\x73\x69\x7a\x65\x6f\x66\x28\x2a\x70\
\x74\x72\x29\x20\x3e\x20\x64\x61\x74\x61\x5f\x65\x6e\x64\x32\x29\x20\x7b\0\x73\
\x74\x61\x74\x69\x63\x20\x76\x6f\x69\x64\x20\x70\x63\x6e\x5f\x63\x73\x75\x6d\
\x5f\x72\x65\x70\x6c\x61\x63\x65\x5f\x62\x79\x5f\x64\x69\x66\x66\x28\x5f\x5f\
\x73\x75\x6d\x31\x36\x20\x2a\x73\x75\x6d\x2c\x20\x5f\x5f\x77\x73\x75\x6d\x20\
\x64\x69\x66\x66\x29\x20\x7b\x20\x2a\x73\x75\x6d\x20\x3d\x20\x70\x63\x6e\x5f\
\x63\x73\x75\x6d\x5f\x66\x6f\x6c\x64\x28\x70\x63\x6e\x5f\x63\x73\x75\x6d\x5f\
\x61\x64\x64\x28\x64\x69\x66\x66\x2c\x20\x7e\x70\x63\x6e\x5f\x63\x73\x75\x6d\
\x5f\x75\x6e\x66\x6f\x6c\x64\x28\x2a\x73\x75\x6d\x29\x29\x29\x3b\x20\x7d\0\x20\
\x20\x72\x65\x73\x20\x2b\x3d\x20\x28\x75\x33\x32\x29\x61\x64\x64\x65\x6e\x64\
\x3b\0\x20\x20\x72\x65\x74\x75\x72\x6e\x20\x28\x5f\x5f\x77\x73\x75\x6d\x29\x28\
\x72\x65\x73\x20\x2b\x20\x28\x72\x65\x73\x20\x3c\x20\x28\x75\x33\x32\x29\x61\
\x64\x64\x65\x6e\x64\x29\x29\x3b\0\x20\x20\x73\x75\x6d\x20\x3d\x20\x28\x73\x75\
\x6d\x20\x26\x20\x30\x78\x66\x66\x66\x66\x29\x20\x2b\x20\x28\x73\x75\x6d\x20\
\x3e\x3e\x20\x31\x36\x29\x3b\0\x20\x20\x72\x65\x74\x75\x72\x6e\x20\x28\x5f\x5f\
\x73\x75\x6d\x31\x36\x29\x7e\x73\x75\x6d\x3b\0\x20\x20\x62\x70\x66\x5f\x64\x65\
\x62\x75\x67\x28\x22\x47\x54\x50\x55\x20\x68\x65\x61\x64\x65\x72\x20\x77\x65\
\x72\x65\x20\x70\x75\x73\x68\x65\x64\x21\x22\x29\x3b\0\x62\x70\x66\x5f\x6d\x61\
\x70\x5f\x64\x65\x66\0\x74\x79\x70\x65\0\x6b\x65\x79\x5f\x73\x69\x7a\x65\0\x76\
\x61\x6c\x75\x65\x5f\x73\x69\x7a\x65\0\x6d\x61\x78\x5f\x65\x6e\x74\x72\x69\x65\
\x73\0\x6d\x61\x70\x5f\x66\x6c\x61\x67\x73\0\x6d\x63\x5f\x73\x74\x61\x74\x73\0\
\x6d\x5f\x66\x61\x72\0\x6d\x5f\x72\x65\x64\x69\x72\x65\x63\x74\x5f\x69\x6e\x74\
\x65\x72\x66\x61\x63\x65\x73\0\x6d\x5f\x61\x72\x70\x5f\x74\x61\x62\x6c\x65\0\
\x63\x68\x61\x72\0\x5f\x5f\x41\x52\x52\x41\x59\x5f\x53\x49\x5a\x45\x5f\x54\x59\
\x50\x45\x5f\x5f\0\x5f\x6c\x69\x63\x65\x6e\x73\x65\0\x6c\x69\x63\x65\x6e\x73\
\x65\0\x6d\x61\x70\x73\0\x9f\xeb\x01\0\x20\0\0\0\0\0\0\0\x24\0\0\0\x24\0\0\0\
\x24\x08\0\0\x48\x08\0\0\0\0\0\0\x08\0\0\0\x7d\0\0\0\x01\0\0\0\0\0\0\0\x07\0\0\
\0\x3b\x01\0\0\x01\0\0\0\0\0\0\0\x09\0\0\0\x10\0\0\0\x7d\0\0\0\x05\0\0\0\0\0\0\
\0\x90\0\0\0\xc8\0\0\0\0\x8c\0\0\x08\0\0\0\x90\0\0\0\xf4\0\0\0\x03\x98\0\0\x48\
\0\0\0\x90\0\0\0\0\0\0\0\0\0\0\0\x50\0\0\0\x90\0\0\0\xf4\0\0\0\x03\x98\0\0\x60\
\0\0\0\x90\0\0\0\x18\x01\0\0\x03\x9c\0\0\x3b\x01\0\0\x7c\0\0\0\0\0\0\0\x90\0\0\
\0\x43\x01\0\0\0\x18\x04\0\x10\0\0\0\x90\0\0\0\x6d\x01\0\0\x07\x24\x04\0\x18\0\
\0\0\x90\0\0\0\x7c\x01\0\0\x03\x28\x04\0\x58\0\0\0\x90\0\0\0\0\0\0\0\0\0\0\0\
\x60\0\0\0\x90\0\0\0\x7c\x01\0\0\x03\x28\x04\0\x78\0\0\0\x90\0\0\0\0\0\0\0\0\0\
\0\0\x80\0\0\0\x90\0\0\0\x9e\x01\0\0\x0b\x34\x04\0\xa0\0\0\0\x90\0\0\0\xcb\x01\
\0\0\x2b\xb8\x02\0\xa8\0\0\0\x90\0\0\0\xff\x01\0\0\x27\xb4\x02\0\xb0\0\0\0\x90\
\0\0\0\x2b\x02\0\0\x06\xe0\x02\0\xc0\0\0\0\x90\0\0\0\x2b\x02\0\0\x06\xe0\x02\0\
\xd8\0\0\0\x90\0\0\0\x54\x02\0\0\x05\xe4\x02\0\x18\x01\0\0\x90\0\0\0\x76\x02\0\
\0\x06\xf8\x02\0\x28\x01\0\0\x90\0\0\0\x85\x02\0\0\x05\xfc\x02\0\x70\x01\0\0\
\x90\0\0\0\0\0\0\0\0\0\0\0\x80\x01\0\0\x90\0\0\0\xa4\x02\0\0\x03\x40\x04\0\x90\
\x01\0\0\x90\0\0\0\xcb\x02\0\0\x1a\x1c\x03\0\xa0\x01\0\0\x90\0\0\0\xcb\x02\0\0\
\x06\x1c\x03\0\xc0\x01\0\0\x90\0\0\0\xec\x02\0\0\x47\x0c\x03\0\xc8\x01\0\0\x90\
\0\0\0\x43\x03\0\0\x08\x20\x03\0\xe8\x01\0\0\x90\0\0\0\x74\x03\0\0\x07\x28\x03\
\0\x80\x02\0\0\x90\0\0\0\xb1\x03\0\0\x07\x30\x03\0\xa0\x02\0\0\x90\0\0\0\xd7\
\x03\0\0\x09\x38\x03\0\x18\x03\0\0\x90\0\0\0\x0e\x04\0\0\x1f\x48\x03\0\x28\x03\
\0\0\x90\0\0\0\x0e\x04\0\0\x0c\x48\x03\0\x30\x03\0\0\x90\0\0\0\0\0\0\0\0\0\0\0\
\x40\x03\0\0\x90\0\0\0\x41\x04\0\0\x09\x54\x03\0\x20\x04\0\0\x90\0\0\0\x7d\x04\
\0\0\x1a\x68\x03\0\x30\x04\0\0\x90\0\0\0\x7d\x04\0\0\x0c\x68\x03\0\x38\x04\0\0\
\x90\0\0\0\xab\x04\0\0\x3c\xd4\0\0\x40\x04\0\0\x90\0\0\0\xab\x04\0\0\x13\xd4\0\
\0\x60\x04\0\0\x90\0\0\0\xee\x04\0\0\x06\xd8\0\0\x70\x04\0\0\x90\0\0\0\x05\x05\
\0\0\x05\xdc\0\0\xd8\x04\0\0\x90\0\0\0\x29\x05\0\0\x05\0\x04\0\x58\x05\0\0\x90\
\0\0\0\x50\x05\0\0\x07\xc4\x03\0\x08\x06\0\0\x90\0\0\0\xb1\x03\0\0\x07\xc8\x03\
\0\x20\x06\0\0\x90\0\0\0\x8d\x05\0\0\x09\xd0\x03\0\xb0\x06\0\0\x90\0\0\0\xc7\
\x05\0\0\x03\0\x01\0\x18\x07\0\0\x90\0\0\0\x8d\x05\0\0\x09\xd0\x03\0\x20\x07\0\
\0\x90\0\0\0\xc7\x05\0\0\x03\0\x01\0\x38\x07\0\0\x90\0\0\0\xf5\x05\0\0\x03\x2c\
\x01\0\x58\x07\0\0\x90\0\0\0\x34\x06\0\0\x25\x3c\x01\0\x60\x07\0\0\x90\0\0\0\
\x62\x06\0\0\x21\x38\x01\0\x68\x07\0\0\x90\0\0\0\x2b\x02\0\0\x06\x48\x01\0\x78\
\x07\0\0\x90\0\0\0\x2b\x02\0\0\x06\x48\x01\0\x90\x07\0\0\x90\0\0\0\x54\x02\0\0\
\x05\x4c\x01\0\xc8\x07\0\0\x90\0\0\0\0\0\0\0\0\0\0\0\xd0\x07\0\0\x90\0\0\0\x88\
\x06\0\0\x10\xd8\x03\0\xe8\x07\0\0\x90\0\0\0\0\0\0\0\0\0\0\0\x18\x08\0\0\x90\0\
\0\0\xce\x06\0\0\x09\xa4\x03\0\x98\x08\0\0\x90\0\0\0\x05\x07\0\0\x09\xb4\x03\0\
\x48\x09\0\0\x90\0\0\0\x5e\x07\0\0\x09\xe4\x03\0\xe0\x09\0\0\x90\0\0\0\x98\x07\
\0\0\x09\xf0\x03\0\x98\x0a\0\0\x90\0\0\0\xf3\x07\0\0\x1a\x64\x01\0\xa8\x0a\0\0\
\x90\0\0\0\xf3\x07\0\0\x06\x64\x01\0\xb0\x0a\0\0\x90\0\0\0\x21\x08\0\0\x03\x70\
\x01\0\x90\x0b\0\0\x90\0\0\0\x4e\x08\0\0\x14\x7c\x01\0\xa0\x0b\0\0\x90\0\0\0\
\x4e\x08\0\0\x06\x7c\x01\0\xa8\x0b\0\0\x90\0\0\0\0\0\0\0\0\0\0\0\xb8\x0b\0\0\
\x90\0\0\0\x4e\x08\0\0\x06\x7c\x01\0\xc8\x0b\0\0\x90\0\0\0\x76\x08\0\0\x0d\xb4\
\x01\0\xd8\x0b\0\0\x90\0\0\0\x95\x08\0\0\x0f\xd4\x01\0\xe8\x0b\0\0\x90\0\0\0\
\xaf\x08\0\0\x0d\xc8\x01\0\xf8\x0b\0\0\x90\0\0\0\xc1\x08\0\0\x0c\xc0\x01\0\0\
\x0c\0\0\x90\0\0\0\xf0\x08\0\0\x13\xbc\x01\0\x28\x0c\0\0\x90\0\0\0\xf0\x08\0\0\
\x11\xbc\x01\0\x30\x0c\0\0\x90\0\0\0\x3d\x09\0\0\x51\xd8\x01\0\x38\x0c\0\0\x90\
\0\0\0\x3d\x09\0\0\x0f\xd8\x01\0\x40\x0c\0\0\x90\0\0\0\x95\x09\0\0\x15\xe8\x01\
\0\x50\x0c\0\0\x90\0\0\0\x95\x09\0\0\x06\xe8\x01\0\x80\x0c\0\0\x90\0\0\0\xbe\
\x09\0\0\x11\xf8\x01\0\x88\x0c\0\0\x90\0\0\0\xe5\x09\0\0\x11\xfc\x01\0\x98\x0c\
\0\0\x90\0\0\0\x3c\x0a\0\0\x10\x04\x02\0\xa0\x0c\0\0\x90\0\0\0\x50\x0a\0\0\x10\
\0\x02\0\xb0\x0c\0\0\x90\0\0\0\x50\x0a\0\0\x0e\0\x02\0\xc0\x0c\0\0\x90\0\0\0\
\xe5\x09\0\0\x0f\xfc\x01\0\xd0\x0c\0\0\x90\0\0\0\xac\x0a\0\0\x03\x0c\x02\0\x40\
\x0d\0\0\x90\0\0\0\xbe\x09\0\0\x11\xf8\x01\0\x48\x0d\0\0\x90\0\0\0\xac\x0a\0\0\
\x03\x0c\x02\0\x58\x0d\0\0\x90\0\0\0\x0d\x0b\0\0\x03\x10\x02\0\xc0\x0d\0\0\x90\
\0\0\0\xbe\x09\0\0\x11\xf8\x01\0\xc8\x0d\0\0\x90\0\0\0\x0d\x0b\0\0\x03\x10\x02\
\0\xd8\x0d\0\0\x90\0\0\0\xab\x04\0\0\x13\x14\x02\0\xf8\x0d\0\0\x90\0\0\0\xee\
\x04\0\0\x06\x18\x02\0\0\x0e\0\0\x90\0\0\0\x05\x05\0\0\x05\x1c\x02\0\x60\x0e\0\
\0\x90\0\0\0\x6e\x0b\0\0\x03\xe8\0\0\xc0\x0e\0\0\x90\0\0\0\xad\x0b\0\0\x09\x8c\
\x03\0\xd8\x0e\0\0\x90\0\0\0\xe8\x0b\0\0\x10\x94\x03\0\xf8\x0e\0\0\x90\0\0\0\
\x6e\x0b\0\0\x03\x2c\x02\0\x60\x0f\0\0\x90\0\0\0\xac\x0a\0\0\x03\x30\x02\0\xd0\
\x0f\0\0\x90\0\0\0\x6e\x0b\0\0\x03\x2c\x02\0\xd8\x0f\0\0\x90\0\0\0\xac\x0a\0\0\
\x03\x30\x02\0\xe8\x0f\0\0\x90\0\0\0\x0d\x0b\0\0\x03\x34\x02\0\x68\x10\0\0\x90\
\0\0\0\x6e\x0b\0\0\x03\x2c\x02\0\x70\x10\0\0\x90\0\0\0\x0d\x0b\0\0\x03\x34\x02\
\0\x80\x10\0\0\x90\0\0\0\x2c\x0c\0\0\x03\x38\x02\0\xf0\x10\0\0\x90\0\0\0\x6e\
\x0b\0\0\x03\x2c\x02\0\xf8\x10\0\0\x90\0\0\0\x2c\x0c\0\0\x03\x38\x02\0\x08\x11\
\0\0\x90\0\0\0\xa5\x0c\0\0\x17\x48\x02\0\x18\x11\0\0\x90\0\0\0\xa5\x0c\0\0\x06\
\x48\x02\0\x30\x11\0\0\x90\0\0\0\xd0\x0c\0\0\x19\x60\x02\0\x40\x11\0\0\x90\0\0\
\0\xf6\x0c\0\0\x03\x5c\x02\0\x48\x11\0\0\x90\0\0\0\x1d\x0d\0\0\x29\x64\x02\0\
\x50\x11\0\0\x90\0\0\0\x1d\x0d\0\0\x1b\x64\x02\0\x68\x11\0\0\x90\0\0\0\x4e\x0d\
\0\0\x46\x68\x02\0\x70\x11\0\0\x90\0\0\0\x4e\x0d\0\0\x11\x68\x02\0\xb8\x11\0\0\
\x99\x0d\0\0\xd4\x0d\0\0\x0a\xd8\x01\0\xf0\x11\0\0\x99\x0d\0\0\x10\x0e\0\0\x28\
\x68\x01\0\xf8\x11\0\0\x99\x0d\0\0\x41\x0e\0\0\x24\x64\x01\0\0\x12\0\0\x99\x0d\
\0\0\x6a\x0e\0\0\x1a\x6c\x01\0\x10\x12\0\0\x99\x0d\0\0\x6a\x0e\0\0\x06\x6c\x01\
\0\x18\x12\0\0\x99\x0d\0\0\xd4\x0d\0\0\x0a\xd8\x01\0\x28\x12\0\0\x99\x0d\0\0\
\xa1\x0e\0\0\x7c\x34\x01\0\x30\x12\0\0\x99\x0d\0\0\xa1\x0e\0\0\x6b\x34\x01\0\
\x48\x12\0\0\x99\x0d\0\0\x27\x0f\0\0\x07\xfc\0\0\x80\x12\0\0\x99\x0d\0\0\x3d\
\x0f\0\0\x17\0\x01\0\xa8\x12\0\0\x99\x0d\0\0\x6b\x0f\0\0\x0e\xdc\0\0\xb0\x12\0\
\0\x99\x0d\0\0\x6b\x0f\0\0\x1f\xdc\0\0\xb8\x12\0\0\x99\x0d\0\0\x6b\x0f\0\0\x18\
\xdc\0\0\xc0\x12\0\0\x99\x0d\0\0\x6b\x0f\0\0\x1f\xe0\0\0\xd0\x12\0\0\x99\x0d\0\
\0\x6b\x0f\0\0\x18\xe0\0\0\xd8\x12\0\0\x99\x0d\0\0\x91\x0f\0\0\x0a\xe4\0\0\xe0\
\x12\0\0\x99\x0d\0\0\xa1\x0e\0\0\x48\x34\x01\0\xf0\x12\0\0\x90\0\0\0\xa9\x0f\0\
\0\x03\x80\x02\0\0\0\0\0\0\0\x0c\0\0\0\xff\xff\xff\xff\x04\0\x08\0\x08\x7c\x0b\
\0\x14\0\0\0\0\0\0\0\0\0\0\0\0\0\0\0\x70\0\0\0\0\0\0\0\x14\0\0\0\0\0\0\0\0\0\0\
\0\0\0\0\0\x60\x13\0\0\0\0\0\0\x6c\x07\0\0\x04\0\x87\x04\0\0\x08\x01\x01\xfb\
\x0e\x0d\0\x01\x01\x01\x01\0\0\0\x01\0\0\x01\x2f\x68\x6f\x6d\x65\x2f\x72\x6f\
\x68\x61\x6e\x2f\x6f\x61\x69\x2d\x63\x6e\x35\x67\x2d\x75\x70\x66\x2d\x65\x62\
\x70\x66\0\x2f\x75\x73\x72\x2f\x69\x6e\x63\x6c\x75\x64\x65\x2f\x61\x73\x6d\x2d\
\x67\x65\x6e\x65\x72\x69\x63\0\x2f\x75\x73\x72\x2f\x69\x6e\x63\x6c\x75\x64\x65\
\x2f\x6c\x69\x6e\x75\x78\0\x2f\x75\x73\x72\x2f\x69\x6e\x63\x6c\x75\x64\x65\x2f\
\x62\x69\x74\x73\0\0\x73\x72\x63\x2f\x75\x70\x66\x5f\x61\x70\x70\x2f\x69\x6e\
\x63\x6c\x75\x64\x65\x2f\x62\x70\x66\x5f\x68\x65\x6c\x70\x65\x72\x73\x2e\x68\0\
\x01\0\0\x73\x72\x63\x2f\x75\x70\x66\x5f\x61\x70\x70\x2f\x62\x70\x66\x2f\x78\
\x64\x70\x5f\x73\x74\x61\x74\x73\x5f\x6b\x65\x72\x6e\x2e\x68\0\x01\0\0\x73\x72\
\x63\x2f\x75\x70\x66\x5f\x61\x70\x70\x2f\x62\x70\x66\x2f\x66\x61\x72\x5f\x6d\
\x61\x70\x73\x2e\x68\0\x01\0\0\x73\x72\x63\x2f\x75\x70\x66\x5f\x61\x70\x70\x2f\
\x62\x70\x66\x2f\x66\x61\x72\x5f\x62\x70\x66\x2e\x63\0\x01\0\0\x69\x6e\x74\x2d\
\x6c\x6c\x36\x34\x2e\x68\0\x02\0\0\x73\x72\x63\x2f\x75\x70\x66\x5f\x61\x70\x70\
\x2f\x69\x6e\x63\x6c\x75\x64\x65\x2f\x62\x70\x66\x5f\x68\x65\x6c\x70\x65\x72\
\x5f\x64\x65\x66\x73\x2e\x68\0\x01\0\0\x73\x72\x63\x2f\x75\x70\x66\x5f\x61\x70\
\x70\x2f\x69\x6e\x63\x6c\x75\x64\x65\x2f\x6c\x69\x6e\x75\x78\x2f\x62\x70\x66\
\x2e\x68\0\x01\0\0\x74\x79\x70\x65\x73\x2e\x68\0\x03\0\0\x73\x72\x63\x2f\x75\
\x70\x66\x5f\x61\x70\x70\x2f\x62\x70\x66\x2f\x69\x65\x2f\x64\x65\x73\x74\x69\
\x6e\x61\x74\x69\x6f\x6e\x5f\x69\x6e\x74\x65\x72\x66\x61\x63\x65\x2e\x68\0\x01\
\0\0\x73\x72\x63\x2f\x75\x70\x66\x5f\x61\x70\x70\x2f\x69\x6e\x63\x6c\x75\x64\
\x65\x2f\x74\x79\x70\x65\x73\x2e\x68\0\x01\0\0\x69\x6e\x2e\x68\0\x03\0\0\x74\
\x79\x70\x65\x73\x2e\x68\0\x04\0\0\x73\x74\x64\x69\x6e\x74\x2d\x69\x6e\x74\x6e\
\x2e\x68\0\x04\0\0\x69\x70\x2e\x68\0\x03\0\0\x73\x72\x63\x2f\x75\x70\x66\x5f\
\x61\x70\x70\x2f\x62\x70\x66\x2f\x75\x74\x69\x6c\x73\x2f\x63\x73\x75\x6d\x2e\
\x68\0\x01\0\0\x73\x72\x63\x2f\x75\x70\x66\x5f\x61\x70\x70\x2f\x62\x70\x66\x2f\
\x69\x65\x2f\x69\x65\x5f\x62\x61\x73\x65\x2e\x68\0\x01\0\0\x73\x72\x63\x2f\x75\
\x70\x66\x5f\x61\x70\x70\x2f\x62\x70\x66\x2f\x69\x65\x2f\x66\x61\x72\x5f\x69\
\x64\x2e\x68\0\x01\0\0\x73\x72\x63\x2f\x75\x70\x66\x5f\x61\x70\x70\x2f\x62\x70\
\x66\x2f\x70\x66\x63\x70\x2f\x70\x66\x63\x70\x5f\x66\x61\x72\x2e\x68\0\x01\0\0\
\x73\x72\x63\x2f\x75\x70\x66\x5f\x61\x70\x70\x2f\x62\x70\x66\x2f\x69\x65\x2f\
\x61\x70\x70\x6c\x79\x5f\x61\x63\x74\x69\x6f\x6e\x2e\x68\0\x01\0\0\x73\x72\x63\
\x2f\x75\x70\x66\x5f\x61\x70\x70\x2f\x62\x70\x66\x2f\x69\x65\x2f\x67\x72\x6f\
\x75\x70\x5f\x69\x65\x2f\x66\x6f\x72\x77\x61\x72\x64\x69\x6e\x67\x5f\x70\x61\
\x72\x61\x6d\x65\x74\x65\x72\x73\x2e\x68\0\x01\0\0\x73\x72\x63\x2f\x75\x70\x66\
\x5f\x61\x70\x70\x2f\x62\x70\x66\x2f\x69\x65\x2f\x72\x65\x64\x69\x72\x65\x63\
\x74\x5f\x69\x6e\x66\x6f\x72\x6d\x61\x74\x69\x6f\x6e\x2e\x68\0\x01\0\0\x73\x72\
\x63\x2f\x75\x70\x66\x5f\x61\x70\x70\x2f\x62\x70\x66\x2f\x69\x65\x2f\x6f\x75\
\x74\x65\x72\x5f\x68\x65\x61\x64\x65\x72\x5f\x63\x72\x65\x61\x74\x69\x6f\x6e\
\x2e\x68\0\x01\0\0\x69\x6e\x36\x2e\x68\0\x03\0\0\x73\x72\x63\x2f\x75\x70\x66\
\x5f\x61\x70\x70\x2f\x62\x70\x66\x2f\x69\x65\x2f\x74\x72\x61\x6e\x73\x70\x6f\
\x72\x74\x5f\x6c\x65\x76\x65\x6c\x5f\x6d\x61\x72\x6b\x69\x6e\x67\x2e\x68\0\x01\
\0\0\x73\x72\x63\x2f\x75\x70\x66\x5f\x61\x70\x70\x2f\x62\x70\x66\x2f\x69\x65\
\x2f\x66\x6f\x77\x61\x72\x64\x69\x6e\x67\x5f\x70\x6f\x6c\x69\x63\x79\x2e\x68\0\
\x01\0\0\x73\x72\x63\x2f\x75\x70\x66\x5f\x61\x70\x70\x2f\x62\x70\x66\x2f\x69\
\x65\x2f\x68\x65\x61\x64\x65\x72\x5f\x65\x6e\x72\x69\x63\x68\x6d\x65\x6e\x74\
\x2e\x68\0\x01\0\0\x73\x72\x63\x2f\x75\x70\x66\x5f\x61\x70\x70\x2f\x62\x70\x66\
\x2f\x69\x65\x2f\x74\x72\x61\x66\x66\x69\x63\x5f\x65\x6e\x64\x70\x6f\x69\x6e\
\x74\x5f\x69\x64\x2e\x68\0\x01\0\0\x73\x72\x63\x2f\x75\x70\x66\x5f\x61\x70\x70\
\x2f\x62\x70\x66\x2f\x69\x65\x2f\x70\x72\x6f\x78\x69\x6e\x67\x2e\x68\0\x01\0\0\
\x73\x72\x63\x2f\x75\x70\x66\x5f\x61\x70\x70\x2f\x62\x70\x66\x2f\x69\x65\x2f\
\x67\x72\x6f\x75\x70\x5f\x69\x65\x2f\x64\x75\x70\x6c\x69\x63\x61\x74\x69\x6e\
\x67\x5f\x70\x61\x72\x61\x6d\x65\x74\x65\x72\x73\x2e\x68\0\x01\0\0\x73\x72\x63\
\x2f\x75\x70\x66\x5f\x61\x70\x70\x2f\x62\x70\x66\x2f\x69\x65\x2f\x62\x61\x72\
\x5f\x69\x64\x2e\x68\0\x01\0\0\x69\x66\x5f\x65\x74\x68\x65\x72\x2e\x68\0\x03\0\
\0\x75\x64\x70\x2e\x68\0\x03\0\0\x73\x72\x63\x2f\x75\x70\x66\x5f\x61\x70\x70\
\x2f\x62\x70\x66\x2f\x70\x72\x6f\x74\x6f\x63\x6f\x6c\x73\x2f\x67\x74\x70\x75\
\x2e\x68\0\x01\0\0\x73\x74\x64\x69\x6e\x74\x2d\x75\x69\x6e\x74\x6e\x2e\x68\0\
\x04\0\0\0\x04\x04\0\x09\x02\0\0\0\0\0\0\0\0\x03\x23\x01\x05\x03\x0a\x22\x05\0\
\x06\x03\x5a\x82\x05\x03\x03\x26\x20\x06\x2f\x02\x02\0\x01\x01\x04\x04\0\x09\
\x02\0\0\0\0\0\0\0\0\x03\x86\x02\x01\x05\x07\x0a\x30\x05\x03\x21\x05\0\x06\x03\
\xf6\x7d\x82\x05\x03\x03\x8a\x02\x20\x03\xf6\x7d\x2e\x05\x0b\x06\x03\x8d\x02\
\x2e\x05\x2b\x03\xa1\x7f\x4a\x05\x27\x1f\x05\x06\x03\x0b\x20\x06\x2e\x03\xc8\
\x7e\x20\x05\x05\x06\x03\xb9\x01\x2e\x05\x06\x87\x06\x03\xc2\x7e\x20\x05\x05\
\x06\x03\xbf\x01\x20\x05\0\x06\x03\xc1\x7e\x90\x05\x03\x06\x03\x90\x02\x2e\x05\
\x1a\x03\xb7\x7f\x2e\x05\x06\x06\x2e\x03\xb9\x7e\x20\x05\x47\x06\x03\xc3\x01\
\x3c\x05\x08\x25\x06\x03\xb8\x7e\x2e\x05\x07\x06\x03\xca\x01\x2e\x06\x03\xb6\
\x7e\x08\x20\x06\x03\xcc\x01\x20\x06\x03\xb4\x7e\x2e\x05\x09\x06\x03\xce\x01\
\x2e\x06\x03\xb2\x7e\xd6\x05\x1f\x06\x03\xd2\x01\x20\x05\x0c\x06\x2e\x05\0\x03\
\xae\x7e\x20\x05\x09\x06\x03\xd5\x01\x2e\x05\x1a\x08\xb1\x05\x0c\x06\x2e\x05\
\x3c\x06\x03\xdb\x7e\x20\x05\x13\x06\x20\x05\x06\x06\x4b\x06\x03\x4a\x20\x05\
\x05\x06\x03\x37\x20\x06\x03\x49\xac\x06\x03\x80\x02\x2e\x06\x03\x80\x7e\xc8\
\x05\x07\x06\x03\xf1\x01\x3c\x06\x03\x8f\x7e\x08\x4a\x06\x03\xf2\x01\x20\x06\
\x03\x8e\x7e\x2e\x05\x09\x06\x03\xf4\x01\x20\x06\x03\x8c\x7e\x08\x12\x05\x03\
\x06\x03\xc0\0\x20\x05\x09\x03\xb4\x01\xc8\x05\x03\x03\xcc\x7e\x20\x06\x03\x40\
\x2e\x06\x03\xcb\0\x20\x05\x25\x4e\x05\x21\x1f\x05\x06\x24\x06\x2e\x03\xae\x7f\
\x20\x05\x05\x06\x03\xd3\0\x2e\x05\0\x06\x03\xad\x7f\x74\x05\x10\x06\x03\xf6\
\x01\x20\x05\0\x06\x03\x8a\x7e\x3c\x05\x09\x06\x03\xe9\x01\x66\x06\x03\x97\x7e\
\xd6\x06\x03\xed\x01\x2e\x06\x03\x93\x7e\x08\x3c\x06\x03\xf9\x01\x2e\x06\x03\
\x87\x7e\x08\x12\x06\x03\xfc\x01\x2e\x06\x03\x84\x7e\x08\x58\x05\x1a\x06\x03\
\xd9\0\x20\x05\x06\x06\x2e\x05\x03\x06\x23\x05\x14\x08\xaf\x05\x06\x06\x2e\x05\
\0\x03\xa1\x7f\x20\x05\x06\x03\xdf\0\x2e\x03\xa1\x7f\x20\x05\x0d\x06\x03\xed\0\
\x20\x05\x0f\x36\x05\x0d\x2b\x05\x0c\x2c\x05\x13\x1f\x05\x11\x06\x58\x05\x51\
\x06\x27\x05\x0f\x06\x20\x05\x15\x06\x24\x05\x06\x06\x2e\x03\x86\x7f\x20\x05\
\x11\x06\x03\xfe\0\x58\x21\x05\x10\x30\x1f\x05\x0e\x06\x2e\x05\x0f\x06\x2d\x05\
\x03\x32\x05\x11\xd1\x05\x03\x25\x2f\x05\x11\x03\x7a\xc8\x05\x03\x26\x05\x13\
\x2f\x05\x06\x4b\x05\x05\x21\x05\x03\x03\xb3\x7f\xba\x05\x09\x03\xa9\x01\xba\
\x05\x10\x3e\x05\x03\x03\xa6\x7f\x4a\xc9\xd5\x21\x2f\xf0\x22\x2f\xd3\x23\x05\
\x17\x32\x05\x06\x06\x2e\x03\xee\x7e\x2e\x05\x19\x06\x03\x98\x01\x20\x05\x03\
\x2d\x05\x29\x22\x05\x1b\x06\x20\x05\x46\x06\x3d\x05\x11\x06\x20\x04\x0f\x05\
\x0a\x06\x03\x5c\x90\x06\x03\x8a\x7f\x66\x05\x28\x06\x03\xda\0\x20\x05\x24\x1f\
\x05\x1a\x22\x05\x06\x06\x2e\x05\x0a\x06\x03\x1b\x20\x05\x7c\x03\x57\x2e\x05\
\x6b\x06\x20\x05\x07\x06\x03\x72\x3c\x05\x17\x75\x06\x03\x40\x20\x03\xc0\0\x2e\
\x05\x0e\x06\x03\x77\x2e\x05\x1f\x06\x20\x05\x18\x20\x05\x1f\x06\x21\x05\x18\
\x06\x2e\x05\x0a\x06\x21\x05\x48\x03\x14\x20\x06\x03\xb3\x7f\x20\x04\x04\x05\
\x03\x06\x03\xa0\x01\x20\x02\x0e\0\x01\x01\0\0\0\0\0\0\0\0\0\0\0\0\0\0\0\0\0\0\
\0\0\0\0\0\0\x0d\x01\0\0\x04\0\xf1\xff\0\0\0\0\0\0\0\0\0\0\0\0\0\0\0\0\0\0\0\0\
\0\0\x09\0\0\0\0\0\0\0\0\0\0\0\0\0\0\0\0\0\0\0\0\0\0\0\x09\0\x1f\0\0\0\0\0\0\0\
\0\0\0\0\0\0\0\0\0\0\0\0\0\0\x09\0\x57\0\0\0\0\0\0\0\0\0\0\0\0\0\0\0\0\0\0\0\0\
\0\x09\0\x91\0\0\0\0\0\0\0\0\0\0\0\0\0\0\0\0\0\0\0\0\0\x09\0\x9a\0\0\0\0\0\0\0\
\0\0\0\0\0\0\0\0\0\0\0\0\0\0\x09\0\x9f\0\0\0\0\0\0\0\0\0\0\0\0\0\0\0\0\0\0\0\0\
\0\x09\0\xac\0\0\0\0\0\0\0\0\0\0\0\0\0\0\0\0\0\0\0\0\0\x09\0\xb5\0\0\0\0\0\0\0\
\0\0\0\0\0\0\0\0\0\0\0\0\0\0\x09\0\xc0\0\0\0\0\0\0\0\0\0\0\0\0\0\0\0\0\0\0\0\0\
\0\x09\0\xcc\0\0\0\0\0\0\0\0\0\0\0\0\0\0\0\0\0\0\0\0\0\x09\0\xd6\0\0\0\0\0\0\0\
\0\0\0\0\0\0\0\0\0\0\0\0\0\0\x09\0\xe2\0\0\0\0\0\0\0\0\0\0\0\0\0\0\0\0\0\0\0\0\
\0\x09\0\xe8\0\0\0\0\0\0\0\0\0\0\0\0\0\0\0\0\0\0\0\0\0\x09\0\xfe\0\0\0\0\0\0\0\
\0\0\0\0\0\0\0\0\0\0\0\0\0\0\x09\0\x0a\x01\0\0\0\0\0\0\0\0\0\0\0\0\0\0\0\0\0\0\
\0\0\x09\0\x13\x01\0\0\0\0\0\0\0\0\0\0\0\0\0\0\0\0\0\0\0\0\x09\0\x18\x01\0\0\0\
\0\0\0\0\0\0\0\0\0\0\0\0\0\0\0\0\0\x09\0\x2c\x01\0\0\0\0\0\0\0\0\0\0\0\0\0\0\0\
\0\0\0\0\0\x09\0\x3d\x01\0\0\0\0\0\0\0\0\0\0\0\0\0\0\0\0\0\0\0\0\x09\0\x46\x01\
\0\0\0\0\0\0\0\0\0\0\0\0\0\0\0\0\0\0\0\0\x09\0\x4c\x01\0\0\0\0\0\0\0\0\0\0\0\0\
\0\0\0\0\0\0\0\0\x09\0\x60\x01\0\0\0\0\0\0\0\0\0\0\0\0\0\0\0\0\0\0\0\0\x09\0\
\x74\x01\0\0\0\0\0\0\0\0\0\0\0\0\0\0\0\0\0\0\0\0\x09\0\x79\x01\0\0\0\0\0\0\0\0\
\0\0\0\0\0\0\0\0\0\0\0\0\x09\0\x82\x01\0\0\0\0\0\0\0\0\0\0\0\0\0\0\0\0\0\0\0\0\
\x09\0\x8c\x01\0\0\0\0\0\0\0\0\0\0\0\0\0\0\0\0\0\0\0\0\x09\0\x9c\x01\0\0\0\0\0\
\0\0\0\0\0\0\0\0\0\0\0\0\0\0\0\x09\0\xab\x01\0\0\0\0\0\0\0\0\0\0\0\0\0\0\0\0\0\
\0\0\0\x09\0\xba\x01\0\0\0\0\0\0\0\0\0\0\0\0\0\0\0\0\0\0\0\0\x09\0\xc1\x01\0\0\
\0\0\0\0\0\0\0\0\0\0\0\0\0\0\0\0\0\0\x09\0\xc5\x01\0\0\0\0\0\0\0\0\0\0\0\0\0\0\
\0\0\0\0\0\0\x09\0\xd6\x01\0\0\0\0\0\0\0\0\0\0\0\0\0\0\0\0\0\0\0\0\x09\0\xed\
\x01\0\0\0\0\0\0\0\0\0\0\0\0\0\0\0\0\0\0\0\0\x09\0\xf3\x01\0\0\0\0\0\0\0\0\0\0\
\0\0\0\0\0\0\0\0\0\0\x09\0\x01\x02\0\0\0\0\0\0\0\0\0\0\0\0\0\0\0\0\0\0\0\0\x09\
\0\x0f\x02\0\0\0\0\0\0\0\0\0\0\0\0\0\0\0\0\0\0\0\0\x09\0\x15\x02\0\0\0\0\0\0\0\
\0\0\0\0\0\0\0\0\0\0\0\0\0\x09\0\x1c\x02\0\0\0\0\0\0\0\0\0\0\0\0\0\0\0\0\0\0\0\
\0\x09\0\x23\x02\0\0\0\0\0\0\0\0\0\0\0\0\0\0\0\0\0\0\0\0\x09\0\x2f\x02\0\0\0\0\
\0\0\0\0\0\0\0\0\0\0\0\0\0\0\0\0\x09\0\x38\x02\0\0\0\0\0\0\0\0\0\0\0\0\0\0\0\0\
\0\0\0\0\x09\0\x41\x02\0\0\0\0\0\0\0\0\0\0\0\0\0\0\0\0\0\0\0\0\x09\0\x48\x02\0\
\0\0\0\0\0\0\0\0\0\0\0\0\0\0\0\0\0\0\0\x09\0\x55\x02\0\0\0\0\0\0\0\0\0\0\0\0\0\
\0\0\0\0\0\0\0\x09\0\x60\x02\0\0\0\0\0\0\0\0\0\0\0\0\0\0\0\0\0\0\0\0\x09\0\x77\
\x02\0\0\0\0\0\0\0\0\0\0\0\0\0\0\0\0\0\0\0\0\x09\0\x8c\x02\0\0\0\0\0\0\0\0\0\0\
\0\0\0\0\0\0\0\0\0\0\x09\0\xab\x02\0\0\0\0\0\0\0\0\0\0\0\0\0\0\0\0\0\0\0\0\x09\
\0\xc7\x02\0\0\0\0\0\0\0\0\0\0\0\0\0\0\0\0\0\0\0\0\x09\0\xe3\x02\0\0\0\0\0\0\0\
\0\0\0\0\0\0\0\0\0\0\0\0\0\x09\0\x01\x03\0\0\0\0\0\0\0\0\0\0\0\0\0\0\0\0\0\0\0\
\0\x09\0\x0a\x03\0\0\0\0\0\0\0\0\0\0\0\0\0\0\0\0\0\0\0\0\x09\0\x11\x03\0\0\0\0\
\0\0\0\0\0\0\0\0\0\0\0\0\0\0\0\0\x09\0\x1f\x03\0\0\0\0\0\0\0\0\0\0\0\0\0\0\0\0\
\0\0\0\0\x09\0\x2a\x03\0\0\0\0\0\0\0\0\0\0\0\0\0\0\0\0\0\0\0\0\x09\0\x37\x03\0\
\0\0\0\0\0\0\0\0\0\0\0\0\0\0\0\0\0\0\0\x09\0\x44\x03\0\0\0\0\0\0\0\0\0\0\0\0\0\
\0\0\0\0\0\0\0\x09\0\x51\x03\0\0\0\0\0\0\0\0\0\0\0\0\0\0\0\0\0\0\0\0\x09\0\x5d\
\x03\0\0\0\0\0\0\0\0\0\0\0\0\0\0\0\0\0\0\0\0\x09\0\x69\x03\0\0\0\0\0\0\0\0\0\0\
\0\0\0\0\0\0\0\0\0\0\x09\0\x75\x03\0\0\0\0\0\0\0\0\0\0\0\0\0\0\0\0\0\0\0\0\x09\
\0\x81\x03\0\0\0\0\0\0\0\0\0\0\0\0\0\0\0\0\0\0\0\0\x09\0\x8d\x03\0\0\0\0\0\0\0\
\0\0\0\0\0\0\0\0\0\0\0\0\0\x09\0\x98\x03\0\0\0\0\0\0\0\0\0\0\0\0\0\0\0\0\0\0\0\
\0\x09\0\xa5\x03\0\0\0\0\0\0\0\0\0\0\0\0\0\0\0\0\0\0\0\0\x09\0\xb2\x03\0\0\0\0\
\0\0\0\0\0\0\0\0\0\0\0\0\0\0\0\0\x09\0\xbf\x03\0\0\0\0\0\0\0\0\0\0\0\0\0\0\0\0\
\0\0\0\0\x09\0\xcb\x03\0\0\0\0\0\0\0\0\0\0\0\0\0\0\0\0\0\0\0\0\x09\0\xd7\x03\0\
\0\0\0\0\0\0\0\0\0\0\0\0\0\0\0\0\0\0\0\x09\0\xe2\x03\0\0\0\0\0\0\0\0\0\0\0\0\0\
\0\0\0\0\0\0\0\x09\0\xee\x03\0\0\0\0\0\0\0\0\0\0\0\0\0\0\0\0\0\0\0\0\x09\0\xfd\
\x03\0\0\0\0\0\0\0\0\0\0\0\0\0\0\0\0\0\0\0\0\x09\0\x0b\x04\0\0\0\0\0\0\0\0\0\0\
\0\0\0\0\0\0\0\0\0\0\x09\0\x17\x04\0\0\0\0\0\0\0\0\0\0\0\0\0\0\0\0\0\0\0\0\x09\
\0\x24\x04\0\0\0\0\0\0\0\0\0\0\0\0\0\0\0\0\0\0\0\0\x09\0\x31\x04\0\0\0\0\0\0\0\
\0\0\0\0\0\0\0\0\0\0\0\0\0\x09\0\x41\x04\0\0\0\0\0\0\0\0\0\0\0\0\0\0\0\0\0\0\0\
\0\x09\0\x4e\x04\0\0\0\0\0\0\0\0\0\0\0\0\0\0\0\0\0\0\0\0\x09\0\x5a\x04\0\0\0\0\
\0\0\0\0\0\0\0\0\0\0\0\0\0\0\0\0\x09\0\x66\x04\0\0\0\0\0\0\0\0\0\0\0\0\0\0\0\0\
\0\0\0\0\x09\0\x7b\x04\0\0\0\0\0\0\0\0\0\0\0\0\0\0\0\0\0\0\0\0\x09\0\x85\x04\0\
\0\0\0\0\0\0\0\0\0\0\0\0\0\0\0\0\0\0\0\x09\0\x8d\x04\0\0\0\0\0\0\0\0\0\0\0\0\0\
\0\0\0\0\0\0\0\x09\0\x9c\x04\0\0\0\0\0\0\0\0\0\0\0\0\0\0\0\0\0\0\0\0\x09\0\xa2\
\x04\0\0\0\0\0\0\0\0\0\0\0\0\0\0\0\0\0\0\0\0\x09\0\xa9\x04\0\0\0\0\0\0\0\0\0\0\
\0\0\0\0\0\0\0\0\0\0\x09\0\xbb\x04\0\0\0\0\0\0\0\0\0\0\0\0\0\0\0\0\0\0\0\0\x09\
\0\xbf\x04\0\0\0\0\0\0\0\0\0\0\0\0\0\0\0\0\0\0\0\0\x09\0\xcd\x04\0\0\0\0\0\0\0\
\0\0\0\0\0\0\0\0\0\0\0\0\0\x09\0\xd2\x04\0\0\0\0\0\0\0\0\0\0\0\0\0\0\0\0\0\0\0\
\0\x09\0\xda\x04\0\0\0\0\0\0\0\0\0\0\0\0\0\0\0\0\0\0\0\0\x09\0\xde\x04\0\0\0\0\
\0\0\0\0\0\0\0\0\0\0\0\0\0\0\0\0\x09\0\xe6\x04\0\0\0\0\0\0\0\0\0\0\0\0\0\0\0\0\
\0\0\0\0\x09\0\xe9\x04\0\0\0\0\0\0\0\0\0\0\0\0\0\0\0\0\0\0\0\0\x09\0\xf2\x04\0\
\0\0\0\0\0\0\0\0\0\0\0\0\0\0\0\0\0\0\0\x09\0\xf6\x04\0\0\0\0\0\0\0\0\0\0\0\0\0\
\0\0\0\0\0\0\0\x09\0\xff\x04\0\0\0\0\0\0\0\0\0\0\0\0\0\0\0\0\0\0\0\0\x09\0\x05\
\x05\0\0\0\0\0\0\0\0\0\0\0\0\0\0\0\0\0\0\0\0\x09\0\x0d\x05\0\0\0\0\0\0\0\0\0\0\
\0\0\0\0\0\0\0\0\0\0\x09\0\x13\x05\0\0\0\0\0\0\0\0\0\0\0\0\0\0\0\0\0\0\0\0\x09\
\0\x19\x05\0\0\0\0\0\0\0\0\0\0\0\0\0\0\0\0\0\0\0\0\x09\0\x1f\x05\0\0\0\0\0\0\0\
\0\0\0\0\0\0\0\0\0\0\0\0\0\x09\0\x23\x05\0\0\0\0\0\0\0\0\0\0\0\0\0\0\0\0\0\0\0\
\0\x09\0\x27\x05\0\0\0\0\0\0\0\0\0\0\0\0\0\0\0\0\0\0\0\0\x09\0\x36\x05\0\0\0\0\
\0\0\0\0\0\0\0\0\0\0\0\0\0\0\0\0\x09\0\x3c\x05\0\0\0\0\0\0\0\0\0\0\0\0\0\0\0\0\
\0\0\0\0\x09\0\x42\x05\0\0\0\0\0\0\0\0\0\0\0\0\0\0\0\0\0\0\0\0\x09\0\x49\x05\0\
\0\0\0\0\0\0\0\0\0\0\0\0\0\0\0\0\0\0\0\x09\0\x4e\x05\0\0\0\0\0\0\0\0\0\0\0\0\0\
\0\0\0\0\0\0\0\x09\0\x55\x05\0\0\0\0\0\0\0\0\0\0\0\0\0\0\0\0\0\0\0\0\x09\0\x5d\
\x05\0\0\0\0\0\0\0\0\0\0\0\0\0\0\0\0\0\0\0\0\x09\0\x68\x05\0\0\0\0\0\0\0\0\0\0\
\0\0\0\0\0\0\0\0\0\0\x09\0\x71\x05\0\0\0\0\0\0\0\0\0\0\0\0\0\0\0\0\0\0\0\0\x09\
\0\x7b\x05\0\0\0\0\0\0\0\0\0\0\0\0\0\0\0\0\0\0\0\0\x09\0\x88\x05\0\0\0\0\0\0\0\
\0\0\0\0\0\0\0\0\0\0\0\0\0\x09\0\x8e\x05\0\0\0\0\0\0\0\0\0\0\0\0\0\0\0\0\0\0\0\
\0\x09\0\x91\x05\0\0\0\0\0\0\0\0\0\0\0\0\0\0\0\0\0\0\0\0\x09\0\x96\x05\0\0\0\0\
\0\0\0\0\0\0\0\0\0\0\0\0\0\0\0\0\x09\0\x9b\x05\0\0\0\0\0\0\0\0\0\0\0\0\0\0\0\0\
\0\0\0\0\x09\0\xa0\x05\0\0\0\0\0\0\0\0\0\0\0\0\0\0\0\0\0\0\0\0\x09\0\xa5\x05\0\
\0\0\0\0\0\0\0\0\0\0\0\0\0\0\0\0\0\0\0\x09\0\xaa\x05\0\0\0\0\0\0\0\0\0\0\0\0\0\
\0\0\0\0\0\0\0\x09\0\xb9\x05\0\0\0\0\0\0\0\0\0\0\0\0\0\0\0\0\0\0\0\0\x09\0\xc9\
\x05\0\0\0\0\0\0\0\0\0\0\0\0\0\0\0\0\0\0\0\0\x09\0\xdf\x05\0\0\0\0\0\0\0\0\0\0\
\0\0\0\0\0\0\0\0\0\0\x09\0\xf5\x05\0\0\0\0\0\0\0\0\0\0\0\0\0\0\0\0\0\0\0\0\x09\
\0\x05\x06\0\0\0\0\0\0\0\0\0\0\0\0\0\0\0\0\0\0\0\0\x09\0\x1d\x06\0\0\0\0\0\0\0\
\0\0\0\0\0\0\0\0\0\0\0\0\0\x09\0\x36\x06\0\0\0\0\0\0\0\0\0\0\0\0\0\0\0\0\0\0\0\
\0\x09\0\x4b\x06\0\0\0\0\0\0\0\0\0\0\0\0\0\0\0\0\0\0\0\0\x09\0\x61\x06\0\0\0\0\
\0\0\0\0\0\0\0\0\0\0\0\0\0\0\0\0\x09\0\x80\x06\0\0\0\0\0\0\0\0\0\0\0\0\0\0\0\0\
\0\0\0\0\x09\0\x97\x06\0\0\0\0\0\0\0\0\0\0\0\0\0\0\0\0\0\0\0\0\x09\0\xaf\x06\0\
\0\0\0\0\0\0\0\0\0\0\0\0\0\0\0\0\0\0\0\x09\0\xc5\x06\0\0\0\0\0\0\0\0\0\0\0\0\0\
\0\0\0\0\0\0\0\x09\0\xe7\x06\0\0\0\0\0\0\0\0\0\0\0\0\0\0\0\0\0\0\0\0\x09\0\xec\
\x06\0\0\0\0\0\0\0\0\0\0\0\0\0\0\0\0\0\0\0\0\x09\0\xf9\x06\0\0\0\0\0\0\0\0\0\0\
\0\0\0\0\0\0\0\0\0\0\x09\0\0\x07\0\0\0\0\0\0\0\0\0\0\0\0\0\0\0\0\0\0\0\0\x09\0\
\x08\x07\0\0\0\0\0\0\0\0\0\0\0\0\0\0\0\0\0\0\0\0\x09\0\x15\x07\0\0\0\0\0\0\0\0\
\0\0\0\0\0\0\0\0\0\0\0\0\x09\0\x1b\x07\0\0\0\0\0\0\0\0\0\0\0\0\0\0\0\0\0\0\0\0\
\x09\0\x24\x07\0\0\0\0\0\0\0\0\0\0\0\0\0\0\0\0\0\0\0\0\x09\0\x2e\x07\0\0\0\0\0\
\0\0\0\0\0\0\0\0\0\0\0\0\0\0\0\x09\0\x38\x07\0\0\0\0\0\0\0\0\0\0\0\0\0\0\0\0\0\
\0\0\0\x09\0\x41\x07\0\0\0\0\0\0\0\0\0\0\0\0\0\0\0\0\0\0\0\0\x09\0\x4d\x07\0\0\
\0\0\0\0\0\0\0\0\0\0\0\0\0\0\0\0\0\0\x09\0\x65\x07\0\0\0\0\0\0\0\0\0\0\0\0\0\0\
\0\0\0\0\0\0\x09\0\x7e\x07\0\0\0\0\0\0\0\0\0\0\0\0\0\0\0\0\0\0\0\0\x09\0\x96\
\x07\0\0\0\0\0\0\0\0\0\0\0\0\0\0\0\0\0\0\0\0\x09\0\xa2\x07\0\0\0\0\0\0\0\0\0\0\
\0\0\0\0\0\0\0\0\0\0\x09\0\xa7\x07\0\0\0\0\0\0\0\0\0\0\0\0\0\0\0\0\0\0\0\0\x09\
\0\xaa\x07\0\0\0\0\0\0\0\0\0\0\0\0\0\0\0\0\0\0\0\0\x09\0\xc4\x07\0\0\0\0\0\0\0\
\0\0\0\0\0\0\0\0\0\0\0\0\0\x09\0\xdf\x07\0\0\0\0\0\0\0\0\0\0\0\0\0\0\0\0\0\0\0\
\0\x09\0\xf1\x07\0\0\0\0\0\0\0\0\0\0\0\0\0\0\0\0\0\0\0\0\x09\0\x15\x08\0\0\0\0\
\0\0\0\0\0\0\0\0\0\0\0\0\0\0\0\0\x09\0\x32\x08\0\0\0\0\0\0\0\0\0\0\0\0\0\0\0\0\
\0\0\0\0\x09\0\x46\x08\0\0\0\0\0\0\0\0\0\0\0\0\0\0\0\0\0\0\0\0\x09\0\x5b\x08\0\
\0\0\0\0\0\0\0\0\0\0\0\0\0\0\0\0\0\0\0\x09\0\x6d\x08\0\0\0\0\0\0\0\0\0\0\0\0\0\
\0\0\0\0\0\0\0\x09\0\x79\x08\0\0\0\0\0\0\0\0\0\0\0\0\0\0\0\0\0\0\0\0\x09\0\x95\
\x08\0\0\0\0\0\0\0\0\0\0\0\0\0\0\0\0\0\0\0\0\x09\0\xa7\x08\0\0\0\0\0\0\0\0\0\0\
\0\0\0\0\0\0\0\0\0\0\x09\0\xc4\x08\0\0\0\0\0\0\0\0\0\0\0\0\0\0\0\0\0\0\0\0\x09\
\0\xd7\x08\0\0\0\0\0\0\0\0\0\0\0\0\0\0\0\0\0\0\0\0\x09\0\xeb\x08\0\0\0\0\0\0\0\
\0\0\0\0\0\0\0\0\0\0\0\0\0\x09\0\0\x09\0\0\0\0\0\0\0\0\0\0\0\0\0\0\0\0\0\0\0\0\
\x09\0\x14\x09\0\0\0\0\0\0\0\0\0\0\0\0\0\0\0\0\0\0\0\0\x09\0\x2b\x09\0\0\0\0\0\
\0\0\0\0\0\0\0\0\0\0\0\0\0\0\0\x09\0\x34\x09\0\0\0\0\0\0\0\0\0\0\0\0\0\0\0\0\0\
\0\0\0\x09\0\x38\x09\0\0\0\0\0\0\0\0\0\0\0\0\0\0\0\0\0\0\0\0\x09\0\x3c\x09\0\0\
\0\0\0\0\0\0\0\0\0\0\0\0\0\0\0\0\0\0\x09\0\x47\x09\0\0\0\0\0\0\0\0\0\0\0\0\0\0\
\0\0\0\0\0\0\x09\0\x53\x09\0\0\0\0\0\0\0\0\0\0\0\0\0\0\0\0\0\0\0\0\x09\0\x6b\
\x09\0\0\0\0\0\0\0\0\0\0\0\0\0\0\0\0\0\0\0\0\x09\0\x84\x09\0\0\0\0\0\0\0\0\0\0\
\0\0\0\0\0\0\0\0\0\0\x09\0\x9b\x09\0\0\0\0\0\0\0\0\0\0\0\0\0\0\0\0\0\0\0\0\x09\
\0\xb4\x09\0\0\0\0\0\0\0\0\0\0\0\0\0\0\0\0\0\0\0\0\x09\0\xce\x09\0\0\0\0\0\0\0\
\0\0\0\0\0\0\0\0\0\0\0\0\0\x09\0\xd5\x09\0\0\0\0\0\0\0\0\0\0\0\0\0\0\0\0\0\0\0\
\0\x09\0\xde\x09\0\0\0\0\0\0\0\0\0\0\0\0\0\0\0\0\0\0\0\0\x09\0\xe8\x09\0\0\0\0\
\0\0\0\0\0\0\0\0\0\0\0\0\0\0\0\0\x09\0\xf3\x09\0\0\0\0\0\0\0\0\0\0\0\0\0\0\0\0\
\0\0\0\0\x09\0\xff\x09\0\0\0\0\0\0\0\0\0\0\0\0\0\0\0\0\0\0\0\0\x09\0\x06\x0a\0\
\0\0\0\0\0\0\0\0\0\0\0\0\0\0\0\0\0\0\0\x09\0\x0c\x0a\0\0\0\0\0\0\0\0\0\0\0\0\0\
\0\0\0\0\0\0\0\x09\0\x13\x0a\0\0\0\0\0\0\0\0\0\0\0\0\0\0\0\0\0\0\0\0\x09\0\x1c\
\x0a\0\0\0\0\0\0\0\0\0\0\0\0\0\0\0\0\0\0\0\0\x09\0\x24\x0a\0\0\0\0\0\0\0\0\0\0\
\0\0\0\0\0\0\0\0\0\0\x09\0\x2b\x0a\0\0\0\0\0\0\0\0\0\0\0\0\0\0\0\0\0\0\0\0\x09\
\0\x36\x0a\0\0\0\0\0\0\0\0\0\0\0\0\0\0\0\0\0\0\0\0\x09\0\x45\x0a\0\0\0\0\0\0\0\
\0\0\0\0\0\0\0\0\0\0\0\0\0\x09\0\x53\x0a\0\0\0\0\0\0\0\0\0\0\0\0\0\0\0\0\0\0\0\
\0\x09\0\x5b\x0a\0\0\0\0\0\0\0\0\0\0\0\0\0\0\0\0\0\0\0\0\x09\0\x65\x0a\0\0\0\0\
\0\0\0\0\0\0\0\0\0\0\0\0\0\0\0\0\x09\0\x6a\x0a\0\0\0\0\0\0\0\0\0\0\0\0\0\0\0\0\
\0\0\0\0\x09\0\x81\x0a\0\0\0\0\0\0\0\0\0\0\0\0\0\0\0\0\0\0\0\0\x09\0\x9f\x0a\0\
\0\0\0\0\0\0\0\0\0\0\0\0\0\0\0\0\0\0\0\x09\0\xaa\x0a\0\0\0\0\0\0\0\0\0\0\0\0\0\
\0\0\0\0\0\0\0\x09\0\xb5\x0a\0\0\0\0\0\0\0\0\0\0\0\0\0\0\0\0\0\0\0\0\x09\0\xbb\
\x0a\0\0\0\0\0\0\0\0\0\0\0\0\0\0\0\0\0\0\0\0\x09\0\xc2\x0a\0\0\0\0\0\0\0\0\0\0\
\0\0\0\0\0\0\0\0\0\0\x09\0\xc7\x0a\0\0\0\0\0\0\0\0\0\0\0\0\0\0\0\0\0\0\0\0\x09\
\0\xcb\x0a\0\0\0\0\0\0\0\0\0\0\0\0\0\0\0\0\0\0\0\0\x09\0\xd2\x0a\0\0\0\0\0\0\0\
\0\0\0\0\0\0\0\0\0\0\0\0\0\x09\0\xda\x0a\0\0\0\0\0\0\0\0\0\0\0\0\0\0\0\0\0\0\0\
\0\x09\0\xdd\x0a\0\0\0\0\0\0\0\0\0\0\0\0\0\0\0\0\0\0\0\0\x09\0\xdf\x0a\0\0\0\0\
\0\0\0\0\0\0\0\0\0\0\0\0\0\0\0\0\x09\0\xe1\x0a\0\0\0\0\0\0\0\0\0\0\0\0\0\0\0\0\
\0\0\0\0\x09\0\xe4\x0a\0\0\0\0\0\0\0\0\0\0\0\0\0\0\0\0\0\0\0\0\x09\0\xf1\x0a\0\
\0\0\0\0\0\0\0\0\0\0\0\0\0\0\0\0\0\0\0\x09\0\xfb\x0a\0\0\0\0\0\0\0\0\0\0\0\0\0\
\0\0\0\0\0\0\0\x09\0\x03\x0b\0\0\0\0\0\0\0\0\0\0\0\0\0\0\0\0\0\0\0\0\x09\0\x12\
\x0b\0\0\0\0\0\0\0\0\0\0\0\0\0\0\0\0\0\0\0\0\x09\0\x1d\x0b\0\0\0\0\0\0\0\0\0\0\
\0\0\0\0\0\0\0\0\0\0\x09\0\x26\x0b\0\0\0\0\0\0\0\0\0\0\0\0\0\0\0\0\0\0\0\0\x09\
\0\x31\x0b\0\0\0\0\0\0\0\0\0\0\0\0\0\0\0\0\0\0\0\0\x09\0\x3a\x0b\0\0\0\0\0\0\0\
\0\0\0\0\0\0\0\0\0\0\0\0\0\x09\0\x42\x0b\0\0\0\0\0\0\0\0\0\0\0\0\0\0\0\0\0\0\0\
\0\x09\0\x48\x0b\0\0\0\0\0\0\0\0\0\0\0\0\0\0\0\0\0\0\0\0\x09\0\x4e\x0b\0\0\0\0\
\0\0\0\0\0\0\0\0\0\0\0\0\0\0\0\0\x09\0\x59\x0b\0\0\0\0\0\0\0\0\0\0\0\0\0\0\0\0\
\0\0\0\0\x09\0\x60\x0b\0\0\0\0\0\0\0\0\0\0\0\0\0\0\0\0\0\0\0\0\x09\0\x6c\x0b\0\
\0\0\0\0\0\0\0\0\0\0\0\0\0\0\0\0\0\0\0\x09\0\x72\x0b\0\0\0\0\0\0\0\0\0\0\0\0\0\
\0\0\0\0\0\0\0\x09\0\x78\x0b\0\0\0\0\0\0\0\0\0\0\0\0\0\0\0\0\0\0\0\0\x09\0\x80\
\x0b\0\0\0\0\0\0\0\0\0\0\0\0\0\0\0\0\0\0\0\0\x09\0\x89\x0b\0\0\0\0\0\0\0\0\0\0\
\0\0\0\0\0\0\0\0\0\0\x09\0\x93\x0b\0\0\0\0\0\0\0\0\0\0\0\0\0\0\0\0\0\0\0\0\x09\
\0\x9c\x0b\0\0\0\0\0\0\0\0\0\0\0\0\0\0\0\0\0\0\0\0\x09\0\xa5\x0b\0\0\0\0\0\0\0\
\0\0\0\0\0\0\0\0\0\0\0\0\0\x09\0\xae\x0b\0\0\0\0\0\0\0\0\0\0\0\0\0\0\0\0\0\0\0\
\0\x09\0\xb7\x0b\0\0\0\0\0\0\0\0\0\0\0\0\0\0\0\0\0\0\0\0\x09\0\xc4\x0b\0\0\0\0\
\0\0\0\0\0\0\0\0\0\0\0\0\0\0\0\0\x09\0\xcf\x0b\0\0\0\0\0\0\0\0\0\0\0\0\0\0\0\0\
\0\0\0\0\x09\0\xd4\x0b\0\0\0\0\0\0\0\0\0\0\0\0\0\0\0\0\0\0\0\0\x09\0\xd9\x0b\0\
\0\0\0\0\0\0\0\0\0\0\0\0\0\0\0\0\0\0\0\x09\0\xe8\x0b\0\0\0\0\0\0\0\0\0\0\0\0\0\
\0\0\0\0\0\0\0\x09\0\xf6\x0b\0\0\0\0\0\0\0\0\0\0\0\0\0\0\0\0\0\0\0\0\x09\0\xfb\
\x0b\0\0\0\0\0\0\0\0\0\0\0\0\0\0\0\0\0\0\0\0\x09\0\x05\x0c\0\0\0\0\0\0\0\0\0\0\
\0\0\0\0\0\0\0\0\0\0\x09\0\x08\x0c\0\0\0\0\0\0\0\0\0\0\0\0\0\0\0\0\0\0\0\0\x09\
\0\x10\x0c\0\0\0\0\0\0\0\0\0\0\0\0\0\0\0\0\0\0\0\0\x09\0\x15\x0c\0\0\0\0\0\0\0\
\0\0\0\0\0\0\0\0\0\0\0\0\0\x09\0\x29\x0c\0\0\0\0\0\0\0\0\0\0\0\0\0\0\0\0\0\0\0\
\0\x09\0\x2d\x0c\0\0\0\0\0\0\0\0\0\0\0\0\0\0\0\0\0\0\0\0\x09\0\x39\x0c\0\0\0\0\
\0\0\0\0\0\0\0\0\0\0\0\0\0\0\0\0\x09\0\x43\x0c\0\0\0\0\0\0\0\0\0\0\0\0\0\0\0\0\
\0\0\0\0\x09\0\x4d\x0c\0\0\0\0\0\0\0\0\0\0\0\0\0\0\0\0\0\0\0\0\x09\0\x53\x0c\0\
\0\0\0\0\0\0\0\0\0\0\0\0\0\0\0\0\0\0\0\x09\0\x5d\x0c\0\0\0\0\0\0\0\0\0\0\0\0\0\
\0\0\0\0\0\0\0\x09\0\x61\x0c\0\0\0\0\0\0\0\0\0\0\0\0\0\0\0\0\0\0\0\0\x09\0\x7a\
\x0c\0\0\0\0\0\0\0\0\0\0\0\0\0\0\0\0\0\0\0\0\x09\0\x7e\x0c\0\0\0\0\0\0\0\0\0\0\
\0\0\0\0\0\0\0\0\0\0\x09\0\x83\x0c\0\0\0\0\0\0\0\0\0\0\0\0\0\0\0\0\0\0\0\0\x09\
\0\x90\x0c\0\0\0\0\0\0\0\0\0\0\0\0\0\0\0\0\0\0\0\0\x09\0\x95\x0c\0\0\0\0\0\0\0\
\0\0\0\0\0\0\0\0\0\0\0\0\0\x09\0\x9c\x0c\0\0\0\0\0\0\0\0\0\0\0\0\0\0\0\0\0\0\0\
\0\x09\0\xa0\x0c\0\0\0\0\0\0\0\0\0\0\0\0\0\0\0\0\0\0\0\0\x09\0\xae\x0c\0\0\0\0\
\0\0\0\0\0\0\0\0\0\0\0\0\0\0\0\0\x09\0\xc0\x0c\0\0\0\0\0\0\0\0\0\0\0\0\0\0\0\0\
\0\0\0\0\x09\0\xd0\x0c\0\0\0\0\0\0\0\0\0\0\0\0\0\0\x87\x01\0\0\0\0\x04\0\x60\
\x0e\0\0\0\0\0\0\0\0\0\0\0\0\0\0\x77\x01\0\0\0\0\x04\0\x08\x08\0\0\0\0\0\0\0\0\
\0\0\0\0\0\0\x60\x01\0\0\0\0\x04\0\x90\x08\0\0\0\0\0\0\0\0\0\0\0\0\0\0\x50\x01\
\0\0\0\0\x04\0\x50\x05\0\0\0\0\0\0\0\0\0\0\0\0\0\0\x9e\x01\0\0\0\0\x04\0\x70\
\x01\0\0\0\0\0\0\0\0\0\0\0\0\0\0\xb5\x01\0\0\0\0\x04\0\x98\x0a\0\0\0\0\0\0\0\0\
\0\0\0\0\0\0\x48\x01\0\0\0\0\x04\0\xf8\x0e\0\0\0\0\0\0\0\0\0\0\0\0\0\0\x8f\x01\
\0\0\0\0\x04\0\x18\x01\0\0\0\0\0\0\0\0\0\0\0\0\0\0\xad\x01\0\0\0\0\x04\0\x80\
\x12\0\0\0\0\0\0\0\0\0\0\0\0\0\0\xa5\x01\0\0\0\0\x04\0\xe8\x12\0\0\0\0\0\0\0\0\
\0\0\0\0\0\0\x96\x01\0\0\0\0\x04\0\xc8\x07\0\0\0\0\0\0\0\0\0\0\0\0\0\0\x7f\x01\
\0\0\0\0\x04\0\xd0\x07\0\0\0\0\0\0\0\0\0\0\0\0\0\0\x6f\x01\0\0\0\0\x04\0\xe8\
\x07\0\0\0\0\0\0\0\0\0\0\0\0\0\0\x58\x01\0\0\0\0\x04\0\x40\x09\0\0\0\0\0\0\0\0\
\0\0\0\0\0\0\x40\x01\0\0\0\0\x04\0\xd8\x09\0\0\0\0\0\0\0\0\0\0\0\0\0\0\x38\x01\
\0\0\0\0\x04\0\xd0\x04\0\0\0\0\0\0\0\0\0\0\0\0\0\0\x30\x01\0\0\0\0\x04\0\x80\
\x01\0\0\0\0\0\0\0\0\0\0\0\0\0\0\x68\x01\0\0\0\0\x04\0\x90\x01\0\0\0\0\0\0\0\0\
\0\0\0\0\0\0\0\0\0\0\x03\0\x03\0\0\0\0\0\0\0\0\0\0\0\0\0\0\0\0\0\0\0\0\0\x03\0\
\x04\0\0\0\0\0\0\0\0\0\0\0\0\0\0\0\0\0\0\0\0\0\x03\0\x0a\0\0\0\0\0\0\0\0\0\0\0\
\0\0\0\0\0\0\0\0\0\0\x03\0\x0c\0\0\0\0\0\0\0\0\0\0\0\0\0\0\0\0\0\0\0\0\0\x03\0\
\x0f\0\0\0\0\0\0\0\0\0\0\0\0\0\0\0\0\0\0\0\0\0\x03\0\x15\0\0\0\0\0\0\0\0\0\0\0\
\0\0\0\0\0\0\0\0\0\0\x03\0\x17\0\0\0\0\0\0\0\0\0\0\0\0\0\0\0\0\0\xc8\0\0\0\x11\
\0\x08\0\0\0\0\0\0\0\0\0\x04\0\0\0\0\0\0\0\x47\0\0\0\x12\0\x04\0\0\0\0\0\0\0\0\
\0\x60\x13\0\0\0\0\0\0\xf2\0\0\0\x11\0\x06\0\x3c\0\0\0\0\0\0\0\x14\0\0\0\0\0\0\
\0\xa4\0\0\0\x11\0\x06\0\x14\0\0\0\0\0\0\0\x14\0\0\0\0\0\0\0\x77\0\0\0\x11\0\
\x06\0\x28\0\0\0\0\0\0\0\x14\0\0\0\0\0\0\0\x57\0\0\0\x11\0\x06\0\0\0\0\0\0\0\0\
\0\x14\0\0\0\0\0\0\0\x22\0\0\0\x12\0\x03\0\0\0\0\0\0\0\0\0\x70\0\0\0\0\0\0\0\
\x80\0\0\0\0\0\0\0\x01\0\0\0\x25\x01\0\0\x40\x04\0\0\0\0\0\0\x01\0\0\0\x24\x01\
\0\0\xd0\x07\0\0\0\0\0\0\x01\0\0\0\x26\x01\0\0\xd8\x0d\0\0\0\0\0\0\x01\0\0\0\
\x24\x01\0\0\xd8\x0e\0\0\0\0\0\0\x01\0\0\0\x26\x01\0\0\x08\0\0\0\0\0\0\0\x01\0\
\0\0\x1c\x01\0\0\x74\0\0\0\0\0\0\0\x01\0\0\0\x1c\x01\0\0\xbc\0\0\0\0\0\0\0\x01\
\0\0\0\x1c\x01\0\0\x3b\x01\0\0\0\0\0\0\x01\0\0\0\x1c\x01\0\0\xba\x01\0\0\0\0\0\
\0\x01\0\0\0\x1c\x01\0\0\x13\x02\0\0\0\0\0\0\x01\0\0\0\x1c\x01\0\0\x7f\x02\0\0\
\0\0\0\0\x01\0\0\0\x1c\x01\0\0\xeb\x02\0\0\0\0\0\0\x01\0\0\0\x1c\x01\0\0\x31\
\x03\0\0\0\0\0\0\x01\0\0\0\x1c\x01\0\0\x77\x03\0\0\0\0\0\0\x01\0\0\0\x1c\x01\0\
\0\xbd\x03\0\0\0\0\0\0\x01\0\0\0\x1c\x01\0\0\xf2\x03\0\0\0\0\0\0\x01\0\0\0\x1c\
\x01\0\0\x38\x04\0\0\0\0\0\0\x01\0\0\0\x1c\x01\0\0\x7e\x04\0\0\0\0\0\0\x01\0\0\
\0\x1c\x01\0\0\xd7\x04\0\0\0\0\0\0\x01\0\0\0\x1c\x01\0\0\x33\x05\0\0\0\0\0\0\
\x01\0\0\0\x1c\x01\0\0\x79\x05\0\0\0\0\0\0\x01\0\0\0\x1c\x01\0\0\xd2\x05\0\0\0\
\0\0\0\x01\0\0\0\x1c\x01\0\0\x1c\x06\0\0\0\0\0\0\x01\0\0\0\x1c\x01\0\0\x62\x06\
\0\0\0\0\0\0\x01\0\0\0\x1c\x01\0\0\xac\x06\0\0\0\0\0\0\x01\0\0\0\x1c\x01\0\0\
\xf6\x06\0\0\0\0\0\0\x01\0\0\0\x1c\x01\0\0\x3c\x07\0\0\0\0\0\0\x01\0\0\0\x1c\
\x01\0\0\x86\x07\0\0\0\0\0\0\x01\0\0\0\x1c\x01\0\0\xbb\x07\0\0\0\0\0\0\x01\0\0\
\0\x1c\x01\0\0\xef\x07\0\0\0\0\0\0\x01\0\0\0\x1c\x01\0\0\x23\x08\0\0\0\0\0\0\
\x01\0\0\0\x1c\x01\0\0\x57\x08\0\0\0\0\0\0\x01\0\0\0\x1c\x01\0\0\x8b\x08\0\0\0\
\0\0\0\x01\0\0\0\x1c\x01\0\0\xbe\x08\0\0\0\0\0\0\x01\0\0\0\x1c\x01\0\0\x06\x09\
\0\0\0\0\0\0\x01\0\0\0\x1c\x01\0\0\x4e\x09\0\0\0\0\0\0\x01\0\0\0\x1c\x01\0\0\
\x82\x09\0\0\0\0\0\0\x01\0\0\0\x1c\x01\0\0\xb6\x09\0\0\0\0\0\0\x01\0\0\0\x1c\
\x01\0\0\xe9\x09\0\0\0\0\0\0\x01\0\0\0\x1c\x01\0\0\x1c\x0a\0\0\0\0\0\0\x01\0\0\
\0\x1c\x01\0\0\x51\x0a\0\0\0\0\0\0\x01\0\0\0\x1c\x01\0\0\x84\x0a\0\0\0\0\0\0\
\x01\0\0\0\x1c\x01\0\0\xb9\x0a\0\0\0\0\0\0\x01\0\0\0\x1c\x01\0\0\xec\x0a\0\0\0\
\0\0\0\x01\0\0\0\x1c\x01\0\0\x32\x0b\0\0\0\0\0\0\x01\0\0\0\x1c\x01\0\0\x65\x0b\
\0\0\0\0\0\0\x01\0\0\0\x1c\x01\0\0\xbe\x0b\0\0\0\0\0\0\x01\0\0\0\x1c\x01\0\0\
\x06\0\0\0\0\0\0\0\x0a\0\0\0\x1e\x01\0\0\x0c\0\0\0\0\0\0\0\x0a\0\0\0\x02\0\0\0\
\x12\0\0\0\0\0\0\0\x0a\0\0\0\x03\0\0\0\x16\0\0\0\0\0\0\0\x0a\0\0\0\x21\x01\0\0\
\x1a\0\0\0\0\0\0\0\x0a\0\0\0\x04\0\0\0\x26\0\0\0\0\0\0\0\x0a\0\0\0\x1f\x01\0\0\
\x2b\0\0\0\0\0\0\0\x0a\0\0\0\x05\0\0\0\x37\0\0\0\0\0\0\0\x01\0\0\0\x27\x01\0\0\
\x40\0\0\0\0\0\0\0\x0a\0\0\0\x0c\0\0\0\x48\0\0\0\0\0\0\0\x0a\0\0\0\x06\0\0\0\
\x54\0\0\0\0\0\0\0\x0a\0\0\0\x08\0\0\0\x60\0\0\0\0\0\0\0\x0a\0\0\0\x09\0\0\0\
\x6c\0\0\0\0\0\0\0\x0a\0\0\0\x0a\0\0\0\x78\0\0\0\0\0\0\0\x0a\0\0\0\x0b\0\0\0\
\x85\0\0\0\0\0\0\0\x0a\0\0\0\x07\0\0\0\x8c\0\0\0\0\0\0\0\x0a\0\0\0\x0d\0\0\0\
\x98\0\0\0\0\0\0\0\x01\0\0\0\x25\x01\0\0\xa1\0\0\0\0\0\0\0\x0a\0\0\0\x0e\0\0\0\
\xad\0\0\0\0\0\0\0\x01\0\0\0\x26\x01\0\0\xb6\0\0\0\0\0\0\0\x0a\0\0\0\x0f\0\0\0\
\xc2\0\0\0\0\0\0\0\x01\0\0\0\x24\x01\0\0\xcb\0\0\0\0\0\0\0\x0a\0\0\0\x10\0\0\0\
\xd8\0\0\0\0\0\0\0\x01\0\0\0\x22\x01\0\0\xed\0\0\0\0\0\0\0\x0a\0\0\0\x11\0\0\0\
\xf4\0\0\0\0\0\0\0\x0a\0\0\0\x12\0\0\0\xfb\0\0\0\0\0\0\0\x0a\0\0\0\x13\0\0\0\
\x1c\x01\0\0\0\0\0\0\x0a\0\0\0\x14\0\0\0\x31\x01\0\0\0\0\0\0\x0a\0\0\0\x15\0\0\
\0\x38\x01\0\0\0\0\0\0\x0a\0\0\0\x16\0\0\0\x5f\x01\0\0\0\0\0\0\x0a\0\0\0\x17\0\
\0\0\x85\x01\0\0\0\0\0\0\x0a\0\0\0\x1e\0\0\0\x8e\x01\0\0\0\0\0\0\x0a\0\0\0\x18\
\0\0\0\x9b\x01\0\0\0\0\0\0\x0a\0\0\0\x19\0\0\0\xa8\x01\0\0\0\0\0\0\x0a\0\0\0\
\x1a\0\0\0\xb5\x01\0\0\0\0\0\0\x0a\0\0\0\x1b\0\0\0\xc2\x01\0\0\0\0\0\0\x0a\0\0\
\0\x1c\0\0\0\xcf\x01\0\0\0\0\0\0\x0a\0\0\0\x1d\0\0\0\xdd\x01\0\0\0\0\0\0\x0a\0\
\0\0\x1f\0\0\0\xe4\x01\0\0\0\0\0\0\x0a\0\0\0\x20\0\0\0\x0e\x02\0\0\0\0\0\0\x0a\
\0\0\0\x22\0\0\0\x15\x02\0\0\0\0\0\0\x0a\0\0\0\x21\0\0\0\x1c\x02\0\0\0\0\0\0\
\x0a\0\0\0\x23\0\0\0\x50\x02\0\0\0\0\0\0\x0a\0\0\0\x25\0\0\0\x57\x02\0\0\0\0\0\
\0\x0a\0\0\0\x24\0\0\0\x67\x02\0\0\0\0\0\0\x0a\0\0\0\x26\0\0\0\x72\x02\0\0\0\0\
\0\0\x0a\0\0\0\x27\0\0\0\x7d\x02\0\0\0\0\0\0\x0a\0\0\0\x2d\0\0\0\x86\x02\0\0\0\
\0\0\0\x0a\0\0\0\x28\0\0\0\x8c\x02\0\0\0\0\0\0\x0a\0\0\0\x29\0\0\0\x92\x02\0\0\
\0\0\0\0\x0a\0\0\0\x2a\0\0\0\x98\x02\0\0\0\0\0\0\x0a\0\0\0\x2b\0\0\0\x9e\x02\0\
\0\0\0\0\0\x0a\0\0\0\x2c\0\0\0\xa9\x02\0\0\0\0\0\0\x0a\0\0\0\x33\0\0\0\xb1\x02\
\0\0\0\0\0\0\x0a\0\0\0\x2e\0\0\0\xb7\x02\0\0\0\0\0\0\x0a\0\0\0\x2f\0\0\0\xbd\
\x02\0\0\0\0\0\0\x0a\0\0\0\x30\0\0\0\xc3\x02\0\0\0\0\0\0\x0a\0\0\0\x31\0\0\0\
\xc9\x02\0\0\0\0\0\0\x0a\0\0\0\x32\0\0\0\xd4\x02\0\0\0\0\0\0\x0a\0\0\0\x36\0\0\
\0\xdc\x02\0\0\0\0\0\0\x0a\0\0\0\x34\0\0\0\xe2\x02\0\0\0\0\0\0\x0a\0\0\0\x35\0\
\0\0\xf1\x02\0\0\0\0\0\0\x0a\0\0\0\x37\0\0\0\xf7\x02\0\0\0\0\0\0\x0a\0\0\0\x38\
\0\0\0\xfd\x02\0\0\0\0\0\0\x0a\0\0\0\x39\0\0\0\x03\x03\0\0\0\0\0\0\x0a\0\0\0\
\x3a\0\0\0\x09\x03\0\0\0\0\0\0\x0a\0\0\0\x3b\0\0\0\x0f\x03\0\0\0\0\0\0\x0a\0\0\
\0\x3c\0\0\0\x15\x03\0\0\0\0\0\0\x0a\0\0\0\x3d\0\0\0\x1b\x03\0\0\0\0\0\0\x0a\0\
\0\0\x3e\0\0\0\x21\x03\0\0\0\0\0\0\x0a\0\0\0\x3f\0\0\0\x27\x03\0\0\0\0\0\0\x0a\
\0\0\0\x40\0\0\0\x2d\x03\0\0\0\0\0\0\x0a\0\0\0\x41\0\0\0\x33\x03\0\0\0\0\0\0\
\x0a\0\0\0\x42\0\0\0\x39\x03\0\0\0\0\0\0\x0a\0\0\0\x43\0\0\0\x3f\x03\0\0\0\0\0\
\0\x0a\0\0\0\x44\0\0\0\x45\x03\0\0\0\0\0\0\x0a\0\0\0\x45\0\0\0\x4b\x03\0\0\0\0\
\0\0\x0a\0\0\0\x46\0\0\0\x51\x03\0\0\0\0\0\0\x0a\0\0\0\x47\0\0\0\x57\x03\0\0\0\
\0\0\0\x0a\0\0\0\x48\0\0\0\x5d\x03\0\0\0\0\0\0\x0a\0\0\0\x49\0\0\0\x63\x03\0\0\
\0\0\0\0\x0a\0\0\0\x4a\0\0\0\x69\x03\0\0\0\0\0\0\x0a\0\0\0\x4b\0\0\0\x6f\x03\0\
\0\0\0\0\0\x0a\0\0\0\x4c\0\0\0\x76\x03\0\0\0\0\0\0\x0a\0\0\0\x4d\0\0\0\x7d\x03\
\0\0\0\0\0\0\x0a\0\0\0\x4e\0\0\0\x84\x03\0\0\0\0\0\0\x0a\0\0\0\x4f\0\0\0\x8b\
\x03\0\0\0\0\0\0\x0a\0\0\0\x50\0\0\0\x9c\x03\0\0\0\0\0\0\x0a\0\0\0\x51\0\0\0\
\xa7\x03\0\0\0\0\0\0\x0a\0\0\0\x53\0\0\0\xb2\x03\0\0\0\0\0\0\x0a\0\0\0\x52\0\0\
\0\xbd\x03\0\0\0\0\0\0\x0a\0\0\0\x56\0\0\0\xc8\x03\0\0\0\0\0\0\x0a\0\0\0\x55\0\
\0\0\xcf\x03\0\0\0\0\0\0\x0a\0\0\0\x54\0\0\0\xd6\x03\0\0\0\0\0\0\x0a\0\0\0\x57\
\0\0\0\xe2\x03\0\0\0\0\0\0\x0a\0\0\0\x66\0\0\0\xea\x03\0\0\0\0\0\0\x0a\0\0\0\
\x58\0\0\0\xf9\x03\0\0\0\0\0\0\x0a\0\0\0\x5b\0\0\0\x08\x04\0\0\0\0\0\0\x0a\0\0\
\0\x5c\0\0\0\x14\x04\0\0\0\0\0\0\x0a\0\0\0\x5d\0\0\0\x20\x04\0\0\0\0\0\0\x0a\0\
\0\0\x5e\0\0\0\x2c\x04\0\0\0\0\0\0\x0a\0\0\0\x5f\0\0\0\x38\x04\0\0\0\0\0\0\x0a\
\0\0\0\x60\0\0\0\x44\x04\0\0\0\0\0\0\x0a\0\0\0\x61\0\0\0\x50\x04\0\0\0\0\0\0\
\x0a\0\0\0\x62\0\0\0\x5c\x04\0\0\0\0\0\0\x0a\0\0\0\x64\0\0\0\x68\x04\0\0\0\0\0\
\0\x0a\0\0\0\x65\0\0\0\x79\x04\0\0\0\0\0\0\x0a\0\0\0\x5a\0\0\0\x80\x04\0\0\0\0\
\0\0\x0a\0\0\0\x59\0\0\0\x8b\x04\0\0\0\0\0\0\x0a\0\0\0\x63\0\0\0\x9b\x04\0\0\0\
\0\0\0\x0a\0\0\0\x67\0\0\0\xa6\x04\0\0\0\0\0\0\x0a\0\0\0\x68\0\0\0\xad\x04\0\0\
\0\0\0\0\x01\0\0\0\x1b\x01\0\0\xbb\x04\0\0\0\0\0\0\x0a\0\0\0\x06\x01\0\0\xc6\
\x04\0\0\0\0\0\0\x0a\0\0\0\x6a\0\0\0\xd1\x04\0\0\0\0\0\0\x0a\0\0\0\x1f\x01\0\0\
\xd9\x04\0\0\0\0\0\0\x0a\0\0\0\xc3\0\0\0\xe6\x04\0\0\0\0\0\0\x0a\0\0\0\x69\0\0\
\0\xf2\x04\0\0\0\0\0\0\x0a\0\0\0\x6a\0\0\0\xfd\x04\0\0\0\0\0\0\x0a\0\0\0\x6b\0\
\0\0\x08\x05\0\0\0\0\0\0\x0a\0\0\0\xba\0\0\0\x13\x05\0\0\0\0\0\0\x0a\0\0\0\xbb\
\0\0\0\x1e\x05\0\0\0\0\0\0\x0a\0\0\0\xc0\0\0\0\x29\x05\0\0\0\0\0\0\x0a\0\0\0\
\xc1\0\0\0\x34\x05\0\0\0\0\0\0\x0a\0\0\0\x87\0\0\0\x3f\x05\0\0\0\0\0\0\x0a\0\0\
\0\xc2\0\0\0\x4b\x05\0\0\0\0\0\0\x0a\0\0\0\xc3\0\0\0\x58\x05\0\0\0\0\0\0\x0a\0\
\0\0\xc3\0\0\0\x65\x05\0\0\0\0\0\0\x0a\0\0\0\xc3\0\0\0\x72\x05\0\0\0\0\0\0\x0a\
\0\0\0\xc4\0\0\0\x7d\x05\0\0\0\0\0\0\x0a\0\0\0\xc5\0\0\0\x89\x05\0\0\0\0\0\0\
\x0a\0\0\0\xc3\0\0\0\x96\x05\0\0\0\0\0\0\x0a\0\0\0\xc3\0\0\0\xa3\x05\0\0\0\0\0\
\0\x0a\0\0\0\xc3\0\0\0\xb1\x05\0\0\0\0\0\0\x0a\0\0\0\xc3\0\0\0\xbe\x05\0\0\0\0\
\0\0\x0a\0\0\0\xc3\0\0\0\xcb\x05\0\0\0\0\0\0\x0a\0\0\0\xc3\0\0\0\xd8\x05\0\0\0\
\0\0\0\x0a\0\0\0\xc3\0\0\0\xe5\x05\0\0\0\0\0\0\x0a\0\0\0\xc3\0\0\0\xfc\x05\0\0\
\0\0\0\0\x0a\0\0\0\xb9\0\0\0\x03\x06\0\0\0\0\0\0\x0a\0\0\0\xb8\0\0\0\x0c\x06\0\
\0\0\0\0\0\x0a\0\0\0\x6c\0\0\0\x18\x06\0\0\0\0\0\0\x0a\0\0\0\x73\0\0\0\x24\x06\
\0\0\0\0\0\0\x0a\0\0\0\x7d\0\0\0\x30\x06\0\0\0\0\0\0\x0a\0\0\0\xb2\0\0\0\x3d\
\x06\0\0\0\0\0\0\x0a\0\0\0\xb5\0\0\0\x4f\x06\0\0\0\0\0\0\x0a\0\0\0\x72\0\0\0\
\x56\x06\0\0\0\0\0\0\x0a\0\0\0\x71\0\0\0\x5e\x06\0\0\0\0\0\0\x0a\0\0\0\x6d\0\0\
\0\x6a\x06\0\0\0\0\0\0\x0a\0\0\0\x6c\0\0\0\x7b\x06\0\0\0\0\0\0\x0a\0\0\0\x70\0\
\0\0\x82\x06\0\0\0\0\0\0\x0a\0\0\0\x6f\0\0\0\x8a\x06\0\0\0\0\0\0\x0a\0\0\0\x06\
\0\0\0\x96\x06\0\0\0\0\0\0\x0a\0\0\0\x6e\0\0\0\xa7\x06\0\0\0\0\0\0\x0a\0\0\0\
\x7c\0\0\0\xae\x06\0\0\0\0\0\0\x0a\0\0\0\x7b\0\0\0\xb6\x06\0\0\0\0\0\0\x0a\0\0\
\0\x74\0\0\0\xc5\x06\0\0\0\0\0\0\x0a\0\0\0\x76\0\0\0\xd4\x06\0\0\0\0\0\0\x0a\0\
\0\0\x77\0\0\0\xe3\x06\0\0\0\0\0\0\x0a\0\0\0\x78\0\0\0\xf2\x06\0\0\0\0\0\0\x0a\
\0\0\0\x79\0\0\0\x01\x07\0\0\0\0\0\0\x0a\0\0\0\x7a\0\0\0\x15\x07\0\0\0\0\0\0\
\x0a\0\0\0\x75\0\0\0\x20\x07\0\0\0\0\0\0\x0a\0\0\0\xb1\0\0\0\x27\x07\0\0\0\0\0\
\0\x0a\0\0\0\xb0\0\0\0\x30\x07\0\0\0\0\0\0\x0a\0\0\0\x6d\0\0\0\x3c\x07\0\0\0\0\
\0\0\x0a\0\0\0\x7e\0\0\0\x48\x07\0\0\0\0\0\0\x0a\0\0\0\x82\0\0\0\x54\x07\0\0\0\
\0\0\0\x0a\0\0\0\x87\0\0\0\x60\x07\0\0\0\0\0\0\x0a\0\0\0\x96\0\0\0\x6c\x07\0\0\
\0\0\0\0\x0a\0\0\0\x9c\0\0\0\x78\x07\0\0\0\0\0\0\x0a\0\0\0\xa1\0\0\0\x84\x07\0\
\0\0\0\0\0\x0a\0\0\0\xa9\0\0\0\x91\x07\0\0\0\0\0\0\x0a\0\0\0\xab\0\0\0\xa3\x07\
\0\0\0\0\0\0\x0a\0\0\0\x81\0\0\0\xaa\x07\0\0\0\0\0\0\x0a\0\0\0\x80\0\0\0\xb2\
\x07\0\0\0\0\0\0\x0a\0\0\0\x6d\0\0\0\xbe\x07\0\0\0\0\0\0\x0a\0\0\0\x7f\0\0\0\
\xcf\x07\0\0\0\0\0\0\x0a\0\0\0\x86\0\0\0\xd6\x07\0\0\0\0\0\0\x0a\0\0\0\x85\0\0\
\0\xde\x07\0\0\0\0\0\0\x0a\0\0\0\x6d\0\0\0\xea\x07\0\0\0\0\0\0\x0a\0\0\0\x83\0\
\0\0\xf9\x07\0\0\0\0\0\0\x0a\0\0\0\x74\0\0\0\x08\x08\0\0\0\0\0\0\x0a\0\0\0\x84\
\0\0\0\x19\x08\0\0\0\0\0\0\x0a\0\0\0\x95\0\0\0\x20\x08\0\0\0\0\0\0\x0a\0\0\0\
\x94\0\0\0\x28\x08\0\0\0\0\0\0\x0a\0\0\0\x6d\0\0\0\x34\x08\0\0\0\0\0\0\x0a\0\0\
\0\x88\0\0\0\x40\x08\0\0\0\0\0\0\x0a\0\0\0\x89\0\0\0\x4c\x08\0\0\0\0\0\0\x0a\0\
\0\0\x8a\0\0\0\x58\x08\0\0\0\0\0\0\x0a\0\0\0\x8d\0\0\0\x64\x08\0\0\0\0\0\0\x0a\
\0\0\0\x93\0\0\0\x71\x08\0\0\0\0\0\0\x0a\0\0\0\x8c\0\0\0\x79\x08\0\0\0\0\0\0\
\x0a\0\0\0\x8b\0\0\0\x86\x08\0\0\0\0\0\0\x0a\0\0\0\x92\0\0\0\x8e\x08\0\0\0\0\0\
\0\x0a\0\0\0\x8e\0\0\0\x9e\x08\0\0\0\0\0\0\x0a\0\0\0\x8f\0\0\0\xaa\x08\0\0\0\0\
\0\0\x0a\0\0\0\x90\0\0\0\xb6\x08\0\0\0\0\0\0\x0a\0\0\0\x91\0\0\0\xec\x08\0\0\0\
\0\0\0\x0a\0\0\0\x9b\0\0\0\xf3\x08\0\0\0\0\0\0\x0a\0\0\0\x9a\0\0\0\xfb\x08\0\0\
\0\0\0\0\x0a\0\0\0\x6d\0\0\0\x07\x09\0\0\0\0\0\0\x0a\0\0\0\x96\0\0\0\x24\x09\0\
\0\0\0\0\0\x0a\0\0\0\x99\0\0\0\x2f\x09\0\0\0\0\0\0\x0a\0\0\0\x98\0\0\0\x36\x09\
\0\0\0\0\0\0\x0a\0\0\0\x97\0\0\0\x41\x09\0\0\0\0\0\0\x0a\0\0\0\xa0\0\0\0\x48\
\x09\0\0\0\0\0\0\x0a\0\0\0\x9f\0\0\0\x50\x09\0\0\0\0\0\0\x0a\0\0\0\x9d\0\0\0\
\x5c\x09\0\0\0\0\0\0\x0a\0\0\0\x9e\0\0\0\x79\x09\0\0\0\0\0\0\x0a\0\0\0\xa8\0\0\
\0\x80\x09\0\0\0\0\0\0\x0a\0\0\0\xa7\0\0\0\x88\x09\0\0\0\0\0\0\x0a\0\0\0\x74\0\
\0\0\x97\x09\0\0\0\0\0\0\x0a\0\0\0\xa2\0\0\0\xa6\x09\0\0\0\0\0\0\x0a\0\0\0\xa3\
\0\0\0\xb2\x09\0\0\0\0\0\0\x0a\0\0\0\xa4\0\0\0\xbe\x09\0\0\0\0\0\0\x0a\0\0\0\
\xa5\0\0\0\xca\x09\0\0\0\0\0\0\x0a\0\0\0\xa6\0\0\0\xdb\x09\0\0\0\0\0\0\x0a\0\0\
\0\xaa\0\0\0\xe2\x09\0\0\0\0\0\0\x0a\0\0\0\xa9\0\0\0\xea\x09\0\0\0\0\0\0\x0a\0\
\0\0\x6d\0\0\0\xf6\x09\0\0\0\0\0\0\x0a\0\0\0\xa9\0\0\0\x07\x0a\0\0\0\0\0\0\x0a\
\0\0\0\xaf\0\0\0\x0e\x0a\0\0\0\0\0\0\x0a\0\0\0\xae\0\0\0\x16\x0a\0\0\0\0\0\0\
\x0a\0\0\0\x74\0\0\0\x25\x0a\0\0\0\0\0\0\x0a\0\0\0\xac\0\0\0\x34\x0a\0\0\0\0\0\
\0\x0a\0\0\0\xad\0\0\0\x48\x0a\0\0\0\0\0\0\x0a\0\0\0\xb4\0\0\0\x4f\x0a\0\0\0\0\
\0\0\x0a\0\0\0\xb3\0\0\0\x57\x0a\0\0\0\0\0\0\x0a\0\0\0\x6d\0\0\0\x63\x0a\0\0\0\
\0\0\0\x0a\0\0\0\x7e\0\0\0\x6f\x0a\0\0\0\0\0\0\x0a\0\0\0\x87\0\0\0\x7b\x0a\0\0\
\0\0\0\0\x0a\0\0\0\x96\0\0\0\x87\x0a\0\0\0\0\0\0\x0a\0\0\0\x9c\0\0\0\x98\x0a\0\
\0\0\0\0\0\x0a\0\0\0\xb7\0\0\0\x9f\x0a\0\0\0\0\0\0\x0a\0\0\0\xb6\0\0\0\xa7\x0a\
\0\0\0\0\0\0\x0a\0\0\0\xb5\0\0\0\xb9\x0a\0\0\0\0\0\0\x0a\0\0\0\xbf\0\0\0\xc1\
\x0a\0\0\0\0\0\0\x0a\0\0\0\xbc\0\0\0\xcd\x0a\0\0\0\0\0\0\x0a\0\0\0\xbd\0\0\0\
\xd9\x0a\0\0\0\0\0\0\x0a\0\0\0\xbe\0\0\0\x5e\x0b\0\0\0\0\0\0\x0a\0\0\0\xc6\0\0\
\0\x6a\x0b\0\0\0\0\0\0\x0a\0\0\0\xc5\0\0\0\x75\x0b\0\0\0\0\0\0\x0a\0\0\0\xbb\0\
\0\0\x80\x0b\0\0\0\0\0\0\x0a\0\0\0\xc2\0\0\0\x8c\x0b\0\0\0\0\0\0\x0a\0\0\0\xc3\
\0\0\0\xa5\x0b\0\0\0\0\0\0\x0a\0\0\0\xc7\0\0\0\xb1\x0b\0\0\0\0\0\0\x0a\0\0\0\
\x6a\0\0\0\xbc\x0b\0\0\0\0\0\0\x0a\0\0\0\x6b\0\0\0\xc7\x0b\0\0\0\0\0\0\x0a\0\0\
\0\xc0\0\0\0\xd2\x0b\0\0\0\0\0\0\x0a\0\0\0\xba\0\0\0\xdd\x0b\0\0\0\0\0\0\x0a\0\
\0\0\xbb\0\0\0\xe8\x0b\0\0\0\0\0\0\x0a\0\0\0\xc8\0\0\0\xf3\x0b\0\0\0\0\0\0\x0a\
\0\0\0\xc5\0\0\0\xfe\x0b\0\0\0\0\0\0\x0a\0\0\0\xc9\0\0\0\x09\x0c\0\0\0\0\0\0\
\x0a\0\0\0\xca\0\0\0\x14\x0c\0\0\0\0\0\0\x0a\0\0\0\xc2\0\0\0\x1f\x0c\0\0\0\0\0\
\0\x0a\0\0\0\xcf\0\0\0\x2a\x0c\0\0\0\0\0\0\x0a\0\0\0\xdd\0\0\0\x35\x0c\0\0\0\0\
\0\0\x0a\0\0\0\xde\0\0\0\x40\x0c\0\0\0\0\0\0\x0a\0\0\0\xdf\0\0\0\x4c\x0c\0\0\0\
\0\0\0\x0a\0\0\0\xc3\0\0\0\x59\x0c\0\0\0\0\0\0\x0a\0\0\0\xc3\0\0\0\x66\x0c\0\0\
\0\0\0\0\x0a\0\0\0\xc3\0\0\0\x73\x0c\0\0\0\0\0\0\x0a\0\0\0\xc3\0\0\0\x80\x0c\0\
\0\0\0\0\0\x0a\0\0\0\xc3\0\0\0\x8d\x0c\0\0\0\0\0\0\x0a\0\0\0\xc3\0\0\0\x9a\x0c\
\0\0\0\0\0\0\x0a\0\0\0\xc3\0\0\0\xa7\x0c\0\0\0\0\0\0\x0a\0\0\0\xc3\0\0\0\xb4\
\x0c\0\0\0\0\0\0\x0a\0\0\0\xc3\0\0\0\xc6\x0c\0\0\0\0\0\0\x0a\0\0\0\xce\0\0\0\
\xce\x0c\0\0\0\0\0\0\x0a\0\0\0\xcb\0\0\0\xda\x0c\0\0\0\0\0\0\x0a\0\0\0\xcc\0\0\
\0\xe6\x0c\0\0\0\0\0\0\x0a\0\0\0\xcd\0\0\0\xf2\x0c\0\0\0\0\0\0\x0a\0\0\0\x62\0\
\0\0\x04\x0d\0\0\0\0\0\0\x0a\0\0\0\xdc\0\0\0\x0c\x0d\0\0\0\0\0\0\x0a\0\0\0\xd0\
\0\0\0\x1b\x0d\0\0\0\0\0\0\x0a\0\0\0\xd1\0\0\0\x2a\x0d\0\0\0\0\0\0\x0a\0\0\0\
\xd2\0\0\0\x39\x0d\0\0\0\0\0\0\x0a\0\0\0\x74\0\0\0\x48\x0d\0\0\0\0\0\0\x0a\0\0\
\0\xd3\0\0\0\x57\x0d\0\0\0\0\0\0\x0a\0\0\0\x5b\0\0\0\x66\x0d\0\0\0\0\0\0\x0a\0\
\0\0\xd4\0\0\0\x72\x0d\0\0\0\0\0\0\x0a\0\0\0\xd7\0\0\0\x7e\x0d\0\0\0\0\0\0\x0a\
\0\0\0\x89\0\0\0\x8f\x0d\0\0\0\0\0\0\x0a\0\0\0\xd6\0\0\0\x9a\x0d\0\0\0\0\0\0\
\x0a\0\0\0\xd5\0\0\0\xa5\x0d\0\0\0\0\0\0\x0a\0\0\0\xd9\0\0\0\xb0\x0d\0\0\0\0\0\
\0\x0a\0\0\0\xd8\0\0\0\xbb\x0d\0\0\0\0\0\0\x0a\0\0\0\xdb\0\0\0\xc6\x0d\0\0\0\0\
\0\0\x0a\0\0\0\xda\0\0\0\xcd\x0d\0\0\0\0\0\0\x0a\0\0\0\xef\0\0\0\xd6\x0d\0\0\0\
\0\0\0\x0a\0\0\0\xe0\0\0\0\xe3\x0d\0\0\0\0\0\0\x0a\0\0\0\xe1\0\0\0\xf0\x0d\0\0\
\0\0\0\0\x0a\0\0\0\xe2\0\0\0\xfd\x0d\0\0\0\0\0\0\x0a\0\0\0\xe3\0\0\0\x0a\x0e\0\
\0\0\0\0\0\x0a\0\0\0\x5d\0\0\0\x17\x0e\0\0\0\0\0\0\x0a\0\0\0\xe4\0\0\0\x32\x0e\
\0\0\0\0\0\0\x0a\0\0\0\x5c\0\0\0\x3f\x0e\0\0\0\0\0\0\x0a\0\0\0\xe5\0\0\0\x4c\
\x0e\0\0\0\0\0\0\x0a\0\0\0\xe6\0\0\0\x68\x0e\0\0\0\0\0\0\x0a\0\0\0\xe7\0\0\0\
\x75\x0e\0\0\0\0\0\0\x0a\0\0\0\xe8\0\0\0\x91\x0e\0\0\0\0\0\0\x0a\0\0\0\xe9\0\0\
\0\x9e\x0e\0\0\0\0\0\0\x0a\0\0\0\xea\0\0\0\xac\x0e\0\0\0\0\0\0\x0a\0\0\0\xeb\0\
\0\0\xb9\x0e\0\0\0\0\0\0\x0a\0\0\0\xec\0\0\0\xc6\x0e\0\0\0\0\0\0\x0a\0\0\0\xed\
\0\0\0\xd3\x0e\0\0\0\0\0\0\x0a\0\0\0\xee\0\0\0\x29\x0f\0\0\0\0\0\0\x0a\0\0\0\
\xf0\0\0\0\x35\x0f\0\0\0\0\0\0\x0a\0\0\0\xf1\0\0\0\x40\x0f\0\0\0\0\0\0\x0a\0\0\
\0\xf2\0\0\0\x4b\x0f\0\0\0\0\0\0\x0a\0\0\0\xf3\0\0\0\x56\x0f\0\0\0\0\0\0\x0a\0\
\0\0\xf4\0\0\0\x61\x0f\0\0\0\0\0\0\x0a\0\0\0\xf5\0\0\0\x6d\x0f\0\0\0\0\0\0\x0a\
\0\0\0\xf6\0\0\0\x79\x0f\0\0\0\0\0\0\x0a\0\0\0\xf7\0\0\0\x84\x0f\0\0\0\0\0\0\
\x0a\0\0\0\xf8\0\0\0\x8f\x0f\0\0\0\0\0\0\x0a\0\0\0\xf9\0\0\0\x9a\x0f\0\0\0\0\0\
\0\x0a\0\0\0\xfa\0\0\0\xa5\x0f\0\0\0\0\0\0\x0a\0\0\0\xdd\0\0\0\xb0\x0f\0\0\0\0\
\0\0\x0a\0\0\0\xfb\0\0\0\xbb\x0f\0\0\0\0\0\0\x0a\0\0\0\xfc\0\0\0\xc6\x0f\0\0\0\
\0\0\0\x0a\0\0\0\xfd\0\0\0\xd2\x0f\0\0\0\0\0\0\x0a\0\0\0\xfe\0\0\0\xda\x0f\0\0\
\0\0\0\0\x0a\0\0\0\xff\0\0\0\xe5\x0f\0\0\0\0\0\0\x0a\0\0\0\0\x01\0\0\xf1\x0f\0\
\0\0\0\0\0\x0a\0\0\0\x01\x01\0\0\xfd\x0f\0\0\0\0\0\0\x0a\0\0\0\x02\x01\0\0\x08\
\x10\0\0\0\0\0\0\x0a\0\0\0\x03\x01\0\0\x13\x10\0\0\0\0\0\0\x0a\0\0\0\x04\x01\0\
\0\x1f\x10\0\0\0\0\0\0\x0a\0\0\0\x05\x01\0\0\x2b\x10\0\0\0\0\0\0\x0a\0\0\0\x02\
\x01\0\0\x36\x10\0\0\0\0\0\0\x0a\0\0\0\xff\0\0\0\x42\x10\0\0\0\0\0\0\x01\0\0\0\
\x1c\x01\0\0\x50\x10\0\0\0\0\0\0\x0a\0\0\0\x07\x01\0\0\x5c\x10\0\0\0\0\0\0\x0a\
\0\0\0\x1d\x01\0\0\x60\x10\0\0\0\0\0\0\x0a\0\0\0\x6a\0\0\0\x6c\x10\0\0\0\0\0\0\
\x0a\0\0\0\x1d\x01\0\0\x70\x10\0\0\0\0\0\0\x0a\0\0\0\x08\x01\0\0\x7c\x10\0\0\0\
\0\0\0\x0a\0\0\0\x1d\x01\0\0\x80\x10\0\0\0\0\0\0\x0a\0\0\0\x6b\0\0\0\x8c\x10\0\
\0\0\0\0\0\x0a\0\0\0\x1f\x01\0\0\x94\x10\0\0\0\0\0\0\x0a\0\0\0\xc3\0\0\0\xa5\
\x10\0\0\0\0\0\0\x0a\0\0\0\x1f\x01\0\0\xae\x10\0\0\0\0\0\0\x0a\0\0\0\x1d\x01\0\
\0\xb7\x10\0\0\0\0\0\0\x0a\0\0\0\x1d\x01\0\0\xc5\x10\0\0\0\0\0\0\x0a\0\0\0\x1d\
\x01\0\0\xce\x10\0\0\0\0\0\0\x0a\0\0\0\x1d\x01\0\0\xd7\x10\0\0\0\0\0\0\x0a\0\0\
\0\x1d\x01\0\0\xe0\x10\0\0\0\0\0\0\x0a\0\0\0\x1d\x01\0\0\xe9\x10\0\0\0\0\0\0\
\x01\0\0\0\x1c\x01\0\0\xff\x10\0\0\0\0\0\0\x01\0\0\0\x1c\x01\0\0\x15\x11\0\0\0\
\0\0\0\x01\0\0\0\x1c\x01\0\0\x2b\x11\0\0\0\0\0\0\x0a\0\0\0\x1f\x01\0\0\x30\x11\
\0\0\0\0\0\0\x0a\0\0\0\x1d\x01\0\0\x39\x11\0\0\0\0\0\0\x0a\0\0\0\x1d\x01\0\0\
\x42\x11\0\0\0\0\0\0\x01\0\0\0\x1c\x01\0\0\x5c\x11\0\0\0\0\0\0\x0a\0\0\0\x1f\
\x01\0\0\x69\x11\0\0\0\0\0\0\x0a\0\0\0\x1d\x01\0\0\x72\x11\0\0\0\0\0\0\x0a\0\0\
\0\x1d\x01\0\0\x7b\x11\0\0\0\0\0\0\x01\0\0\0\x1c\x01\0\0\x92\x11\0\0\0\0\0\0\
\x01\0\0\0\x1c\x01\0\0\xa8\x11\0\0\0\0\0\0\x01\0\0\0\x1c\x01\0\0\xbf\x11\0\0\0\
\0\0\0\x01\0\0\0\x1c\x01\0\0\xd5\x11\0\0\0\0\0\0\x0a\0\0\0\x1f\x01\0\0\xe7\x11\
\0\0\0\0\0\0\x0a\0\0\0\x1f\x01\0\0\xef\x11\0\0\0\0\0\0\x0a\0\0\0\x1d\x01\0\0\
\xf8\x11\0\0\0\0\0\0\x0a\0\0\0\x1d\x01\0\0\x01\x12\0\0\0\0\0\0\x0a\0\0\0\x1d\
\x01\0\0\x0f\x12\0\0\0\0\0\0\x0a\0\0\0\x1d\x01\0\0\x18\x12\0\0\0\0\0\0\x0a\0\0\
\0\x1d\x01\0\0\x21\x12\0\0\0\0\0\0\x0a\0\0\0\x1d\x01\0\0\x2a\x12\0\0\0\0\0\0\
\x0a\0\0\0\x1d\x01\0\0\x33\x12\0\0\0\0\0\0\x0a\0\0\0\x1d\x01\0\0\x3c\x12\0\0\0\
\0\0\0\x0a\0\0\0\x1d\x01\0\0\x45\x12\0\0\0\0\0\0\x0a\0\0\0\x1d\x01\0\0\x4e\x12\
\0\0\0\0\0\0\x0a\0\0\0\x1d\x01\0\0\x57\x12\0\0\0\0\0\0\x0a\0\0\0\x1d\x01\0\0\
\x60\x12\0\0\0\0\0\0\x0a\0\0\0\x1f\x01\0\0\x6e\x12\0\0\0\0\0\0\x01\0\0\0\x1c\
\x01\0\0\x84\x12\0\0\0\0\0\0\x0a\0\0\0\x1f\x01\0\0\x92\x12\0\0\0\0\0\0\x0a\0\0\
\0\x1f\x01\0\0\xa0\x12\0\0\0\0\0\0\x01\0\0\0\x1c\x01\0\0\xb6\x12\0\0\0\0\0\0\
\x0a\0\0\0\x1f\x01\0\0\xc4\x12\0\0\0\0\0\0\x0a\0\0\0\x1f\x01\0\0\xd2\x12\0\0\0\
\0\0\0\x0a\0\0\0\x1f\x01\0\0\xe4\x12\0\0\0\0\0\0\x0a\0\0\0\x1f\x01\0\0\xec\x12\
\0\0\0\0\0\0\x0a\0\0\0\x1d\x01\0\0\xf5\x12\0\0\0\0\0\0\x0a\0\0\0\x1d\x01\0\0\
\xfe\x12\0\0\0\0\0\0\x0a\0\0\0\x1d\x01\0\0\x07\x13\0\0\0\0\0\0\x0a\0\0\0\x1d\
\x01\0\0\x10\x13\0\0\0\0\0\0\x0a\0\0\0\x1d\x01\0\0\x1e\x13\0\0\0\0\0\0\x0a\0\0\
\0\x1f\x01\0\0\x26\x13\0\0\0\0\0\0\x0a\0\0\0\x1d\x01\0\0\x34\x13\0\0\0\0\0\0\
\x0a\0\0\0\x1d\x01\0\0\x3d\x13\0\0\0\0\0\0\x0a\0\0\0\x1d\x01\0\0\x46\x13\0\0\0\
\0\0\0\x0a\0\0\0\x1d\x01\0\0\x54\x13\0\0\0\0\0\0\x0a\0\0\0\x1d\x01\0\0\x5d\x13\
\0\0\0\0\0\0\x0a\0\0\0\x1d\x01\0\0\x6a\x13\0\0\0\0\0\0\x01\0\0\0\x1c\x01\0\0\
\x7a\x13\0\0\0\0\0\0\x0a\0\0\0\x1d\x01\0\0\x83\x13\0\0\0\0\0\0\x0a\0\0\0\x1d\
\x01\0\0\x90\x13\0\0\0\0\0\0\x01\0\0\0\x1c\x01\0\0\xa0\x13\0\0\0\0\0\0\x0a\0\0\
\0\x1d\x01\0\0\xa9\x13\0\0\0\0\0\0\x0a\0\0\0\x1d\x01\0\0\xb2\x13\0\0\0\0\0\0\
\x0a\0\0\0\x1d\x01\0\0\xc0\x13\0\0\0\0\0\0\x01\0\0\0\x1c\x01\0\0\xd0\x13\0\0\0\
\0\0\0\x0a\0\0\0\x1d\x01\0\0\xd9\x13\0\0\0\0\0\0\x0a\0\0\0\x1d\x01\0\0\xe5\x13\
\0\0\0\0\0\0\x01\0\0\0\x1c\x01\0\0\xfc\x13\0\0\0\0\0\0\x01\0\0\0\x1c\x01\0\0\
\x12\x14\0\0\0\0\0\0\x01\0\0\0\x1c\x01\0\0\x28\x14\0\0\0\0\0\0\x01\0\0\0\x1c\
\x01\0\0\0\0\0\0\0\0\0\0\x01\0\0\0\x1b\x01\0\0\x08\0\0\0\0\0\0\0\x01\0\0\0\x1b\
\x01\0\0\x10\0\0\0\0\0\0\0\x01\0\0\0\x1b\x01\0\0\x18\0\0\0\0\0\0\0\x01\0\0\0\
\x1b\x01\0\0\x30\0\0\0\0\0\0\0\x01\0\0\0\x1c\x01\0\0\x38\0\0\0\0\0\0\0\x01\0\0\
\0\x1c\x01\0\0\x40\0\0\0\0\0\0\0\x01\0\0\0\x1c\x01\0\0\x48\0\0\0\0\0\0\0\x01\0\
\0\0\x1c\x01\0\0\x60\0\0\0\0\0\0\0\x01\0\0\0\x1c\x01\0\0\x68\0\0\0\0\0\0\0\x01\
\0\0\0\x1c\x01\0\0\x70\0\0\0\0\0\0\0\x01\0\0\0\x1c\x01\0\0\x78\0\0\0\0\0\0\0\
\x01\0\0\0\x1c\x01\0\0\x90\0\0\0\0\0\0\0\x01\0\0\0\x1c\x01\0\0\x98\0\0\0\0\0\0\
\0\x01\0\0\0\x1c\x01\0\0\xa0\0\0\0\0\0\0\0\x01\0\0\0\x1c\x01\0\0\xa8\0\0\0\0\0\
\0\0\x01\0\0\0\x1c\x01\0\0\xc0\0\0\0\0\0\0\0\x01\0\0\0\x1c\x01\0\0\xc8\0\0\0\0\
\0\0\0\x01\0\0\0\x1c\x01\0\0\xd0\0\0\0\0\0\0\0\x01\0\0\0\x1c\x01\0\0\xd8\0\0\0\
\0\0\0\0\x01\0\0\0\x1c\x01\0\0\xe0\0\0\0\0\0\0\0\x01\0\0\0\x1c\x01\0\0\xe8\0\0\
\0\0\0\0\0\x01\0\0\0\x1c\x01\0\0\0\x01\0\0\0\0\0\0\x01\0\0\0\x1c\x01\0\0\x08\
\x01\0\0\0\0\0\0\x01\0\0\0\x1c\x01\0\0\x10\x01\0\0\0\0\0\0\x01\0\0\0\x1c\x01\0\
\0\x18\x01\0\0\0\0\0\0\x01\0\0\0\x1c\x01\0\0\x30\x01\0\0\0\0\0\0\x01\0\0\0\x1c\
\x01\0\0\x38\x01\0\0\0\0\0\0\x01\0\0\0\x1c\x01\0\0\x40\x01\0\0\0\0\0\0\x01\0\0\
\0\x1c\x01\0\0\x48\x01\0\0\0\0\0\0\x01\0\0\0\x1c\x01\0\0\x50\x01\0\0\0\0\0\0\
\x01\0\0\0\x1c\x01\0\0\x58\x01\0\0\0\0\0\0\x01\0\0\0\x1c\x01\0\0\x60\x01\0\0\0\
\0\0\0\x01\0\0\0\x1c\x01\0\0\x68\x01\0\0\0\0\0\0\x01\0\0\0\x1c\x01\0\0\x80\x01\
\0\0\0\0\0\0\x01\0\0\0\x1c\x01\0\0\x88\x01\0\0\0\0\0\0\x01\0\0\0\x1c\x01\0\0\
\x90\x01\0\0\0\0\0\0\x01\0\0\0\x1c\x01\0\0\x98\x01\0\0\0\0\0\0\x01\0\0\0\x1c\
\x01\0\0\xb0\x01\0\0\0\0\0\0\x01\0\0\0\x1c\x01\0\0\xb8\x01\0\0\0\0\0\0\x01\0\0\
\0\x1c\x01\0\0\xc0\x01\0\0\0\0\0\0\x01\0\0\0\x1c\x01\0\0\xc8\x01\0\0\0\0\0\0\
\x01\0\0\0\x1c\x01\0\0\xe0\x01\0\0\0\0\0\0\x01\0\0\0\x1c\x01\0\0\xe8\x01\0\0\0\
\0\0\0\x01\0\0\0\x1c\x01\0\0\xf0\x01\0\0\0\0\0\0\x01\0\0\0\x1c\x01\0\0\xf8\x01\
\0\0\0\0\0\0\x01\0\0\0\x1c\x01\0\0\x10\x02\0\0\0\0\0\0\x01\0\0\0\x1c\x01\0\0\
\x18\x02\0\0\0\0\0\0\x01\0\0\0\x1c\x01\0\0\x20\x02\0\0\0\0\0\0\x01\0\0\0\x1c\
\x01\0\0\x28\x02\0\0\0\0\0\0\x01\0\0\0\x1c\x01\0\0\x40\x02\0\0\0\0\0\0\x01\0\0\
\0\x1c\x01\0\0\x48\x02\0\0\0\0\0\0\x01\0\0\0\x1c\x01\0\0\x50\x02\0\0\0\0\0\0\
\x01\0\0\0\x1c\x01\0\0\x58\x02\0\0\0\0\0\0\x01\0\0\0\x1c\x01\0\0\x70\x02\0\0\0\
\0\0\0\x01\0\0\0\x1c\x01\0\0\x78\x02\0\0\0\0\0\0\x01\0\0\0\x1c\x01\0\0\x80\x02\
\0\0\0\0\0\0\x01\0\0\0\x1c\x01\0\0\x88\x02\0\0\0\0\0\0\x01\0\0\0\x1c\x01\0\0\
\xa0\x02\0\0\0\0\0\0\x01\0\0\0\x1c\x01\0\0\xa8\x02\0\0\0\0\0\0\x01\0\0\0\x1c\
\x01\0\0\xb0\x02\0\0\0\0\0\0\x01\0\0\0\x1c\x01\0\0\xb8\x02\0\0\0\0\0\0\x01\0\0\
\0\x1c\x01\0\0\xd0\x02\0\0\0\0\0\0\x01\0\0\0\x1c\x01\0\0\xd8\x02\0\0\0\0\0\0\
\x01\0\0\0\x1c\x01\0\0\xe0\x02\0\0\0\0\0\0\x01\0\0\0\x1c\x01\0\0\xe8\x02\0\0\0\
\0\0\0\x01\0\0\0\x1c\x01\0\0\0\x03\0\0\0\0\0\0\x01\0\0\0\x1b\x01\0\0\x08\x03\0\
\0\0\0\0\0\x01\0\0\0\x1b\x01\0\0\x10\x03\0\0\0\0\0\0\x01\0\0\0\x1c\x01\0\0\x18\
\x03\0\0\0\0\0\0\x01\0\0\0\x1c\x01\0\0\xc4\x01\0\0\0\0\0\0\0\0\0\0\x22\x01\0\0\
\xdc\x01\0\0\0\0\0\0\0\0\0\0\x27\x01\0\0\xe8\x01\0\0\0\0\0\0\0\0\0\0\x25\x01\0\
\0\xf4\x01\0\0\0\0\0\0\0\0\0\0\x26\x01\0\0\0\x02\0\0\0\0\0\0\0\0\0\0\x24\x01\0\
\0\x2c\0\0\0\0\0\0\0\0\0\0\0\x1b\x01\0\0\x3c\0\0\0\0\0\0\0\0\0\0\0\x1c\x01\0\0\
\x50\0\0\0\0\0\0\0\0\0\0\0\x1b\x01\0\0\x60\0\0\0\0\0\0\0\0\0\0\0\x1b\x01\0\0\
\x70\0\0\0\0\0\0\0\0\0\0\0\x1b\x01\0\0\x80\0\0\0\0\0\0\0\0\0\0\0\x1b\x01\0\0\
\x90\0\0\0\0\0\0\0\0\0\0\0\x1b\x01\0\0\xa8\0\0\0\0\0\0\0\0\0\0\0\x1c\x01\0\0\
\xb8\0\0\0\0\0\0\0\0\0\0\0\x1c\x01\0\0\xc8\0\0\0\0\0\0\0\0\0\0\0\x1c\x01\0\0\
\xd8\0\0\0\0\0\0\0\0\0\0\0\x1c\x01\0\0\xe8\0\0\0\0\0\0\0\0\0\0\0\x1c\x01\0\0\
\xf8\0\0\0\0\0\0\0\0\0\0\0\x1c\x01\0\0\x08\x01\0\0\0\0\0\0\0\0\0\0\x1c\x01\0\0\
\x18\x01\0\0\0\0\0\0\0\0\0\0\x1c\x01\0\0\x28\x01\0\0\0\0\0\0\0\0\0\0\x1c\x01\0\
\0\x38\x01\0\0\0\0\0\0\0\0\0\0\x1c\x01\0\0\x48\x01\0\0\0\0\0\0\0\0\0\0\x1c\x01\
\0\0\x58\x01\0\0\0\0\0\0\0\0\0\0\x1c\x01\0\0\x68\x01\0\0\0\0\0\0\0\0\0\0\x1c\
\x01\0\0\x78\x01\0\0\0\0\0\0\0\0\0\0\x1c\x01\0\0\x88\x01\0\0\0\0\0\0\0\0\0\0\
\x1c\x01\0\0\x98\x01\0\0\0\0\0\0\0\0\0\0\x1c\x01\0\0\xa8\x01\0\0\0\0\0\0\0\0\0\
\0\x1c\x01\0\0\xb8\x01\0\0\0\0\0\0\0\0\0\0\x1c\x01\0\0\xc8\x01\0\0\0\0\0\0\0\0\
\0\0\x1c\x01\0\0\xd8\x01\0\0\0\0\0\0\0\0\0\0\x1c\x01\0\0\xe8\x01\0\0\0\0\0\0\0\
\0\0\0\x1c\x01\0\0\xf8\x01\0\0\0\0\0\0\0\0\0\0\x1c\x01\0\0\x08\x02\0\0\0\0\0\0\
\0\0\0\0\x1c\x01\0\0\x18\x02\0\0\0\0\0\0\0\0\0\0\x1c\x01\0\0\x28\x02\0\0\0\0\0\
\0\0\0\0\0\x1c\x01\0\0\x38\x02\0\0\0\0\0\0\0\0\0\0\x1c\x01\0\0\x48\x02\0\0\0\0\
\0\0\0\0\0\0\x1c\x01\0\0\x58\x02\0\0\0\0\0\0\0\0\0\0\x1c\x01\0\0\x68\x02\0\0\0\
\0\0\0\0\0\0\0\x1c\x01\0\0\x78\x02\0\0\0\0\0\0\0\0\0\0\x1c\x01\0\0\x88\x02\0\0\
\0\0\0\0\0\0\0\0\x1c\x01\0\0\x98\x02\0\0\0\0\0\0\0\0\0\0\x1c\x01\0\0\xa8\x02\0\
\0\0\0\0\0\0\0\0\0\x1c\x01\0\0\xb8\x02\0\0\0\0\0\0\0\0\0\0\x1c\x01\0\0\xc8\x02\
\0\0\0\0\0\0\0\0\0\0\x1c\x01\0\0\xd8\x02\0\0\0\0\0\0\0\0\0\0\x1c\x01\0\0\xe8\
\x02\0\0\0\0\0\0\0\0\0\0\x1c\x01\0\0\xf8\x02\0\0\0\0\0\0\0\0\0\0\x1c\x01\0\0\
\x08\x03\0\0\0\0\0\0\0\0\0\0\x1c\x01\0\0\x18\x03\0\0\0\0\0\0\0\0\0\0\x1c\x01\0\
\0\x28\x03\0\0\0\0\0\0\0\0\0\0\x1c\x01\0\0\x38\x03\0\0\0\0\0\0\0\0\0\0\x1c\x01\
\0\0\x48\x03\0\0\0\0\0\0\0\0\0\0\x1c\x01\0\0\x58\x03\0\0\0\0\0\0\0\0\0\0\x1c\
\x01\0\0\x68\x03\0\0\0\0\0\0\0\0\0\0\x1c\x01\0\0\x78\x03\0\0\0\0\0\0\0\0\0\0\
\x1c\x01\0\0\x88\x03\0\0\0\0\0\0\0\0\0\0\x1c\x01\0\0\x98\x03\0\0\0\0\0\0\0\0\0\
\0\x1c\x01\0\0\xa8\x03\0\0\0\0\0\0\0\0\0\0\x1c\x01\0\0\xb8\x03\0\0\0\0\0\0\0\0\
\0\0\x1c\x01\0\0\xc8\x03\0\0\0\0\0\0\0\0\0\0\x1c\x01\0\0\xd8\x03\0\0\0\0\0\0\0\
\0\0\0\x1c\x01\0\0\xe8\x03\0\0\0\0\0\0\0\0\0\0\x1c\x01\0\0\xf8\x03\0\0\0\0\0\0\
\0\0\0\0\x1c\x01\0\0\x08\x04\0\0\0\0\0\0\0\0\0\0\x1c\x01\0\0\x18\x04\0\0\0\0\0\
\0\0\0\0\0\x1c\x01\0\0\x28\x04\0\0\0\0\0\0\0\0\0\0\x1c\x01\0\0\x38\x04\0\0\0\0\
\0\0\0\0\0\0\x1c\x01\0\0\x48\x04\0\0\0\0\0\0\0\0\0\0\x1c\x01\0\0\x58\x04\0\0\0\
\0\0\0\0\0\0\0\x1c\x01\0\0\x68\x04\0\0\0\0\0\0\0\0\0\0\x1c\x01\0\0\x78\x04\0\0\
\0\0\0\0\0\0\0\0\x1c\x01\0\0\x88\x04\0\0\0\0\0\0\0\0\0\0\x1c\x01\0\0\x98\x04\0\
\0\0\0\0\0\0\0\0\0\x1c\x01\0\0\xa8\x04\0\0\0\0\0\0\0\0\0\0\x1c\x01\0\0\xb8\x04\
\0\0\0\0\0\0\0\0\0\0\x1c\x01\0\0\xc8\x04\0\0\0\0\0\0\0\0\0\0\x1c\x01\0\0\xd8\
\x04\0\0\0\0\0\0\0\0\0\0\x1c\x01\0\0\xe8\x04\0\0\0\0\0\0\0\0\0\0\x1c\x01\0\0\
\xf8\x04\0\0\0\0\0\0\0\0\0\0\x1c\x01\0\0\x08\x05\0\0\0\0\0\0\0\0\0\0\x1c\x01\0\
\0\x18\x05\0\0\0\0\0\0\0\0\0\0\x1c\x01\0\0\x28\x05\0\0\0\0\0\0\0\0\0\0\x1c\x01\
\0\0\x38\x05\0\0\0\0\0\0\0\0\0\0\x1c\x01\0\0\x48\x05\0\0\0\0\0\0\0\0\0\0\x1c\
\x01\0\0\x58\x05\0\0\0\0\0\0\0\0\0\0\x1c\x01\0\0\x68\x05\0\0\0\0\0\0\0\0\0\0\
\x1c\x01\0\0\x78\x05\0\0\0\0\0\0\0\0\0\0\x1c\x01\0\0\x88\x05\0\0\0\0\0\0\0\0\0\
\0\x1c\x01\0\0\x98\x05\0\0\0\0\0\0\0\0\0\0\x1c\x01\0\0\xa8\x05\0\0\0\0\0\0\0\0\
\0\0\x1c\x01\0\0\xb8\x05\0\0\0\0\0\0\0\0\0\0\x1c\x01\0\0\xc8\x05\0\0\0\0\0\0\0\
\0\0\0\x1c\x01\0\0\xd8\x05\0\0\0\0\0\0\0\0\0\0\x1c\x01\0\0\xe8\x05\0\0\0\0\0\0\
\0\0\0\0\x1c\x01\0\0\xf8\x05\0\0\0\0\0\0\0\0\0\0\x1c\x01\0\0\x08\x06\0\0\0\0\0\
\0\0\0\0\0\x1c\x01\0\0\x18\x06\0\0\0\0\0\0\0\0\0\0\x1c\x01\0\0\x28\x06\0\0\0\0\
\0\0\0\0\0\0\x1c\x01\0\0\x38\x06\0\0\0\0\0\0\0\0\0\0\x1c\x01\0\0\x48\x06\0\0\0\
\0\0\0\0\0\0\0\x1c\x01\0\0\x58\x06\0\0\0\0\0\0\0\0\0\0\x1c\x01\0\0\x68\x06\0\0\
\0\0\0\0\0\0\0\0\x1c\x01\0\0\x78\x06\0\0\0\0\0\0\0\0\0\0\x1c\x01\0\0\x88\x06\0\
\0\0\0\0\0\0\0\0\0\x1c\x01\0\0\x98\x06\0\0\0\0\0\0\0\0\0\0\x1c\x01\0\0\xa8\x06\
\0\0\0\0\0\0\0\0\0\0\x1c\x01\0\0\xb8\x06\0\0\0\0\0\0\0\0\0\0\x1c\x01\0\0\xc8\
\x06\0\0\0\0\0\0\0\0\0\0\x1c\x01\0\0\xd8\x06\0\0\0\0\0\0\0\0\0\0\x1c\x01\0\0\
\xe8\x06\0\0\0\0\0\0\0\0\0\0\x1c\x01\0\0\xf8\x06\0\0\0\0\0\0\0\0\0\0\x1c\x01\0\
\0\x08\x07\0\0\0\0\0\0\0\0\0\0\x1c\x01\0\0\x18\x07\0\0\0\0\0\0\0\0\0\0\x1c\x01\
\0\0\x28\x07\0\0\0\0\0\0\0\0\0\0\x1c\x01\0\0\x38\x07\0\0\0\0\0\0\0\0\0\0\x1c\
\x01\0\0\x48\x07\0\0\0\0\0\0\0\0\0\0\x1c\x01\0\0\x58\x07\0\0\0\0\0\0\0\0\0\0\
\x1c\x01\0\0\x68\x07\0\0\0\0\0\0\0\0\0\0\x1c\x01\0\0\x78\x07\0\0\0\0\0\0\0\0\0\
\0\x1c\x01\0\0\x88\x07\0\0\0\0\0\0\0\0\0\0\x1c\x01\0\0\x98\x07\0\0\0\0\0\0\0\0\
\0\0\x1c\x01\0\0\xa8\x07\0\0\0\0\0\0\0\0\0\0\x1c\x01\0\0\xb8\x07\0\0\0\0\0\0\0\
\0\0\0\x1c\x01\0\0\xc8\x07\0\0\0\0\0\0\0\0\0\0\x1c\x01\0\0\xd8\x07\0\0\0\0\0\0\
\0\0\0\0\x1c\x01\0\0\xe8\x07\0\0\0\0\0\0\0\0\0\0\x1c\x01\0\0\xf8\x07\0\0\0\0\0\
\0\0\0\0\0\x1c\x01\0\0\x08\x08\0\0\0\0\0\0\0\0\0\0\x1c\x01\0\0\x18\x08\0\0\0\0\
\0\0\0\0\0\0\x1c\x01\0\0\x28\x08\0\0\0\0\0\0\0\0\0\0\x1c\x01\0\0\x38\x08\0\0\0\
\0\0\0\0\0\0\0\x1c\x01\0\0\x48\x08\0\0\0\0\0\0\0\0\0\0\x1c\x01\0\0\x58\x08\0\0\
\0\0\0\0\0\0\0\0\x1c\x01\0\0\x14\0\0\0\0\0\0\0\x0a\0\0\0\x20\x01\0\0\x18\0\0\0\
\0\0\0\0\x01\0\0\0\x1b\x01\0\0\x2c\0\0\0\0\0\0\0\x0a\0\0\0\x20\x01\0\0\x30\0\0\
\0\0\0\0\0\x01\0\0\0\x1c\x01\0\0\x96\x04\0\0\0\0\0\0\x01\0\0\0\x1b\x01\0\0\xbc\
\x04\0\0\0\0\0\0\x01\0\0\0\x1c\x01\0\0\xa8\x02\xa3\x02\xa7\x02\xa5\x02\xa6\x02\
\xa4\x02\xa2\x02\0\x78\x64\x70\x5f\x72\x65\x64\x69\x72\x65\x63\x74\x5f\x64\x75\
\x6d\x6d\x79\0\x2e\x64\x65\x62\x75\x67\x5f\x61\x62\x62\x72\x65\x76\0\x78\x64\
\x70\x5f\x72\x65\x64\x69\x72\x65\x63\x74\x5f\x67\x74\x70\x75\0\x2e\x74\x65\x78\
\x74\0\x2e\x72\x65\x6c\x2e\x42\x54\x46\x2e\x65\x78\x74\0\x66\x61\x72\x5f\x65\
\x6e\x74\x72\x79\x5f\x70\x6f\x69\x6e\x74\0\x6d\x63\x5f\x73\x74\x61\x74\x73\0\
\x6d\x61\x70\x73\0\x2e\x72\x65\x6c\x2e\x64\x65\x62\x75\x67\x5f\x72\x61\x6e\x67\
\x65\x73\0\x6d\x5f\x72\x65\x64\x69\x72\x65\x63\x74\x5f\x69\x6e\x74\x65\x72\x66\
\x61\x63\x65\x73\0\x2e\x64\x65\x62\x75\x67\x5f\x73\x74\x72\0\x2e\x72\x65\x6c\
\x78\x64\x70\x5f\x66\x61\x72\0\x6d\x5f\x66\x61\x72\0\x2e\x72\x65\x6c\x2e\x64\
\x65\x62\x75\x67\x5f\x69\x6e\x66\x6f\0\x2e\x6c\x6c\x76\x6d\x5f\x61\x64\x64\x72\
\x73\x69\x67\0\x5f\x6c\x69\x63\x65\x6e\x73\x65\0\x2e\x72\x65\x6c\x2e\x64\x65\
\x62\x75\x67\x5f\x6c\x69\x6e\x65\0\x2e\x72\x65\x6c\x2e\x64\x65\x62\x75\x67\x5f\
\x66\x72\x61\x6d\x65\0\x6d\x5f\x61\x72\x70\x5f\x74\x61\x62\x6c\x65\0\x2e\x72\
\x65\x6c\x2e\x64\x65\x62\x75\x67\x5f\x6c\x6f\x63\0\x66\x61\x72\x5f\x62\x70\x66\
\x2e\x63\0\x2e\x73\x74\x72\x74\x61\x62\0\x2e\x73\x79\x6d\x74\x61\x62\0\x2e\x72\
\x65\x6c\x2e\x42\x54\x46\0\x4c\x42\x42\x31\x5f\x33\x39\0\x4c\x42\x42\x31\x5f\
\x33\x38\0\x4c\x42\x42\x31\x5f\x33\x37\0\x4c\x42\x42\x31\x5f\x32\x37\0\x4c\x42\
\x42\x31\x5f\x31\x37\0\x4c\x42\x42\x31\x5f\x33\x36\0\x4c\x42\x42\x31\x5f\x31\
\x36\0\x4c\x42\x42\x31\x5f\x35\0\x4c\x42\x42\x31\x5f\x33\x35\0\x4c\x42\x42\x31\
\x5f\x31\x35\0\x4c\x42\x42\x31\x5f\x33\x34\0\x4c\x42\x42\x31\x5f\x31\x34\0\x4c\
\x42\x42\x31\x5f\x33\0\x4c\x42\x42\x31\x5f\x33\x33\0\x4c\x42\x42\x31\x5f\x32\0\
\x4c\x42\x42\x31\x5f\x33\x32\0\x4c\x42\x42\x31\x5f\x33\x31\0\x4c\x42\x42\x31\
\x5f\x32\x31\0\x2e\x72\x6f\x64\x61\x74\x61\x2e\x73\x74\x72\x31\x2e\x31\0\0\0\0\
\0\0\0\0\0\0\0\0\0\0\0\0\0\0\0\0\0\0\0\0\0\0\0\0\0\0\0\0\0\0\0\0\0\0\0\0\0\0\0\
\0\0\0\0\0\0\0\0\0\0\0\0\0\0\0\0\0\0\0\0\0\0\0\0\0\0\0\0\x17\x01\0\0\x03\0\0\0\
\0\0\0\0\0\0\0\0\0\0\0\0\0\0\0\0\xce\xb1\0\0\0\0\0\0\xcc\x01\0\0\0\0\0\0\0\0\0\
\0\0\0\0\0\x01\0\0\0\0\0\0\0\0\0\0\0\0\0\0\0\x34\0\0\0\x01\0\0\0\x06\0\0\0\0\0\
\0\0\0\0\0\0\0\0\0\0\x40\0\0\0\0\0\0\0\0\0\0\0\0\0\0\0\0\0\0\0\0\0\0\0\x04\0\0\
\0\0\0\0\0\0\0\0\0\0\0\0\0\x01\0\0\0\x01\0\0\0\x06\0\0\0\0\0\0\0\0\0\0\0\0\0\0\
\0\x40\0\0\0\0\0\0\0\x70\0\0\0\0\0\0\0\0\0\0\0\0\0\0\0\x08\0\0\0\0\0\0\0\0\0\0\
\0\0\0\0\0\x9c\0\0\0\x01\0\0\0\x06\0\0\0\0\0\0\0\0\0\0\0\0\0\0\0\xb0\0\0\0\0\0\
\0\0\x60\x13\0\0\0\0\0\0\0\0\0\0\0\0\0\0\x08\0\0\0\0\0\0\0\0\0\0\0\0\0\0\0\x98\
\0\0\0\x09\0\0\0\0\0\0\0\0\0\0\0\0\0\0\0\0\0\0\0\xb0\x87\0\0\0\0\0\0\x50\0\0\0\
\0\0\0\0\x1a\0\0\0\x04\0\0\0\x08\0\0\0\0\0\0\0\x10\0\0\0\0\0\0\0\x60\0\0\0\x01\
\0\0\0\x03\0\0\0\0\0\0\0\0\0\0\0\0\0\0\0\x10\x14\0\0\0\0\0\0\x50\0\0\0\0\0\0\0\
\0\0\0\0\0\0\0\0\x04\0\0\0\0\0\0\0\0\0\0\0\0\0\0\0\xbd\x01\0\0\x01\0\0\0\x32\0\
\0\0\0\0\0\0\0\0\0\0\0\0\0\0\x60\x14\0\0\0\0\0\0\x07\x02\0\0\0\0\0\0\0\0\0\0\0\
\0\0\0\x01\0\0\0\0\0\0\0\x01\0\0\0\0\0\0\0\xc9\0\0\0\x01\0\0\0\x03\0\0\0\0\0\0\
\0\0\0\0\0\0\0\0\0\x67\x16\0\0\0\0\0\0\x04\0\0\0\0\0\0\0\0\0\0\0\0\0\0\0\x01\0\
\0\0\0\0\0\0\0\0\0\0\0\0\0\0\x8d\0\0\0\x01\0\0\0\x30\0\0\0\0\0\0\0\0\0\0\0\0\0\
\0\0\x6b\x16\0\0\0\0\0\0\xd4\x0c\0\0\0\0\0\0\0\0\0\0\0\0\0\0\x01\0\0\0\0\0\0\0\
\x01\0\0\0\0\0\0\0\x02\x01\0\0\x01\0\0\0\0\0\0\0\0\0\0\0\0\0\0\0\0\0\0\0\x3f\
\x23\0\0\0\0\0\0\xe9\x0b\0\0\0\0\0\0\0\0\0\0\0\0\0\0\x01\0\0\0\0\0\0\0\0\0\0\0\
\0\0\0\0\xfe\0\0\0\x09\0\0\0\0\0\0\0\0\0\0\0\0\0\0\0\0\0\0\0\0\x88\0\0\0\0\0\0\
\xb0\x02\0\0\0\0\0\0\x1a\0\0\0\x0a\0\0\0\x08\0\0\0\0\0\0\0\x10\0\0\0\0\0\0\0\
\x14\0\0\0\x01\0\0\0\0\0\0\0\0\0\0\0\0\0\0\0\0\0\0\0\x28\x2f\0\0\0\0\0\0\xa1\
\x02\0\0\0\0\0\0\0\0\0\0\0\0\0\0\x01\0\0\0\0\0\0\0\0\0\0\0\0\0\0\0\xae\0\0\0\
\x01\0\0\0\0\0\0\0\0\0\0\0\0\0\0\0\0\0\0\0\xc9\x31\0\0\0\0\0\0\x4c\x14\0\0\0\0\
\0\0\0\0\0\0\0\0\0\0\x01\0\0\0\0\0\0\0\0\0\0\0\0\0\0\0\xaa\0\0\0\x09\0\0\0\0\0\
\0\0\0\0\0\0\0\0\0\0\0\0\0\0\xb0\x8a\0\0\0\0\0\0\xd0\x19\0\0\0\0\0\0\x1a\0\0\0\
\x0d\0\0\0\x08\0\0\0\0\0\0\0\x10\0\0\0\0\0\0\0\x69\0\0\0\x01\0\0\0\0\0\0\0\0\0\
\0\0\0\0\0\0\0\0\0\0\x15\x46\0\0\0\0\0\0\x30\x03\0\0\0\0\0\0\0\0\0\0\0\0\0\0\
\x01\0\0\0\0\0\0\0\0\0\0\0\0\0\0\0\x65\0\0\0\x09\0\0\0\0\0\0\0\0\0\0\0\0\0\0\0\
\0\0\0\0\x80\xa4\0\0\0\0\0\0\x60\x04\0\0\0\0\0\0\x1a\0\0\0\x0f\0\0\0\x08\0\0\0\
\0\0\0\0\x10\0\0\0\0\0\0\0\x2b\x01\0\0\x01\0\0\0\0\0\0\0\0\0\0\0\0\0\0\0\0\0\0\
\0\x45\x49\0\0\0\0\0\0\x75\x12\0\0\0\0\0\0\0\0\0\0\0\0\0\0\x01\0\0\0\0\0\0\0\0\
\0\0\0\0\0\0\0\x27\x01\0\0\x09\0\0\0\0\0\0\0\0\0\0\0\0\0\0\0\0\0\0\0\xe0\xa8\0\
\0\0\0\0\0\x50\0\0\0\0\0\0\0\x1a\0\0\0\x11\0\0\0\x08\0\0\0\0\0\0\0\x10\0\0\0\0\
\0\0\0\x3e\0\0\0\x01\0\0\0\0\0\0\0\0\0\0\0\0\0\0\0\0\0\0\0\xba\x5b\0\0\0\0\0\0\
\x68\x08\0\0\0\0\0\0\0\0\0\0\0\0\0\0\x01\0\0\0\0\0\0\0\0\0\0\0\0\0\0\0\x3a\0\0\
\0\x09\0\0\0\0\0\0\0\0\0\0\0\0\0\0\0\0\0\0\0\x30\xa9\0\0\0\0\0\0\x30\x08\0\0\0\
\0\0\0\x1a\0\0\0\x13\0\0\0\x08\0\0\0\0\0\0\0\x10\0\0\0\0\0\0\0\xe5\0\0\0\x01\0\
\0\0\0\0\0\0\0\0\0\0\0\0\0\0\0\0\0\0\x28\x64\0\0\0\0\0\0\x40\0\0\0\0\0\0\0\0\0\
\0\0\0\0\0\0\x08\0\0\0\0\0\0\0\0\0\0\0\0\0\0\0\xe1\0\0\0\x09\0\0\0\0\0\0\0\0\0\
\0\0\0\0\0\0\0\0\0\0\x60\xb1\0\0\0\0\0\0\x40\0\0\0\0\0\0\0\x1a\0\0\0\x15\0\0\0\
\x08\0\0\0\0\0\0\0\x10\0\0\0\0\0\0\0\xd5\0\0\0\x01\0\0\0\0\0\0\0\0\0\0\0\0\0\0\
\0\0\0\0\0\x68\x64\0\0\0\0\0\0\x70\x07\0\0\0\0\0\0\0\0\0\0\0\0\0\0\x01\0\0\0\0\
\0\0\0\0\0\0\0\0\0\0\0\xd1\0\0\0\x09\0\0\0\0\0\0\0\0\0\0\0\0\0\0\0\0\0\0\0\xa0\
\xb1\0\0\0\0\0\0\x20\0\0\0\0\0\0\0\x1a\0\0\0\x17\0\0\0\x08\0\0\0\0\0\0\0\x10\0\
\0\0\0\0\0\0\xba\0\0\0\x03\x4c\xff\x6f\0\0\0\x80\0\0\0\0\0\0\0\0\0\0\0\0\xc0\
\xb1\0\0\0\0\0\0\x0e\0\0\0\0\0\0\0\x1a\0\0\0\0\0\0\0\x01\0\0\0\0\0\0\0\0\0\0\0\
\0\0\0\0\x1f\x01\0\0\x02\0\0\0\0\0\0\0\0\0\0\0\0\0\0\0\0\0\0\0\xd8\x6b\0\0\0\0\
\0\0\xd8\x1b\0\0\0\0\0\0\x01\0\0\0\x22\x01\0\0\x08\0\0\0\0\0\0\0\x18\0\0\0\0\0\
\0\0";

	return 0;
err:
	bpf_object__destroy_skeleton(s);
	return -1;
}

#endif /* __FAR_BPF_C_SKEL_H__ */
