/* SPDX-License-Identifier: (LGPL-2.1 OR BSD-2-Clause) */

/* THIS FILE IS AUTOGENERATED! */
#ifndef __SESSION_BPF_C_SKEL_H__
#define __SESSION_BPF_C_SKEL_H__

#include <stdlib.h>
#include <bpf/libbpf.h>
#define typeof(x) __typeof__(x)

struct session_bpf_c {
	struct bpf_object_skeleton *skeleton;
	struct bpf_object *obj;
	struct {
		struct bpf_map *m_arp_table;
		struct bpf_map *m_fars;
		struct bpf_map *m_redirect_interfaces;
		struct bpf_map *m_teid_pdr;
		struct bpf_map *m_ueip_pdr;
		struct bpf_map *mc_stats;
	} maps;
	struct {
		struct bpf_program *xdp_redirect_gtpu;
		struct bpf_program *uplink_entry_point;
		struct bpf_program *downlink_entry_point;
	} progs;
	struct {
		struct bpf_link *xdp_redirect_gtpu;
		struct bpf_link *uplink_entry_point;
		struct bpf_link *downlink_entry_point;
	} links;
};

static void
session_bpf_c__destroy(struct session_bpf_c *obj)
{
	if (!obj)
		return;
	if (obj->skeleton)
		bpf_object__destroy_skeleton(obj->skeleton);
	free(obj);
}

static inline int
session_bpf_c__create_skeleton(struct session_bpf_c *obj);

static inline struct session_bpf_c *
session_bpf_c__open_opts(const struct bpf_object_open_opts *opts)
{
	struct session_bpf_c *obj;

	obj = (typeof(obj))calloc(1, sizeof(*obj));
	if (!obj)
		return NULL;
	if (session_bpf_c__create_skeleton(obj))
		goto err;
	if (bpf_object__open_skeleton(obj->skeleton, opts))
		goto err;

	return obj;
err:
	session_bpf_c__destroy(obj);
	return NULL;
}

static inline struct session_bpf_c *
session_bpf_c__open(void)
{
	return session_bpf_c__open_opts(NULL);
}

static inline int
session_bpf_c__load(struct session_bpf_c *obj)
{
	return bpf_object__load_skeleton(obj->skeleton);
}

static inline struct session_bpf_c *
session_bpf_c__open_and_load(void)
{
	struct session_bpf_c *obj;

	obj = session_bpf_c__open();
	if (!obj)
		return NULL;
	if (session_bpf_c__load(obj)) {
		session_bpf_c__destroy(obj);
		return NULL;
	}
	return obj;
}

static inline int
session_bpf_c__attach(struct session_bpf_c *obj)
{
	return bpf_object__attach_skeleton(obj->skeleton);
}

static inline void
session_bpf_c__detach(struct session_bpf_c *obj)
{
	return bpf_object__detach_skeleton(obj->skeleton);
}

static inline int
session_bpf_c__create_skeleton(struct session_bpf_c *obj)
{
	struct bpf_object_skeleton *s;

	s = (typeof(s))calloc(1, sizeof(*s));
	if (!s)
		return -1;
	obj->skeleton = s;

	s->sz = sizeof(*s);
	s->name = "session_bpf_c";
	s->obj = &obj->obj;

	/* maps */
	s->map_cnt = 6;
	s->map_skel_sz = sizeof(*s->maps);
	s->maps = (typeof(s->maps))calloc(s->map_cnt, s->map_skel_sz);
	if (!s->maps)
		goto err;

	s->maps[0].name = "m_arp_table";
	s->maps[0].map = &obj->maps.m_arp_table;

	s->maps[1].name = "m_fars";
	s->maps[1].map = &obj->maps.m_fars;

	s->maps[2].name = "m_redirect_interfaces";
	s->maps[2].map = &obj->maps.m_redirect_interfaces;

	s->maps[3].name = "m_teid_pdr";
	s->maps[3].map = &obj->maps.m_teid_pdr;

	s->maps[4].name = "m_ueip_pdr";
	s->maps[4].map = &obj->maps.m_ueip_pdr;

	s->maps[5].name = "mc_stats";
	s->maps[5].map = &obj->maps.mc_stats;

	/* programs */
	s->prog_cnt = 3;
	s->prog_skel_sz = sizeof(*s->progs);
	s->progs = (typeof(s->progs))calloc(s->prog_cnt, s->prog_skel_sz);
	if (!s->progs)
		goto err;

	s->progs[0].name = "xdp_redirect_gtpu";
	s->progs[0].prog = &obj->progs.xdp_redirect_gtpu;
	s->progs[0].link = &obj->links.xdp_redirect_gtpu;

	s->progs[1].name = "uplink_entry_point";
	s->progs[1].prog = &obj->progs.uplink_entry_point;
	s->progs[1].link = &obj->links.uplink_entry_point;

	s->progs[2].name = "downlink_entry_point";
	s->progs[2].prog = &obj->progs.downlink_entry_point;
	s->progs[2].link = &obj->links.downlink_entry_point;

	s->data_sz = 83296;
	s->data = (void *)"\
\x7f\x45\x4c\x46\x02\x01\x01\0\0\0\0\0\0\0\0\0\x01\0\xf7\0\x01\0\0\0\0\0\0\0\0\
\0\0\0\0\0\0\0\0\0\0\0\xe0\x3d\x01\0\0\0\0\0\0\0\0\0\x40\0\0\0\0\0\x40\0\x1e\0\
\x01\0\xbf\x17\0\0\0\0\0\0\x61\x78\x04\0\0\0\0\0\x61\x76\0\0\0\0\0\0\xbf\x61\0\
\0\0\0\0\0\x07\x01\0\0\x0e\0\0\0\x3d\x18\x0a\0\0\0\0\0\x18\x01\0\0\x70\x6f\x69\
\x6e\0\0\0\0\x74\x65\x72\0\x7b\x1a\xd8\xff\0\0\0\0\x18\x01\0\0\x49\x6e\x76\x61\
\0\0\0\0\x6c\x69\x64\x20\x7b\x1a\xd0\xff\0\0\0\0\xbf\xa1\0\0\0\0\0\0\x07\x01\0\
\0\xd0\xff\xff\xff\xb7\x02\0\0\x10\0\0\0\x05\0\x0b\0\0\0\0\0\x55\x02\x0e\0\0\0\
\0\0\xb7\x01\0\0\0\0\0\0\x73\x1a\xdc\xff\0\0\0\0\xb7\x01\0\0\x46\x41\x52\x21\
\x63\x1a\xd8\xff\0\0\0\0\x18\x01\0\0\x49\x6e\x76\x61\0\0\0\0\x6c\x69\x64\x20\
\x7b\x1a\xd0\xff\0\0\0\0\xbf\xa1\0\0\0\0\0\0\x07\x01\0\0\xd0\xff\xff\xff\xb7\
\x02\0\0\x0d\0\0\0\x85\0\0\0\x06\0\0\0\xb7\x09\0\0\x01\0\0\0\xbf\x90\0\0\0\0\0\
\0\x95\0\0\0\0\0\0\0\x71\x21\x08\0\0\0\0\0\x57\x01\0\0\x40\0\0\0\x15\x01\x66\0\
\0\0\0\0\x69\x24\x24\0\0\0\0\0\xb7\x09\0\0\x02\0\0\0\x71\x21\x14\0\0\0\0\0\x15\
\x01\x72\0\0\0\0\0\x55\x01\xf6\xff\x01\0\0\0\x7b\x3a\xc8\xff\0\0\0\0\x18\x01\0\
\0\x45\x5f\x43\x4f\0\0\0\0\x52\x45\x0a\0\x7b\x1a\xf0\xff\0\0\0\0\x18\x01\0\0\
\x41\x43\x45\x5f\0\0\0\0\x56\x41\x4c\x55\x7b\x1a\xe8\xff\0\0\0\0\x18\x01\0\0\
\x6f\x20\x49\x4e\0\0\0\0\x54\x45\x52\x46\x7b\x1a\xe0\xff\0\0\0\0\x18\x01\0\0\
\x69\x6f\x6e\x20\0\0\0\0\x69\x73\x20\x74\x7b\x1a\xd8\xff\0\0\0\0\x18\x01\0\0\
\x44\x65\x73\x74\0\0\0\0\x69\x6e\x61\x74\x7b\x1a\xd0\xff\0\0\0\0\xbf\xa1\0\0\0\
\0\0\0\x07\x01\0\0\xd0\xff\xff\xff\xb7\x02\0\0\x28\0\0\0\x7b\x4a\xc0\xff\0\0\0\
\0\x85\0\0\0\x06\0\0\0\x79\xa3\xc0\xff\0\0\0\0\x15\x03\xb2\0\0\x08\0\0\x55\x03\
\xc2\0\0\x04\0\0\x18\x01\0\0\x50\x5f\x49\x50\0\0\0\0\x56\x34\x0a\0\x7b\x1a\xe8\
\xff\0\0\0\0\x18\x01\0\0\x41\x54\x49\x4f\0\0\0\0\x4e\x5f\x55\x44\x7b\x1a\xe0\
\xff\0\0\0\0\x18\x01\0\0\x41\x44\x45\x52\0\0\0\0\x5f\x43\x52\x45\x7b\x1a\xd8\
\xff\0\0\0\0\x18\x01\0\0\x4f\x55\x54\x45\0\0\0\0\x52\x5f\x48\x45\x7b\x1a\xd0\
\xff\0\0\0\0\xbf\xa1\0\0\0\0\0\0\x07\x01\0\0\xd0\xff\xff\xff\xb7\x02\0\0\x20\0\
\0\0\x85\0\0\0\x06\0\0\0\xb7\x09\0\0\x01\0\0\0\xbf\x61\0\0\0\0\0\0\x07\x01\0\0\
\x32\0\0\0\x2d\x81\xca\xff\0\0\0\0\xbf\x62\0\0\0\0\0\0\x07\x02\0\0\x24\0\0\0\
\x71\x61\x0d\0\0\0\0\0\x73\x12\x0d\0\0\0\0\0\x71\x61\x0c\0\0\0\0\0\x73\x12\x0c\
\0\0\0\0\0\x71\x61\x0b\0\0\0\0\0\x73\x12\x0b\0\0\0\0\0\x71\x61\x0a\0\0\0\0\0\
\x73\x12\x0a\0\0\0\0\0\x71\x61\x09\0\0\0\0\0\x73\x12\x09\0\0\0\0\0\x71\x61\x08\
\0\0\0\0\0\x73\x12\x08\0\0\0\0\0\x71\x61\x07\0\0\0\0\0\x73\x12\x07\0\0\0\0\0\
\x71\x61\x06\0\0\0\0\0\x73\x12\x06\0\0\0\0\0\x71\x61\x05\0\0\0\0\0\x73\x12\x05\
\0\0\0\0\0\x71\x61\x04\0\0\0\0\0\x73\x12\x04\0\0\0\0\0\x71\x61\x03\0\0\0\0\0\
\x73\x12\x03\0\0\0\0\0\x71\x61\x02\0\0\0\0\0\x73\x12\x02\0\0\0\0\0\x71\x61\x01\
\0\0\0\0\0\x73\x12\x01\0\0\0\0\0\x71\x61\0\0\0\0\0\0\x73\x12\0\0\0\0\0\0\xbf\
\x61\0\0\0\0\0\0\x07\x01\0\0\x46\0\0\0\x2d\x81\xa9\xff\0\0\0\0\xbf\x28\0\0\0\0\
\0\0\x07\x06\0\0\x42\0\0\0\x18\x01\0\0\0\0\0\0\0\0\0\0\0\0\0\0\xbf\x62\0\0\0\0\
\0\0\x85\0\0\0\x01\0\0\0\x55\0\x45\x01\0\0\0\0\xb7\x01\0\0\0\0\0\0\x73\x1a\xe0\
\xff\0\0\0\0\x18\x01\0\0\x66\x6f\x75\x6e\0\0\0\0\x64\x21\x21\x0a\x7b\x1a\xd8\
\xff\0\0\0\0\x18\x01\0\0\x6d\x61\x63\x20\0\0\0\0\x6e\x6f\x74\x20\x7b\x1a\xd0\
\xff\0\0\0\0\xbf\xa1\0\0\0\0\0\0\x07\x01\0\0\xd0\xff\xff\xff\xb7\x02\0\0\x11\0\
\0\0\x85\0\0\0\x06\0\0\0\x05\0\x95\xff\0\0\0\0\xb7\x01\0\0\0\0\0\0\x73\x1a\xe4\
\xff\0\0\0\0\xb7\x01\0\0\x6e\x73\x65\x74\x63\x1a\xe0\xff\0\0\0\0\x18\x01\0\0\
\x61\x63\x74\x69\0\0\0\0\x6f\x6e\x20\x75\x7b\x1a\xd8\xff\0\0\0\0\x18\x01\0\0\
\x46\x6f\x72\x77\0\0\0\0\x61\x72\x64\x20\x7b\x1a\xd0\xff\0\0\0\0\xbf\xa1\0\0\0\
\0\0\0\x07\x01\0\0\xd0\xff\xff\xff\xb7\x02\0\0\x15\0\0\0\x85\0\0\0\x06\0\0\0\
\xb7\x09\0\0\x02\0\0\0\x05\0\x85\xff\0\0\0\0\xbf\x28\0\0\0\0\0\0\x7b\x3a\xc8\
\xff\0\0\0\0\xb7\x01\0\0\0\0\0\0\x73\x1a\xf8\xff\0\0\0\0\x18\x01\0\0\x45\x5f\
\x41\x43\0\0\0\0\x43\x45\x53\x53\x7b\x1a\xf0\xff\0\0\0\0\x18\x01\0\0\x41\x43\
\x45\x5f\0\0\0\0\x56\x41\x4c\x55\x7b\x1a\xe8\xff\0\0\0\0\x18\x01\0\0\x6f\x20\
\x49\x4e\0\0\0\0\x54\x45\x52\x46\x7b\x1a\xe0\xff\0\0\0\0\x18\x01\0\0\x69\x6f\
\x6e\x20\0\0\0\0\x69\x73\x20\x74\x7b\x1a\xd8\xff\0\0\0\0\x18\x01\0\0\x44\x65\
\x73\x74\0\0\0\0\x69\x6e\x61\x74\x7b\x1a\xd0\xff\0\0\0\0\xbf\xa1\0\0\0\0\0\0\
\x07\x01\0\0\xd0\xff\xff\xff\xb7\x02\0\0\x29\0\0\0\xbf\x46\0\0\0\0\0\0\x85\0\0\
\0\x06\0\0\0\xbf\x63\0\0\0\0\0\0\x15\x03\x65\0\0\x02\0\0\x55\x03\x77\0\0\x01\0\
\0\xb7\x01\0\0\x50\x56\x34\0\x63\x1a\xf0\xff\0\0\0\0\x18\x01\0\0\x50\x55\x5f\
\x55\0\0\0\0\x44\x50\x5f\x49\x7b\x1a\xe8\xff\0\0\0\0\x18\x01\0\0\x41\x54\x49\
\x4f\0\0\0\0\x4e\x5f\x47\x54\x7b\x1a\xe0\xff\0\0\0\0\x18\x01\0\0\x41\x44\x45\
\x52\0\0\0\0\x5f\x43\x52\x45\x7b\x1a\xd8\xff\0\0\0\0\x18\x01\0\0\x4f\x55\x54\
\x45\0\0\0\0\x52\x5f\x48\x45\x7b\x1a\xd0\xff\0\0\0\0\xbf\xa1\0\0\0\0\0\0\x07\
\x01\0\0\xd0\xff\xff\xff\xb7\x02\0\0\x24\0\0\0\x85\0\0\0\x06\0\0\0\xb7\x01\0\0\
\x34\0\0\0\x6b\x1a\xec\xff\0\0\0\0\xb7\x01\0\0\x5f\x69\x70\x76\x63\x1a\xe8\xff\
\0\0\0\0\x18\x01\0\0\x64\x65\x72\x5f\0\0\0\0\x67\x74\x70\x75\x7b\x1a\xe0\xff\0\
\0\0\0\x18\x01\0\0\x75\x74\x65\x72\0\0\0\0\x5f\x68\x65\x61\x7b\x1a\xd8\xff\0\0\
\0\0\x18\x01\0\0\x63\x72\x65\x61\0\0\0\0\x74\x65\x5f\x6f\x7b\x1a\xd0\xff\0\0\0\
\0\xbf\xa1\0\0\0\0\0\0\x07\x01\0\0\xd0\xff\xff\xff\xb7\x02\0\0\x1e\0\0\0\x85\0\
\0\0\x06\0\0\0\xbf\x71\0\0\0\0\0\0\x18\x02\0\0\xdc\xff\xff\xff\0\0\0\0\0\0\0\0\
\x85\0\0\0\x2c\0\0\0\x61\x74\x04\0\0\0\0\0\x61\x79\0\0\0\0\0\0\xbf\x96\0\0\0\0\
\0\0\x07\x06\0\0\x0e\0\0\0\x3d\x64\x63\0\0\0\0\0\x18\x01\0\0\x70\x6f\x69\x6e\0\
\0\0\0\x74\x65\x72\0\x7b\x1a\xd8\xff\0\0\0\0\x18\x01\0\0\x49\x6e\x76\x61\0\0\0\
\0\x6c\x69\x64\x20\x7b\x1a\xd0\xff\0\0\0\0\xbf\xa1\0\0\0\0\0\0\x07\x01\0\0\xd0\
\xff\xff\xff\xb7\x02\0\0\x10\0\0\0\x85\0\0\0\x06\0\0\0\x79\xa2\xc8\xff\0\0\0\0\
\x18\x01\0\0\0\0\0\0\0\0\0\0\0\0\0\0\xb7\x03\0\0\0\0\0\0\x85\0\0\0\x33\0\0\0\
\xbf\x09\0\0\0\0\0\0\x05\0\x2d\xff\0\0\0\0\x18\x01\0\0\x50\x5f\x49\x50\0\0\0\0\
\x56\x36\x0a\0\x7b\x1a\xe8\xff\0\0\0\0\x18\x01\0\0\x41\x54\x49\x4f\0\0\0\0\x4e\
\x5f\x55\x44\x7b\x1a\xe0\xff\0\0\0\0\x18\x01\0\0\x41\x44\x45\x52\0\0\0\0\x5f\
\x43\x52\x45\x7b\x1a\xd8\xff\0\0\0\0\x18\x01\0\0\x4f\x55\x54\x45\0\0\0\0\x52\
\x5f\x48\x45\x7b\x1a\xd0\xff\0\0\0\0\xbf\xa1\0\0\0\0\0\0\x07\x01\0\0\xd0\xff\
\xff\xff\xb7\x02\0\0\x20\0\0\0\x85\0\0\0\x06\0\0\0\x05\0\x1c\xff\0\0\0\0\xb7\
\x01\0\0\x20\x25\x64\0\x63\x1a\xf8\xff\0\0\0\0\x18\x01\0\0\x20\x6f\x70\x74\0\0\
\0\0\x69\x6f\x6e\x3a\x7b\x1a\xf0\xff\0\0\0\0\x18\x01\0\0\x20\x49\x6e\x76\0\0\0\
\0\x61\x6c\x69\x64\x7b\x1a\xe8\xff\0\0\0\0\x18\x01\0\0\x6f\x20\x43\x4f\0\0\0\0\
\x52\x45\x20\x2d\x7b\x1a\xe0\xff\0\0\0\0\x18\x01\0\0\x6e\x61\x74\x69\0\0\0\0\
\x6f\x6e\x20\x74\x7b\x1a\xd8\xff\0\0\0\0\x18\x01\0\0\x49\x6e\x20\x64\0\0\0\0\
\x65\x73\x74\x69\x7b\x1a\xd0\xff\0\0\0\0\xbf\xa1\0\0\0\0\0\0\x07\x01\0\0\xd0\
\xff\xff\xff\xb7\x02\0\0\x2c\0\0\0\x85\0\0\0\x06\0\0\0\x05\0\x06\xff\0\0\0\0\
\xb7\x01\0\0\x50\x56\x36\0\x63\x1a\xf0\xff\0\0\0\0\x18\x01\0\0\x50\x55\x5f\x55\
\0\0\0\0\x44\x50\x5f\x49\x7b\x1a\xe8\xff\0\0\0\0\x18\x01\0\0\x41\x54\x49\x4f\0\
\0\0\0\x4e\x5f\x47\x54\x7b\x1a\xe0\xff\0\0\0\0\x18\x01\0\0\x41\x44\x45\x52\0\0\
\0\0\x5f\x43\x52\x45\x7b\x1a\xd8\xff\0\0\0\0\x18\x01\0\0\x4f\x55\x54\x45\0\0\0\
\0\x52\x5f\x48\x45\x7b\x1a\xd0\xff\0\0\0\0\xbf\xa1\0\0\0\0\0\0\x07\x01\0\0\xd0\
\xff\xff\xff\xb7\x02\0\0\x24\0\0\0\x85\0\0\0\x06\0\0\0\x05\0\xf3\xfe\0\0\0\0\
\xb7\x01\0\0\x64\0\0\0\x6b\x1a\xfc\xff\0\0\0\0\xb7\x01\0\0\x6e\x3a\x20\x25\x63\
\x1a\xf8\xff\0\0\0\0\x18\x01\0\0\x69\x64\x20\x6f\0\0\0\0\x70\x74\x69\x6f\x7b\
\x1a\xf0\xff\0\0\0\0\x18\x01\0\0\x20\x2d\x20\x49\0\0\0\0\x6e\x76\x61\x6c\x7b\
\x1a\xe8\xff\0\0\0\0\x18\x01\0\0\x6f\x20\x41\x43\0\0\0\0\x43\x45\x53\x53\x7b\
\x1a\xe0\xff\0\0\0\0\x18\x01\0\0\x6e\x61\x74\x69\0\0\0\0\x6f\x6e\x20\x74\x7b\
\x1a\xd8\xff\0\0\0\0\x18\x01\0\0\x49\x6e\x20\x64\0\0\0\0\x65\x73\x74\x69\x7b\
\x1a\xd0\xff\0\0\0\0\xbf\xa1\0\0\0\0\0\0\x07\x01\0\0\xd0\xff\xff\xff\xb7\x02\0\
\0\x2e\0\0\0\x85\0\0\0\x06\0\0\0\x05\0\xdb\xfe\0\0\0\0\xbf\x91\0\0\0\0\0\0\x07\
\x01\0\0\x32\0\0\0\x79\xa2\xc8\xff\0\0\0\0\x2d\x41\xa4\xff\0\0\0\0\x71\x91\x31\
\0\0\0\0\0\x73\x19\x0d\0\0\0\0\0\x71\x91\x30\0\0\0\0\0\x73\x19\x0c\0\0\0\0\0\
\x71\x91\x2f\0\0\0\0\0\x73\x19\x0b\0\0\0\0\0\x71\x91\x2e\0\0\0\0\0\x73\x19\x0a\
\0\0\0\0\0\x71\x91\x2d\0\0\0\0\0\x73\x19\x09\0\0\0\0\0\x71\x91\x2c\0\0\0\0\0\
\x73\x19\x08\0\0\0\0\0\x71\x91\x2b\0\0\0\0\0\x73\x19\x07\0\0\0\0\0\x71\x91\x2a\
\0\0\0\0\0\x73\x19\x06\0\0\0\0\0\x71\x91\x29\0\0\0\0\0\x73\x19\x05\0\0\0\0\0\
\x71\x91\x28\0\0\0\0\0\x73\x19\x04\0\0\0\0\0\x71\x91\x27\0\0\0\0\0\x73\x19\x03\
\0\0\0\0\0\x71\x91\x26\0\0\0\0\0\x73\x19\x02\0\0\0\0\0\x71\x91\x25\0\0\0\0\0\
\x73\x19\x01\0\0\0\0\0\x71\x91\x24\0\0\0\0\0\x73\x19\0\0\0\0\0\0\xbf\x91\0\0\0\
\0\0\0\x07\x01\0\0\x22\0\0\0\x2d\x41\x85\xff\0\0\0\0\xbf\x91\0\0\0\0\0\0\x07\
\x01\0\0\x46\0\0\0\x2d\x41\x82\xff\0\0\0\0\xb7\x01\0\0\x45\0\0\0\x6b\x19\x0e\0\
\0\0\0\0\xb7\x01\0\0\x0a\x01\x03\x1e\x63\x19\x1a\0\0\0\0\0\xb7\x01\0\0\x40\x11\
\0\0\x63\x19\x16\0\0\0\0\0\xb7\x01\0\0\0\0\x40\0\x63\x19\x12\0\0\0\0\0\x69\x91\
\x34\0\0\0\0\0\xdc\x01\0\0\x10\0\0\0\xbf\x13\0\0\0\0\0\0\x07\x03\0\0\x24\0\0\0\
\xdc\x03\0\0\x10\0\0\0\x6b\x39\x10\0\0\0\0\0\x61\x83\x2c\0\0\0\0\0\x63\x39\x1e\
\0\0\0\0\0\xbf\x93\0\0\0\0\0\0\x07\x03\0\0\x2a\0\0\0\x2d\x43\x6f\xff\0\0\0\0\
\x7b\x4a\xb8\xff\0\0\0\0\xbf\x92\0\0\0\0\0\0\x07\x02\0\0\x1e\0\0\0\x7b\x2a\xc0\
\xff\0\0\0\0\xb7\x02\0\0\x08\x68\0\0\x6b\x29\x22\0\0\0\0\0\xbf\x82\0\0\0\0\0\0\
\x7b\x2a\xb0\xff\0\0\0\0\x69\x22\x40\0\0\0\0\0\xb7\x03\0\0\0\0\0\0\x6b\x39\x28\
\0\0\0\0\0\x07\x01\0\0\x10\0\0\0\xdc\x01\0\0\x10\0\0\0\x6b\x19\x26\0\0\0\0\0\
\xdc\x02\0\0\x10\0\0\0\x6b\x29\x24\0\0\0\0\0\xb7\x01\0\0\x0a\0\0\0\x6b\x1a\xe8\
\xff\0\0\0\0\x18\x01\0\0\x25\x78\x3a\x25\0\0\0\0\x78\x3a\x25\x78\x7b\x1a\xe0\
\xff\0\0\0\0\x18\x01\0\0\x69\x6f\x6e\x20\0\0\0\0\x4d\x41\x43\x3a\x7b\x1a\xd8\
\xff\0\0\0\0\x18\x01\0\0\x44\x65\x73\x74\0\0\0\0\x69\x6e\x61\x74\x7b\x1a\xd0\
\xff\0\0\0\0\x71\x95\x02\0\0\0\0\0\x71\x94\x01\0\0\0\0\0\x71\x93\0\0\0\0\0\0\
\xbf\xa1\0\0\0\0\0\0\x07\x01\0\0\xd0\xff\xff\xff\xb7\x02\0\0\x1a\0\0\0\x85\0\0\
\0\x06\0\0\0\xb7\x01\0\0\x0a\0\0\0\x6b\x1a\xe8\xff\0\0\0\0\x18\x01\0\0\x25\x78\
\x3a\x25\0\0\0\0\x78\x3a\x25\x78\x7b\x1a\xe0\xff\0\0\0\0\x18\x01\0\0\x69\x6f\
\x6e\x20\0\0\0\0\x4d\x41\x43\x3a\x7b\x1a\xd8\xff\0\0\0\0\x18\x01\0\0\x44\x65\
\x73\x74\0\0\0\0\x69\x6e\x61\x74\x7b\x1a\xd0\xff\0\0\0\0\x71\x95\x05\0\0\0\0\0\
\x71\x94\x04\0\0\0\0\0\x71\x93\x03\0\0\0\0\0\xbf\xa1\0\0\0\0\0\0\x07\x01\0\0\
\xd0\xff\xff\xff\xb7\x02\0\0\x1a\0\0\0\x85\0\0\0\x06\0\0\0\x18\x01\0\0\0\0\0\0\
\0\0\0\0\0\0\0\0\x79\xa2\xc0\xff\0\0\0\0\x85\0\0\0\x01\0\0\0\x55\0\x1f\0\0\0\0\
\0\xb7\x01\0\0\0\0\0\0\x73\x1a\xe0\xff\0\0\0\0\x18\x01\0\0\x66\x6f\x75\x6e\0\0\
\0\0\x64\x21\x21\x0a\x7b\x1a\xd8\xff\0\0\0\0\x18\x01\0\0\x6d\x61\x63\x20\0\0\0\
\0\x6e\x6f\x74\x20\x7b\x1a\xd0\xff\0\0\0\0\xbf\xa1\0\0\0\0\0\0\x07\x01\0\0\xd0\
\xff\xff\xff\xb7\x02\0\0\x11\0\0\0\x05\0\x28\xff\0\0\0\0\x71\x01\x05\0\0\0\0\0\
\x73\x18\x05\0\0\0\0\0\x71\x01\x04\0\0\0\0\0\x73\x18\x04\0\0\0\0\0\x71\x01\x03\
\0\0\0\0\0\x73\x18\x03\0\0\0\0\0\x71\x01\x02\0\0\0\0\0\x73\x18\x02\0\0\0\0\0\
\x71\x01\x01\0\0\0\0\0\x73\x18\x01\0\0\0\0\0\x71\x01\0\0\0\0\0\0\x73\x18\0\0\0\
\0\0\0\xbf\x71\0\0\0\0\0\0\xb7\x02\0\0\x24\0\0\0\x85\0\0\0\x2c\0\0\0\x18\x01\0\
\0\0\0\0\0\0\0\0\0\0\0\0\0\x79\xa2\xc8\xff\0\0\0\0\x05\0\x19\xff\0\0\0\0\x71\
\x01\x05\0\0\0\0\0\x73\x19\x05\0\0\0\0\0\x71\x01\x04\0\0\0\0\0\x73\x19\x04\0\0\
\0\0\0\x71\x01\x03\0\0\0\0\0\x73\x19\x03\0\0\0\0\0\x71\x01\x02\0\0\0\0\0\x73\
\x19\x02\0\0\0\0\0\x71\x01\x01\0\0\0\0\0\x73\x19\x01\0\0\0\0\0\x71\x01\0\0\0\0\
\0\0\x73\x19\0\0\0\0\0\0\xb7\x01\0\0\x0a\0\0\0\x6b\x1a\xe8\xff\0\0\0\0\x18\x01\
\0\0\x25\x78\x3a\x25\0\0\0\0\x78\x3a\x25\x78\x7b\x1a\xe0\xff\0\0\0\0\x18\x01\0\
\0\x69\x6f\x6e\x20\0\0\0\0\x4d\x41\x43\x3a\x7b\x1a\xd8\xff\0\0\0\0\x18\x01\0\0\
\x44\x65\x73\x74\0\0\0\0\x69\x6e\x61\x74\x7b\x1a\xd0\xff\0\0\0\0\x71\x95\x02\0\
\0\0\0\0\x71\x94\x01\0\0\0\0\0\x71\x93\0\0\0\0\0\0\xbf\xa1\0\0\0\0\0\0\x07\x01\
\0\0\xd0\xff\xff\xff\xb7\x02\0\0\x1a\0\0\0\x85\0\0\0\x06\0\0\0\xb7\x01\0\0\x0a\
\0\0\0\x6b\x1a\xe8\xff\0\0\0\0\x18\x01\0\0\x25\x78\x3a\x25\0\0\0\0\x78\x3a\x25\
\x78\x7b\x1a\xe0\xff\0\0\0\0\x18\x01\0\0\x69\x6f\x6e\x20\0\0\0\0\x4d\x41\x43\
\x3a\x7b\x1a\xd8\xff\0\0\0\0\x18\x01\0\0\x44\x65\x73\x74\0\0\0\0\x69\x6e\x61\
\x74\x7b\x1a\xd0\xff\0\0\0\0\x71\x95\x05\0\0\0\0\0\x71\x94\x04\0\0\0\0\0\x71\
\x93\x03\0\0\0\0\0\xbf\xa1\0\0\0\0\0\0\x07\x01\0\0\xd0\xff\xff\xff\xb7\x02\0\0\
\x1a\0\0\0\x85\0\0\0\x06\0\0\0\xb7\x01\0\0\0\0\0\0\x73\x1a\xea\xff\0\0\0\0\xb7\
\x01\0\0\x64\x0a\0\0\x6b\x1a\xe8\xff\0\0\0\0\x18\x01\0\0\x64\x20\x50\x6f\0\0\0\
\0\x72\x74\x3a\x25\x7b\x1a\xe0\xff\0\0\0\0\x18\x01\0\0\x69\x6f\x6e\x20\0\0\0\0\
\x49\x50\x3a\x25\x7b\x1a\xd8\xff\0\0\0\0\x18\x01\0\0\x44\x65\x73\x74\0\0\0\0\
\x69\x6e\x61\x74\x7b\x1a\xd0\xff\0\0\0\0\x79\xa1\xb0\xff\0\0\0\0\x69\x14\x40\0\
\0\0\0\0\x61\x93\x1e\0\0\0\0\0\xbf\xa1\0\0\0\0\0\0\x07\x01\0\0\xd0\xff\xff\xff\
\xb7\x02\0\0\x1b\0\0\0\x85\0\0\0\x06\0\0\0\xbf\x91\0\0\0\0\0\0\x07\x01\0\0\x32\
\0\0\0\x79\xa2\xc8\xff\0\0\0\0\x79\xa3\xb8\xff\0\0\0\0\x2d\x31\xce\xfe\0\0\0\0\
\xb7\x01\0\0\xff\0\0\0\x73\x19\x2b\0\0\0\0\0\xb7\x01\0\0\x30\0\0\0\x73\x19\x2a\
\0\0\0\0\0\x69\x91\x34\0\0\0\0\0\x73\x19\x2c\0\0\0\0\0\x77\x01\0\0\x08\0\0\0\
\x73\x19\x2d\0\0\0\0\0\x61\x81\x28\0\0\0\0\0\xbf\x12\0\0\0\0\0\0\x77\x02\0\0\
\x10\0\0\0\x73\x29\x30\0\0\0\0\0\xbf\x12\0\0\0\0\0\0\x77\x02\0\0\x18\0\0\0\x73\
\x29\x31\0\0\0\0\0\x73\x19\x2e\0\0\0\0\0\x77\x01\0\0\x08\0\0\0\x73\x19\x2f\0\0\
\0\0\0\xb7\x01\0\0\0\0\0\0\xb7\x02\0\0\0\0\0\0\xbf\x63\0\0\0\0\0\0\xb7\x04\0\0\
\x14\0\0\0\xb7\x05\0\0\0\0\0\0\x85\0\0\0\x1c\0\0\0\x61\x72\x04\0\0\0\0\0\x61\
\x71\0\0\0\0\0\0\xbf\x13\0\0\0\0\0\0\x07\x03\0\0\x1a\0\0\0\x2d\x23\x1a\0\0\0\0\
\0\x67\0\0\0\x20\0\0\0\x77\0\0\0\x20\0\0\0\x69\x12\x18\0\0\0\0\0\xa7\x02\0\0\
\xff\xff\xff\xff\x67\x02\0\0\x20\0\0\0\x77\x02\0\0\x20\0\0\0\x0f\x02\0\0\0\0\0\
\0\xbf\x24\0\0\0\0\0\0\x67\x04\0\0\x20\0\0\0\x77\x04\0\0\x20\0\0\0\xb7\x03\0\0\
\x01\0\0\0\x5d\x24\x01\0\0\0\0\0\xb7\x03\0\0\0\0\0\0\x0f\x32\0\0\0\0\0\0\x18\
\x03\0\0\0\0\xff\xff\0\0\0\0\0\0\0\0\xbf\x24\0\0\0\0\0\0\x5f\x34\0\0\0\0\0\0\
\x57\x02\0\0\xff\xff\0\0\x77\x04\0\0\x10\0\0\0\x0f\x42\0\0\0\0\0\0\xbf\x23\0\0\
\0\0\0\0\x77\x03\0\0\x10\0\0\0\x0f\x23\0\0\0\0\0\0\xa7\x03\0\0\xff\xff\xff\xff\
\x6b\x31\x18\0\0\0\0\0\xb7\x01\0\0\0\0\0\0\x73\x1a\xe8\xff\0\0\0\0\x18\x01\0\0\
\x20\x70\x75\x73\0\0\0\0\x68\x65\x64\x21\x7b\x1a\xe0\xff\0\0\0\0\x18\x01\0\0\
\x64\x65\x72\x20\0\0\0\0\x77\x65\x72\x65\x7b\x1a\xd8\xff\0\0\0\0\x18\x01\0\0\
\x47\x54\x50\x55\0\0\0\0\x20\x68\x65\x61\x7b\x1a\xd0\xff\0\0\0\0\xbf\xa1\0\0\0\
\0\0\0\x07\x01\0\0\xd0\xff\xff\xff\xb7\x02\0\0\x19\0\0\0\x05\0\x86\xfe\0\0\0\0\
\xb7\x01\0\0\x65\x74\x73\0\x63\x1a\xf8\xff\0\0\0\0\x18\x01\0\0\x69\x6e\x67\x20\
\0\0\0\0\x70\x61\x63\x6b\x7b\x1a\xf0\xff\0\0\0\0\x18\x01\0\0\x52\x65\x64\x69\0\
\0\0\0\x72\x65\x63\x74\x7b\x1a\xe8\xff\0\0\0\0\xbf\xa1\0\0\0\0\0\0\x07\x01\0\0\
\xe8\xff\xff\xff\xb7\x02\0\0\x14\0\0\0\x85\0\0\0\x06\0\0\0\xb7\0\0\0\x02\0\0\0\
\x95\0\0\0\0\0\0\0\xbf\x16\0\0\0\0\0\0\xb7\x01\0\0\x0a\0\0\0\x6b\x1a\xe4\xff\0\
\0\0\0\xb7\x01\0\0\x4c\x49\x4e\x4b\x63\x1a\xe0\xff\0\0\0\0\x18\x01\0\0\x45\x58\
\x54\x20\0\0\0\0\x2d\x20\x55\x50\x7b\x1a\xd8\xff\0\0\0\0\x18\x01\0\0\x49\x4f\
\x4e\x20\0\0\0\0\x43\x4f\x4e\x54\x7b\x1a\xd0\xff\0\0\0\0\x18\x01\0\0\x58\x44\
\x50\x20\0\0\0\0\x53\x45\x53\x53\x7b\x1a\xc8\xff\0\0\0\0\xbf\xa1\0\0\0\0\0\0\
\x07\x01\0\0\xc8\xff\xff\xff\xb7\x02\0\0\x1e\0\0\0\x85\0\0\0\x06\0\0\0\x61\x61\
\x04\0\0\0\0\0\x61\x69\0\0\0\0\0\0\xbf\x92\0\0\0\0\0\0\x07\x02\0\0\x32\0\0\0\
\x3d\x21\x0d\0\0\0\0\0\xb7\x01\0\0\x65\x74\x21\0\x63\x1a\xd8\xff\0\0\0\0\x18\
\x01\0\0\x47\x54\x50\x20\0\0\0\0\x70\x61\x63\x6b\x7b\x1a\xd0\xff\0\0\0\0\x18\
\x01\0\0\x49\x6e\x76\x61\0\0\0\0\x6c\x69\x64\x20\x7b\x1a\xc8\xff\0\0\0\0\xbf\
\xa1\0\0\0\0\0\0\x07\x01\0\0\xc8\xff\xff\xff\xb7\x02\0\0\x14\0\0\0\x85\0\0\0\
\x06\0\0\0\x05\0\x96\0\0\0\0\0\x71\x91\x2f\0\0\0\0\0\x67\x01\0\0\x08\0\0\0\x71\
\x92\x2e\0\0\0\0\0\x4f\x21\0\0\0\0\0\0\x71\x92\x30\0\0\0\0\0\x71\x93\x31\0\0\0\
\0\0\x67\x03\0\0\x08\0\0\0\x4f\x23\0\0\0\0\0\0\x67\x03\0\0\x10\0\0\0\x4f\x13\0\
\0\0\0\0\0\xdc\x03\0\0\x20\0\0\0\x63\x3a\xfc\xff\0\0\0\0\xb7\x08\0\0\0\0\0\0\
\x73\x8a\xf4\xff\0\0\0\0\xb7\x01\0\0\x76\x65\x64\x0a\x63\x1a\xf0\xff\0\0\0\0\
\x18\x01\0\0\x61\x64\x20\x72\0\0\0\0\x65\x63\x65\x69\x7b\x1a\xe8\xff\0\0\0\0\
\x18\x01\0\0\x76\x34\x20\x70\0\0\0\0\x61\x79\x6c\x6f\x7b\x1a\xe0\xff\0\0\0\0\
\x18\x01\0\0\x20\x77\x69\x74\0\0\0\0\x68\x20\x49\x50\x7b\x1a\xd8\xff\0\0\0\0\
\x18\x01\0\0\x20\x74\x65\x69\0\0\0\0\x64\x20\x25\x64\x7b\x1a\xd0\xff\0\0\0\0\
\x18\x01\0\0\x47\x54\x50\x20\0\0\0\0\x47\x50\x44\x55\x7b\x1a\xc8\xff\0\0\0\0\
\xbf\xa1\0\0\0\0\0\0\x07\x01\0\0\xc8\xff\xff\xff\xb7\x02\0\0\x2d\0\0\0\x85\0\0\
\0\x06\0\0\0\xbf\xa2\0\0\0\0\0\0\x07\x02\0\0\xfc\xff\xff\xff\x18\x01\0\0\0\0\0\
\0\0\0\0\0\0\0\0\0\x85\0\0\0\x01\0\0\0\xbf\x07\0\0\0\0\0\0\x55\x07\x14\0\0\0\0\
\0\x73\x8a\xe6\xff\0\0\0\0\xb7\x01\0\0\x70\x2e\0\0\x6b\x1a\xe4\xff\0\0\0\0\xb7\
\x01\0\0\x73\x20\x6d\x61\x63\x1a\xe0\xff\0\0\0\0\x18\x01\0\0\x65\x69\x64\x2d\0\
\0\0\0\x3e\x70\x64\x72\x7b\x1a\xd8\xff\0\0\0\0\x18\x01\0\0\x75\x6e\x73\x79\0\0\
\0\0\x6e\x63\x20\x74\x7b\x1a\xd0\xff\0\0\0\0\x18\x01\0\0\x45\x72\x72\x6f\0\0\0\
\0\x72\x20\x2d\x20\x7b\x1a\xc8\xff\0\0\0\0\xbf\xa1\0\0\0\0\0\0\x07\x01\0\0\xc8\
\xff\xff\xff\xb7\x02\0\0\x1f\0\0\0\x85\0\0\0\x06\0\0\0\xb7\x01\0\0\x01\0\0\0\
\x05\0\x59\0\0\0\0\0\x61\xa3\xfc\xff\0\0\0\0\x71\x71\x2c\x01\0\0\0\0\x55\x01\
\x08\0\0\0\0\0\x71\x71\x14\0\0\0\0\0\x55\x01\x06\0\0\0\0\0\x61\x71\x20\0\0\0\0\
\0\xbf\x32\0\0\0\0\0\0\x5d\x21\x03\0\0\0\0\0\x61\x91\x3e\0\0\0\0\0\x61\x72\xac\
\0\0\0\0\0\x1d\x12\x73\0\0\0\0\0\xb7\x01\0\0\x68\x3a\0\0\x6b\x1a\xd0\xff\0\0\0\
\0\x18\x01\0\0\x4e\x6f\x74\x20\0\0\0\0\x6d\x61\x74\x63\x7b\x1a\xc8\xff\0\0\0\0\
\xb7\x08\0\0\0\0\0\0\x73\x8a\xd2\xff\0\0\0\0\xbf\xa1\0\0\0\0\0\0\x07\x01\0\0\
\xc8\xff\xff\xff\xb7\x02\0\0\x0b\0\0\0\x7b\x3a\xc0\xff\0\0\0\0\x85\0\0\0\x06\0\
\0\0\x73\x8a\xd0\xff\0\0\0\0\xb7\x09\0\0\0\0\0\0\x18\x08\0\0\x4f\x48\x52\x44\0\
\0\0\0\x3a\x20\x25\x64\x7b\x8a\xc8\xff\0\0\0\0\xbf\xa1\0\0\0\0\0\0\x07\x01\0\0\
\xc8\xff\xff\xff\xb7\x02\0\0\x09\0\0\0\xb7\x03\0\0\0\0\0\0\x85\0\0\0\x06\0\0\0\
\x7b\x8a\xc8\xff\0\0\0\0\x73\x9a\xd0\xff\0\0\0\0\x71\x73\x2c\x01\0\0\0\0\xbf\
\xa1\0\0\0\0\0\0\x07\x01\0\0\xc8\xff\xff\xff\xb7\x02\0\0\x09\0\0\0\x85\0\0\0\
\x06\0\0\0\xb7\x01\0\0\x64\0\0\0\x6b\x1a\xd4\xff\0\0\0\0\xb7\x09\0\0\x65\x3a\
\x20\x25\x63\x9a\xd0\xff\0\0\0\0\x18\x08\0\0\x49\x6e\x74\x65\0\0\0\0\x72\x66\
\x61\x63\x7b\x8a\xc8\xff\0\0\0\0\xbf\xa1\0\0\0\0\0\0\x07\x01\0\0\xc8\xff\xff\
\xff\xb7\x02\0\0\x0e\0\0\0\xb7\x03\0\0\0\0\0\0\x85\0\0\0\x06\0\0\0\xb7\x01\0\0\
\x64\0\0\0\x6b\x1a\xd4\xff\0\0\0\0\x63\x9a\xd0\xff\0\0\0\0\x7b\x8a\xc8\xff\0\0\
\0\0\x71\x73\x14\0\0\0\0\0\xbf\xa1\0\0\0\0\0\0\x07\x01\0\0\xc8\xff\xff\xff\xb7\
\x02\0\0\x0e\0\0\0\x85\0\0\0\x06\0\0\0\xb7\x09\0\0\0\0\0\0\x73\x9a\xd0\xff\0\0\
\0\0\x18\x08\0\0\x54\x45\x49\x44\0\0\0\0\x3a\x20\x25\x64\x7b\x8a\xc8\xff\0\0\0\
\0\xbf\xa1\0\0\0\0\0\0\x07\x01\0\0\xc8\xff\xff\xff\xb7\x02\0\0\x09\0\0\0\x79\
\xa3\xc0\xff\0\0\0\0\x85\0\0\0\x06\0\0\0\x7b\x8a\xc8\xff\0\0\0\0\x73\x9a\xd0\
\xff\0\0\0\0\xb7\x08\0\0\0\0\0\0\x61\x73\x20\0\0\0\0\0\xbf\xa1\0\0\0\0\0\0\x07\
\x01\0\0\xc8\xff\xff\xff\xb7\x02\0\0\x09\0\0\0\x85\0\0\0\x06\0\0\0\x73\x8a\xd0\
\xff\0\0\0\0\x18\x01\0\0\x49\x50\x76\x34\0\0\0\0\x3a\x20\x25\x64\x7b\x1a\xc8\
\xff\0\0\0\0\x61\x73\xac\0\0\0\0\0\xbf\xa1\0\0\0\0\0\0\x07\x01\0\0\xc8\xff\xff\
\xff\xb7\x02\0\0\x09\0\0\0\x85\0\0\0\x06\0\0\0\xb7\x01\0\0\x02\0\0\0\x63\x1a\
\xfc\xff\0\0\0\0\xbf\xa2\0\0\0\0\0\0\x07\x02\0\0\xfc\xff\xff\xff\x18\x01\0\0\0\
\0\0\0\0\0\0\0\0\0\0\0\x85\0\0\0\x01\0\0\0\x55\0\x01\0\0\0\0\0\x05\0\x0d\0\0\0\
\0\0\x79\x01\0\0\0\0\0\0\x07\x01\0\0\x01\0\0\0\x7b\x10\0\0\0\0\0\0\x61\x61\0\0\
\0\0\0\0\x61\x62\x04\0\0\0\0\0\x1f\x12\0\0\0\0\0\0\x67\x02\0\0\x20\0\0\0\x77\
\x02\0\0\x20\0\0\0\x79\x01\x08\0\0\0\0\0\x0f\x21\0\0\0\0\0\0\x7b\x10\x08\0\0\0\
\0\0\x61\xa8\xfc\xff\0\0\0\0\x05\0\x0e\0\0\0\0\0\x18\x01\0\0\x61\x74\x61\x72\0\
\0\0\0\x65\x63\x0a\0\x7b\x1a\xd8\xff\0\0\0\0\x18\x01\0\0\x6e\x76\x61\x6c\0\0\0\
\0\x69\x64\x20\x64\x7b\x1a\xd0\xff\0\0\0\0\x18\x01\0\0\x45\x72\x72\x6f\0\0\0\0\
\x72\x3a\x20\x49\x7b\x1a\xc8\xff\0\0\0\0\xbf\xa1\0\0\0\0\0\0\x07\x01\0\0\xc8\
\xff\xff\xff\xb7\x02\0\0\x18\0\0\0\x85\0\0\0\x06\0\0\0\xb7\x08\0\0\0\0\0\0\xbf\
\x80\0\0\0\0\0\0\x95\0\0\0\0\0\0\0\xb7\x01\0\0\x21\0\0\0\x6b\x1a\xe4\xff\0\0\0\
\0\xb7\x01\0\0\x68\x65\x64\x21\x63\x1a\xe0\xff\0\0\0\0\x18\x01\0\0\x65\x72\x65\
\x20\0\0\0\0\x6d\x61\x74\x63\x7b\x1a\xd8\xff\0\0\0\0\x18\x01\0\0\x69\x62\x75\
\x74\0\0\0\0\x65\x73\x20\x77\x7b\x1a\xd0\xff\0\0\0\0\x18\x01\0\0\x41\x6c\x6c\
\x20\0\0\0\0\x61\x74\x72\x72\x7b\x1a\xc8\xff\0\0\0\0\xbf\xa1\0\0\0\0\0\0\x07\
\x01\0\0\xc8\xff\xff\xff\xb7\x02\0\0\x1e\0\0\0\x85\0\0\0\x06\0\0\0\xb7\x08\0\0\
\0\0\0\0\x73\x8a\xf8\xff\0\0\0\0\x18\x01\0\0\x64\x20\x69\x73\0\0\0\0\x20\x25\
\x64\x0a\x7b\x1a\xf0\xff\0\0\0\0\x18\x01\0\0\x64\x21\x20\x50\0\0\0\0\x44\x52\
\x20\x69\x7b\x1a\xe8\xff\0\0\0\0\x18\x01\0\0\x20\x25\x64\x20\0\0\0\0\x66\x6f\
\x75\x6e\x7b\x1a\xe0\xff\0\0\0\0\x18\x01\0\0\x69\x74\x68\x20\0\0\0\0\x74\x65\
\x69\x64\x7b\x1a\xd8\xff\0\0\0\0\x18\x01\0\0\x63\x69\x61\x74\0\0\0\0\x65\x64\
\x20\x77\x7b\x1a\xd0\xff\0\0\0\0\x18\x01\0\0\x50\x44\x52\x20\0\0\0\0\x61\x73\
\x73\x6f\x7b\x1a\xc8\xff\0\0\0\0\x69\x74\x04\0\0\0\0\0\x61\xa3\xfc\xff\0\0\0\0\
\xbf\xa1\0\0\0\0\0\0\x07\x01\0\0\xc8\xff\xff\xff\xb7\x02\0\0\x31\0\0\0\x85\0\0\
\0\x06\0\0\0\x07\x07\0\0\x34\x01\0\0\x18\x01\0\0\0\0\0\0\0\0\0\0\0\0\0\0\xbf\
\x72\0\0\0\0\0\0\x85\0\0\0\x01\0\0\0\xbf\x61\0\0\0\0\0\0\xbf\x02\0\0\0\0\0\0\
\xb7\x03\0\0\x01\0\0\0\x85\x10\0\0\xff\xff\xff\xff\xbf\xa2\0\0\0\0\0\0\x07\x02\
\0\0\xfc\xff\xff\xff\x63\x0a\xfc\xff\0\0\0\0\x67\0\0\0\x20\0\0\0\x77\0\0\0\x20\
\0\0\0\xb7\x01\0\0\x05\0\0\0\x2d\x01\xa3\xff\0\0\0\0\xb7\x01\0\0\x6e\x0a\0\0\
\x6b\x1a\xdc\xff\0\0\0\0\xb7\x01\0\0\x63\x74\x69\x6f\x63\x1a\xd8\xff\0\0\0\0\
\x18\x01\0\0\x6e\x76\x61\x6c\0\0\0\0\x69\x64\x20\x61\x7b\x1a\xd0\xff\0\0\0\0\
\x18\x01\0\0\x45\x72\x72\x6f\0\0\0\0\x72\x3a\x20\x49\x7b\x1a\xc8\xff\0\0\0\0\
\x73\x8a\xde\xff\0\0\0\0\xbf\xa1\0\0\0\0\0\0\x07\x01\0\0\xc8\xff\xff\xff\xb7\
\x02\0\0\x17\0\0\0\x85\0\0\0\x06\0\0\0\xbf\xa1\0\0\0\0\0\0\x07\x01\0\0\xfc\xff\
\xff\xff\x05\0\xb1\xff\0\0\0\0\xbf\x16\0\0\0\0\0\0\x18\x01\0\0\x57\x4e\x4c\x49\
\0\0\0\0\x4e\x4b\x0a\0\x7b\x1a\xd8\xff\0\0\0\0\x18\x01\0\0\x45\x58\x54\x20\0\0\
\0\0\x2d\x20\x44\x4f\x7b\x1a\xd0\xff\0\0\0\0\x18\x01\0\0\x49\x4f\x4e\x20\0\0\0\
\0\x43\x4f\x4e\x54\x7b\x1a\xc8\xff\0\0\0\0\x18\x01\0\0\x58\x44\x50\x20\0\0\0\0\
\x53\x45\x53\x53\x7b\x1a\xc0\xff\0\0\0\0\xbf\xa1\0\0\0\0\0\0\x07\x01\0\0\xc0\
\xff\xff\xff\xb7\x02\0\0\x20\0\0\0\x85\0\0\0\x06\0\0\0\x61\x61\x04\0\0\0\0\0\
\x61\x69\0\0\0\0\0\0\xbf\x92\0\0\0\0\0\0\x07\x02\0\0\x2a\0\0\0\x3d\x21\x0e\0\0\
\0\0\0\xb7\x01\0\0\x65\x74\x21\0\x63\x1a\xd0\xff\0\0\0\0\x18\x01\0\0\x47\x54\
\x50\x20\0\0\0\0\x70\x61\x63\x6b\x7b\x1a\xc8\xff\0\0\0\0\x18\x01\0\0\x49\x6e\
\x76\x61\0\0\0\0\x6c\x69\x64\x20\x7b\x1a\xc0\xff\0\0\0\0\xbf\xa1\0\0\0\0\0\0\
\x07\x01\0\0\xc0\xff\xff\xff\xb7\x02\0\0\x14\0\0\0\x85\0\0\0\x06\0\0\0\xb7\x07\
\0\0\x02\0\0\0\x05\0\xe8\0\0\0\0\0\x61\x93\x1e\0\0\0\0\0\x63\x3a\xfc\xff\0\0\0\
\0\xb7\x08\0\0\0\0\0\0\x73\x8a\xea\xff\0\0\0\0\xb7\x01\0\0\x65\x64\0\0\x6b\x1a\
\xe8\xff\0\0\0\0\x18\x01\0\0\x64\x20\x72\x65\0\0\0\0\x63\x65\x69\x76\x7b\x1a\
\xe0\xff\0\0\0\0\x18\x01\0\0\x34\x20\x70\x61\0\0\0\0\x79\x6c\x6f\x61\x7b\x1a\
\xd8\xff\0\0\0\0\x18\x01\0\0\x64\x20\x69\x6e\0\0\0\0\x20\x49\x50\x76\x7b\x1a\
\xd0\xff\0\0\0\0\x18\x01\0\0\x69\x6f\x6e\x20\0\0\0\0\x49\x50\x20\x25\x7b\x1a\
\xc8\xff\0\0\0\0\x18\x01\0\0\x44\x65\x73\x74\0\0\0\0\x69\x6e\x61\x74\x7b\x1a\
\xc0\xff\0\0\0\0\xbf\xa1\0\0\0\0\0\0\x07\x01\0\0\xc0\xff\xff\xff\xb7\x02\0\0\
\x2b\0\0\0\x85\0\0\0\x06\0\0\0\xbf\xa2\0\0\0\0\0\0\x07\x02\0\0\xfc\xff\xff\xff\
\x18\x01\0\0\0\0\0\0\0\0\0\0\0\0\0\0\x85\0\0\0\x01\0\0\0\xbf\x07\0\0\0\0\0\0\
\x55\x07\x14\0\0\0\0\0\x73\x8a\xde\xff\0\0\0\0\xb7\x01\0\0\x70\x2e\0\0\x6b\x1a\
\xdc\xff\0\0\0\0\xb7\x01\0\0\x73\x20\x6d\x61\x63\x1a\xd8\xff\0\0\0\0\x18\x01\0\
\0\x65\x69\x64\x2d\0\0\0\0\x3e\x70\x64\x72\x7b\x1a\xd0\xff\0\0\0\0\x18\x01\0\0\
\x75\x6e\x73\x79\0\0\0\0\x6e\x63\x20\x74\x7b\x1a\xc8\xff\0\0\0\0\x18\x01\0\0\
\x45\x72\x72\x6f\0\0\0\0\x72\x20\x2d\x20\x7b\x1a\xc0\xff\0\0\0\0\xbf\xa1\0\0\0\
\0\0\0\x07\x01\0\0\xc0\xff\xff\xff\xb7\x02\0\0\x1f\0\0\0\x85\0\0\0\x06\0\0\0\
\xb7\x07\0\0\x01\0\0\0\x05\0\xb4\0\0\0\0\0\xbf\x78\0\0\0\0\0\0\x55\x09\x4f\0\
\xf2\xff\xff\xff\xb7\x01\0\0\x4c\x21\x21\0\x63\x1a\xd0\xff\0\0\0\0\x18\x01\0\0\
\x72\x20\x69\x73\0\0\0\0\x20\x4e\x55\x4c\x7b\x1a\xc8\xff\0\0\0\0\x18\x01\0\0\
\x49\x50\x20\x68\0\0\0\0\x65\x61\x64\x65\x7b\x1a\xc0\xff\0\0\0\0\xbf\xa1\0\0\0\
\0\0\0\x07\x01\0\0\xc0\xff\xff\xff\xb7\x02\0\0\x14\0\0\0\x85\0\0\0\x06\0\0\0\
\x07\x07\0\0\x34\x01\0\0\x18\x01\0\0\0\0\0\0\0\0\0\0\0\0\0\0\xbf\x72\0\0\0\0\0\
\0\x85\0\0\0\x01\0\0\0\x7b\x0a\xb8\xff\0\0\0\0\xb7\x01\0\0\x3a\x25\x64\0\x63\
\x1a\xf8\xff\0\0\0\0\x18\x01\0\0\x64\x20\x46\x41\0\0\0\0\x52\x20\x69\x64\x7b\
\x1a\xf0\xff\0\0\0\0\x18\x01\0\0\x69\x64\x3a\x25\0\0\0\0\x64\x20\x61\x6e\x7b\
\x1a\xe8\xff\0\0\0\0\x18\x01\0\0\x6e\x64\x21\x20\0\0\0\0\x50\x44\x52\x20\x7b\
\x1a\xe0\xff\0\0\0\0\x18\x01\0\0\x50\x20\x25\x64\0\0\0\0\x20\x66\x6f\x75\x7b\
\x1a\xd8\xff\0\0\0\0\x18\x01\0\0\x69\x74\x68\x20\0\0\0\0\x55\x50\x20\x49\x7b\
\x1a\xd0\xff\0\0\0\0\x18\x01\0\0\x63\x69\x61\x74\0\0\0\0\x65\x64\x20\x77\x7b\
\x1a\xc8\xff\0\0\0\0\x18\x01\0\0\x50\x44\x52\x20\0\0\0\0\x61\x73\x73\x6f\x7b\
\x1a\xc0\xff\0\0\0\0\x61\x85\x34\x01\0\0\0\0\x69\x84\x04\0\0\0\0\0\x61\x93\x1e\
\0\0\0\0\0\xdc\x03\0\0\x20\0\0\0\xbf\xa1\0\0\0\0\0\0\x07\x01\0\0\xc0\xff\xff\
\xff\xb7\x02\0\0\x3c\0\0\0\x85\0\0\0\x06\0\0\0\xb7\x07\0\0\0\0\0\0\xbf\x61\0\0\
\0\0\0\0\x79\xa2\xb8\xff\0\0\0\0\xb7\x03\0\0\0\0\0\0\x85\x10\0\0\xff\xff\xff\
\xff\xbf\xa2\0\0\0\0\0\0\x07\x02\0\0\xfc\xff\xff\xff\x63\x0a\xfc\xff\0\0\0\0\
\x67\0\0\0\x20\0\0\0\x77\0\0\0\x20\0\0\0\xb7\x01\0\0\x05\0\0\0\x2d\x01\x78\0\0\
\0\0\0\xb7\x01\0\0\x6e\x0a\0\0\x6b\x1a\xd4\xff\0\0\0\0\xb7\x01\0\0\x63\x74\x69\
\x6f\x63\x1a\xd0\xff\0\0\0\0\x18\x01\0\0\x6e\x76\x61\x6c\0\0\0\0\x69\x64\x20\
\x61\x7b\x1a\xc8\xff\0\0\0\0\x18\x01\0\0\x45\x72\x72\x6f\0\0\0\0\x72\x3a\x20\
\x49\x7b\x1a\xc0\xff\0\0\0\0\x73\x7a\xd6\xff\0\0\0\0\xbf\xa1\0\0\0\0\0\0\x07\
\x01\0\0\xc0\xff\xff\xff\xb7\x02\0\0\x17\0\0\0\x85\0\0\0\x06\0\0\0\xbf\xa1\0\0\
\0\0\0\0\x07\x01\0\0\xfc\xff\xff\xff\x05\0\x85\0\0\0\0\0\x71\x81\x2c\x01\0\0\0\
\0\x55\x01\x16\0\x02\0\0\0\x71\x81\x14\0\0\0\0\0\x55\x01\x14\0\x01\0\0\0\x61\
\x91\x1e\0\0\0\0\0\x61\x82\xac\0\0\0\0\0\x5d\x12\x11\0\0\0\0\0\xb7\x01\0\0\x21\
\0\0\0\x6b\x1a\xdc\xff\0\0\0\0\xb7\x01\0\0\x68\x65\x64\x21\x63\x1a\xd8\xff\0\0\
\0\0\x18\x01\0\0\x65\x72\x65\x20\0\0\0\0\x6d\x61\x74\x63\x7b\x1a\xd0\xff\0\0\0\
\0\x18\x01\0\0\x69\x62\x75\x74\0\0\0\0\x65\x73\x20\x77\x7b\x1a\xc8\xff\0\0\0\0\
\x18\x01\0\0\x41\x6c\x6c\x20\0\0\0\0\x61\x74\x72\x72\x7b\x1a\xc0\xff\0\0\0\0\
\xbf\xa1\0\0\0\0\0\0\x07\x01\0\0\xc0\xff\xff\xff\xb7\x02\0\0\x1e\0\0\0\x05\0\
\xa4\xff\0\0\0\0\xb7\x01\0\0\x68\x3a\0\0\x6b\x1a\xc8\xff\0\0\0\0\x18\x01\0\0\
\x4e\x6f\x74\x20\0\0\0\0\x6d\x61\x74\x63\x7b\x1a\xc0\xff\0\0\0\0\xb7\x07\0\0\0\
\0\0\0\x73\x7a\xca\xff\0\0\0\0\xbf\xa1\0\0\0\0\0\0\x07\x01\0\0\xc0\xff\xff\xff\
\xb7\x02\0\0\x0b\0\0\0\x85\0\0\0\x06\0\0\0\x73\x7a\xc8\xff\0\0\0\0\x18\x01\0\0\
\x4f\x48\x52\x44\0\0\0\0\x3a\x20\x25\x64\x7b\x1a\xc0\xff\0\0\0\0\xbf\xa1\0\0\0\
\0\0\0\x07\x01\0\0\xc0\xff\xff\xff\xb7\x07\0\0\x02\0\0\0\xb7\x02\0\0\x09\0\0\0\
\xb7\x03\0\0\x02\0\0\0\x85\0\0\0\x06\0\0\0\x18\x01\0\0\x4f\x48\x52\x44\0\0\0\0\
\x3a\x20\x25\x64\x7b\x1a\xc0\xff\0\0\0\0\xb7\x01\0\0\0\0\0\0\x73\x1a\xc8\xff\0\
\0\0\0\x71\x83\x2c\x01\0\0\0\0\xbf\xa1\0\0\0\0\0\0\x07\x01\0\0\xc0\xff\xff\xff\
\xb7\x02\0\0\x09\0\0\0\x85\0\0\0\x06\0\0\0\xb7\x01\0\0\x64\0\0\0\x6b\x1a\xcc\
\xff\0\0\0\0\xb7\x01\0\0\x65\x3a\x20\x25\x63\x1a\xc8\xff\0\0\0\0\x18\x01\0\0\
\x49\x6e\x74\x65\0\0\0\0\x72\x66\x61\x63\x7b\x1a\xc0\xff\0\0\0\0\xbf\xa1\0\0\0\
\0\0\0\x07\x01\0\0\xc0\xff\xff\xff\xb7\x02\0\0\x0e\0\0\0\xb7\x03\0\0\x01\0\0\0\
\x85\0\0\0\x06\0\0\0\xb7\x01\0\0\x64\0\0\0\x6b\x1a\xcc\xff\0\0\0\0\xb7\x01\0\0\
\x65\x3a\x20\x25\x63\x1a\xc8\xff\0\0\0\0\x18\x01\0\0\x49\x6e\x74\x65\0\0\0\0\
\x72\x66\x61\x63\x7b\x1a\xc0\xff\0\0\0\0\x71\x83\x14\0\0\0\0\0\xbf\xa1\0\0\0\0\
\0\0\x07\x01\0\0\xc0\xff\xff\xff\xb7\x02\0\0\x0e\0\0\0\x85\0\0\0\x06\0\0\0\xb7\
\x01\0\0\0\0\0\0\x73\x1a\xc8\xff\0\0\0\0\x18\x01\0\0\x49\x50\x76\x34\0\0\0\0\
\x3a\x20\x25\x64\x7b\x1a\xc0\xff\0\0\0\0\x61\x93\x1e\0\0\0\0\0\xbf\xa1\0\0\0\0\
\0\0\x07\x01\0\0\xc0\xff\xff\xff\xb7\x02\0\0\x09\0\0\0\x85\0\0\0\x06\0\0\0\xb7\
\x01\0\0\0\0\0\0\x73\x1a\xc8\xff\0\0\0\0\x18\x01\0\0\x49\x50\x76\x34\0\0\0\0\
\x3a\x20\x25\x64\x7b\x1a\xc0\xff\0\0\0\0\x61\x83\xac\0\0\0\0\0\xbf\xa1\0\0\0\0\
\0\0\x07\x01\0\0\xc0\xff\xff\xff\xb7\x02\0\0\x09\0\0\0\x85\0\0\0\x06\0\0\0\x63\
\x7a\xfc\xff\0\0\0\0\xbf\xa2\0\0\0\0\0\0\x07\x02\0\0\xfc\xff\xff\xff\x18\x01\0\
\0\0\0\0\0\0\0\0\0\0\0\0\0\x85\0\0\0\x01\0\0\0\x55\0\x0f\0\0\0\0\0\x18\x01\0\0\
\x61\x74\x61\x72\0\0\0\0\x65\x63\x0a\0\x7b\x1a\xd0\xff\0\0\0\0\x18\x01\0\0\x6e\
\x76\x61\x6c\0\0\0\0\x69\x64\x20\x64\x7b\x1a\xc8\xff\0\0\0\0\x18\x01\0\0\x45\
\x72\x72\x6f\0\0\0\0\x72\x3a\x20\x49\x7b\x1a\xc0\xff\0\0\0\0\xbf\xa1\0\0\0\0\0\
\0\x07\x01\0\0\xc0\xff\xff\xff\xb7\x02\0\0\x18\0\0\0\x85\0\0\0\x06\0\0\0\xb7\
\x07\0\0\0\0\0\0\x05\0\x0c\0\0\0\0\0\x79\x01\0\0\0\0\0\0\x07\x01\0\0\x01\0\0\0\
\x7b\x10\0\0\0\0\0\0\x61\x61\0\0\0\0\0\0\x61\x62\x04\0\0\0\0\0\x1f\x12\0\0\0\0\
\0\0\x67\x02\0\0\x20\0\0\0\x77\x02\0\0\x20\0\0\0\x79\x01\x08\0\0\0\0\0\x0f\x21\
\0\0\0\0\0\0\x7b\x10\x08\0\0\0\0\0\x61\xa7\xfc\xff\0\0\0\0\xbf\x70\0\0\0\0\0\0\
\x95\0\0\0\0\0\0\0\x06\0\0\0\x04\0\0\0\x10\0\0\0\x05\0\0\0\0\0\0\0\x01\0\0\0\
\x04\0\0\0\x24\x02\0\0\x0a\0\0\0\0\0\0\0\x0e\0\0\0\x04\0\0\0\x04\0\0\0\x0a\0\0\
\0\0\0\0\0\x01\0\0\0\x04\0\0\0\x58\x01\0\0\x0a\0\0\0\0\0\0\0\x01\0\0\0\x04\0\0\
\0\x58\x01\0\0\x0a\0\0\0\0\0\0\0\x01\0\0\0\x04\0\0\0\x06\0\0\0\x02\0\0\0\0\0\0\
\0\x52\x65\x64\x69\x72\x65\x63\x74\x69\x6e\x67\x20\x70\x61\x63\x6b\x65\x74\x73\
\0\x58\x44\x50\x20\x53\x45\x53\x53\x49\x4f\x4e\x20\x43\x4f\x4e\x54\x45\x58\x54\
\x20\x2d\x20\x55\x50\x4c\x49\x4e\x4b\x0a\0\x58\x44\x50\x20\x53\x45\x53\x53\x49\
\x4f\x4e\x20\x43\x4f\x4e\x54\x45\x58\x54\x20\x2d\x20\x44\x4f\x57\x4e\x4c\x49\
\x4e\x4b\x0a\0\x47\x54\x50\x20\x47\x50\x44\x55\x20\x74\x65\x69\x64\x20\x25\x64\
\x20\x77\x69\x74\x68\x20\x49\x50\x76\x34\x20\x70\x61\x79\x6c\x6f\x61\x64\x20\
\x72\x65\x63\x65\x69\x76\x65\x64\x0a\0\x50\x44\x52\x20\x61\x73\x73\x6f\x63\x69\
\x61\x74\x65\x64\x20\x77\x69\x74\x68\x20\x74\x65\x69\x64\x20\x25\x64\x20\x66\
\x6f\x75\x6e\x64\x21\x20\x50\x44\x52\x20\x69\x64\x20\x69\x73\x20\x25\x64\x0a\0\
\x54\x45\x49\x44\x3a\x20\x25\x64\0\x49\x6e\x76\x61\x6c\x69\x64\x20\x46\x41\x52\
\x21\0\x44\x65\x73\x74\x69\x6e\x61\x74\x69\x6f\x6e\x20\x69\x73\x20\x74\x6f\x20\
\x49\x4e\x54\x45\x52\x46\x41\x43\x45\x5f\x56\x41\x4c\x55\x45\x5f\x43\x4f\x52\
\x45\x0a\0\x4f\x55\x54\x45\x52\x5f\x48\x45\x41\x44\x45\x52\x5f\x43\x52\x45\x41\
\x54\x49\x4f\x4e\x5f\x55\x44\x50\x5f\x49\x50\x56\x34\x0a\0\x4f\x55\x54\x45\x52\
\x5f\x48\x45\x41\x44\x45\x52\x5f\x43\x52\x45\x41\x54\x49\x4f\x4e\x5f\x55\x44\
\x50\x5f\x49\x50\x56\x36\x0a\0\x49\x6e\x20\x64\x65\x73\x74\x69\x6e\x61\x74\x69\
\x6f\x6e\x20\x74\x6f\x20\x43\x4f\x52\x45\x20\x2d\x20\x49\x6e\x76\x61\x6c\x69\
\x64\x20\x6f\x70\x74\x69\x6f\x6e\x3a\x20\x25\x64\0\x44\x65\x73\x74\x69\x6e\x61\
\x74\x69\x6f\x6e\x20\x69\x73\x20\x74\x6f\x20\x49\x4e\x54\x45\x52\x46\x41\x43\
\x45\x5f\x56\x41\x4c\x55\x45\x5f\x41\x43\x43\x45\x53\x53\0\x4f\x55\x54\x45\x52\
\x5f\x48\x45\x41\x44\x45\x52\x5f\x43\x52\x45\x41\x54\x49\x4f\x4e\x5f\x47\x54\
\x50\x55\x5f\x55\x44\x50\x5f\x49\x50\x56\x34\0\x4f\x55\x54\x45\x52\x5f\x48\x45\
\x41\x44\x45\x52\x5f\x43\x52\x45\x41\x54\x49\x4f\x4e\x5f\x47\x54\x50\x55\x5f\
\x55\x44\x50\x5f\x49\x50\x56\x36\0\x49\x6e\x20\x64\x65\x73\x74\x69\x6e\x61\x74\
\x69\x6f\x6e\x20\x74\x6f\x20\x41\x43\x43\x45\x53\x53\x20\x2d\x20\x49\x6e\x76\
\x61\x6c\x69\x64\x20\x6f\x70\x74\x69\x6f\x6e\x3a\x20\x25\x64\0\x46\x6f\x72\x77\
\x61\x72\x64\x20\x61\x63\x74\x69\x6f\x6e\x20\x75\x6e\x73\x65\x74\0\x63\x72\x65\
\x61\x74\x65\x5f\x6f\x75\x74\x65\x72\x5f\x68\x65\x61\x64\x65\x72\x5f\x67\x74\
\x70\x75\x5f\x69\x70\x76\x34\0\x49\x6e\x76\x61\x6c\x69\x64\x20\x70\x6f\x69\x6e\
\x74\x65\x72\0\x6d\x61\x63\x20\x6e\x6f\x74\x20\x66\x6f\x75\x6e\x64\x21\x21\x0a\
\0\x44\x65\x73\x74\x69\x6e\x61\x74\x69\x6f\x6e\x20\x4d\x41\x43\x3a\x25\x78\x3a\
\x25\x78\x3a\x25\x78\x0a\0\x44\x65\x73\x74\x69\x6e\x61\x74\x69\x6f\x6e\x20\x49\
\x50\x3a\x25\x64\x20\x50\x6f\x72\x74\x3a\x25\x64\x0a\0\x47\x54\x50\x55\x20\x68\
\x65\x61\x64\x65\x72\x20\x77\x65\x72\x65\x20\x70\x75\x73\x68\x65\x64\x21\0\x45\
\x72\x72\x6f\x72\x3a\x20\x49\x6e\x76\x61\x6c\x69\x64\x20\x61\x63\x74\x69\x6f\
\x6e\x0a\0\x45\x72\x72\x6f\x72\x3a\x20\x49\x6e\x76\x61\x6c\x69\x64\x20\x64\x61\
\x74\x61\x72\x65\x63\x0a\0\x49\x6e\x76\x61\x6c\x69\x64\x20\x47\x54\x50\x20\x70\
\x61\x63\x6b\x65\x74\x21\0\x44\x65\x73\x74\x69\x6e\x61\x74\x69\x6f\x6e\x20\x49\
\x50\x20\x25\x64\x20\x69\x6e\x20\x49\x50\x76\x34\x20\x70\x61\x79\x6c\x6f\x61\
\x64\x20\x72\x65\x63\x65\x69\x76\x65\x64\0\x45\x72\x72\x6f\x72\x20\x2d\x20\x75\
\x6e\x73\x79\x6e\x63\x20\x74\x65\x69\x64\x2d\x3e\x70\x64\x72\x73\x20\x6d\x61\
\x70\x2e\0\x50\x44\x52\x20\x61\x73\x73\x6f\x63\x69\x61\x74\x65\x64\x20\x77\x69\
\x74\x68\x20\x55\x50\x20\x49\x50\x20\x25\x64\x20\x66\x6f\x75\x6e\x64\x21\x20\
\x50\x44\x52\x20\x69\x64\x3a\x25\x64\x20\x61\x6e\x64\x20\x46\x41\x52\x20\x69\
\x64\x3a\x25\x64\0\x49\x50\x20\x68\x65\x61\x64\x65\x72\x20\x69\x73\x20\x4e\x55\
\x4c\x4c\x21\x21\0\x4e\x6f\x74\x20\x6d\x61\x74\x63\x68\x3a\0\x4f\x48\x52\x44\
\x3a\x20\x25\x64\0\x49\x6e\x74\x65\x72\x66\x61\x63\x65\x3a\x20\x25\x64\0\x49\
\x50\x76\x34\x3a\x20\x25\x64\0\x41\x6c\x6c\x20\x61\x74\x72\x72\x69\x62\x75\x74\
\x65\x73\x20\x77\x65\x72\x65\x20\x6d\x61\x74\x63\x68\x65\x64\x21\x21\0\x47\x50\
\x4c\0\x63\x6c\x61\x6e\x67\x20\x76\x65\x72\x73\x69\x6f\x6e\x20\x31\x30\x2e\x30\
\x2e\x30\x2d\x34\x75\x62\x75\x6e\x74\x75\x31\x20\0\x2f\x68\x6f\x6d\x65\x2f\x72\
\x6f\x68\x61\x6e\x2f\x6f\x61\x69\x2d\x63\x6e\x35\x67\x2d\x75\x70\x66\x2d\x65\
\x62\x70\x66\x2f\x73\x72\x63\x2f\x75\x70\x66\x5f\x61\x70\x70\x2f\x62\x70\x66\
\x2f\x73\x65\x73\x73\x69\x6f\x6e\x5f\x62\x70\x66\x2e\x63\0\x2f\x68\x6f\x6d\x65\
\x2f\x72\x6f\x68\x61\x6e\x2f\x6f\x61\x69\x2d\x63\x6e\x35\x67\x2d\x75\x70\x66\
\x2d\x65\x62\x70\x66\x2f\x62\x75\x69\x6c\x64\x2f\x75\x70\x66\x2f\x62\x75\x69\
\x6c\x64\x2f\x75\x70\x66\x5f\x61\x70\x70\x2f\x62\x70\x66\0\x6d\x63\x5f\x73\x74\
\x61\x74\x73\0\x74\x79\x70\x65\0\x75\x6e\x73\x69\x67\x6e\x65\x64\x20\x69\x6e\
\x74\0\x6b\x65\x79\x5f\x73\x69\x7a\x65\0\x76\x61\x6c\x75\x65\x5f\x73\x69\x7a\
\x65\0\x6d\x61\x78\x5f\x65\x6e\x74\x72\x69\x65\x73\0\x6d\x61\x70\x5f\x66\x6c\
\x61\x67\x73\0\x62\x70\x66\x5f\x6d\x61\x70\x5f\x64\x65\x66\0\x6d\x5f\x66\x61\
\x72\x73\0\x6d\x5f\x72\x65\x64\x69\x72\x65\x63\x74\x5f\x69\x6e\x74\x65\x72\x66\
\x61\x63\x65\x73\0\x6d\x5f\x74\x65\x69\x64\x5f\x70\x64\x72\0\x6d\x5f\x75\x65\
\x69\x70\x5f\x70\x64\x72\0\x6d\x5f\x61\x72\x70\x5f\x74\x61\x62\x6c\x65\0\x5f\
\x6c\x69\x63\x65\x6e\x73\x65\0\x63\x68\x61\x72\0\x5f\x5f\x41\x52\x52\x41\x59\
\x5f\x53\x49\x5a\x45\x5f\x54\x59\x50\x45\x5f\x5f\0\x62\x70\x66\x5f\x74\x72\x61\
\x63\x65\x5f\x70\x72\x69\x6e\x74\x6b\0\x6c\x6f\x6e\x67\x20\x69\x6e\x74\0\x5f\
\x5f\x75\x33\x32\0\x62\x70\x66\x5f\x6d\x61\x70\x5f\x6c\x6f\x6f\x6b\x75\x70\x5f\
\x65\x6c\x65\x6d\0\x62\x70\x66\x5f\x78\x64\x70\x5f\x61\x64\x6a\x75\x73\x74\x5f\
\x68\x65\x61\x64\0\x64\x61\x74\x61\0\x64\x61\x74\x61\x5f\x65\x6e\x64\0\x64\x61\
\x74\x61\x5f\x6d\x65\x74\x61\0\x69\x6e\x67\x72\x65\x73\x73\x5f\x69\x66\x69\x6e\
\x64\x65\x78\0\x72\x78\x5f\x71\x75\x65\x75\x65\x5f\x69\x6e\x64\x65\x78\0\x65\
\x67\x72\x65\x73\x73\x5f\x69\x66\x69\x6e\x64\x65\x78\0\x78\x64\x70\x5f\x6d\x64\
\0\x69\x6e\x74\0\x62\x70\x66\x5f\x72\x65\x64\x69\x72\x65\x63\x74\x5f\x6d\x61\
\x70\0\x6c\x6f\x6e\x67\x20\x6c\x6f\x6e\x67\x20\x75\x6e\x73\x69\x67\x6e\x65\x64\
\x20\x69\x6e\x74\0\x5f\x5f\x75\x36\x34\0\x62\x70\x66\x5f\x63\x73\x75\x6d\x5f\
\x64\x69\x66\x66\0\x6c\x6f\x6e\x67\x20\x6c\x6f\x6e\x67\x20\x69\x6e\x74\0\x5f\
\x5f\x73\x36\x34\0\x5f\x5f\x62\x65\x33\x32\0\x5f\x5f\x77\x73\x75\x6d\0\x58\x44\
\x50\x5f\x41\x42\x4f\x52\x54\x45\x44\0\x58\x44\x50\x5f\x44\x52\x4f\x50\0\x58\
\x44\x50\x5f\x50\x41\x53\x53\0\x58\x44\x50\x5f\x54\x58\0\x58\x44\x50\x5f\x52\
\x45\x44\x49\x52\x45\x43\x54\0\x78\x64\x70\x5f\x61\x63\x74\x69\x6f\x6e\0\x44\
\x4f\x57\x4e\x4c\x49\x4e\x4b\0\x55\x50\x4c\x49\x4e\x4b\0\x46\x6c\x6f\x77\x44\
\x69\x72\x65\x63\x74\x69\x6f\x6e\0\x49\x4e\x54\x45\x52\x46\x41\x43\x45\x5f\x56\
\x41\x4c\x55\x45\x5f\x41\x43\x43\x45\x53\x53\0\x49\x4e\x54\x45\x52\x46\x41\x43\
\x45\x5f\x56\x41\x4c\x55\x45\x5f\x43\x4f\x52\x45\0\x49\x4e\x54\x45\x52\x46\x41\
\x43\x45\x5f\x56\x41\x4c\x55\x45\x5f\x53\x47\x49\x5f\x4c\x41\x4e\x5f\x4e\x36\
\x5f\x4c\x41\x4e\0\x49\x4e\x54\x45\x52\x46\x41\x43\x45\x5f\x56\x41\x4c\x55\x45\
\x5f\x43\x50\x5f\x46\x55\x4e\x43\x54\x49\x4f\x4e\0\x49\x4e\x54\x45\x52\x46\x41\
\x43\x45\x5f\x56\x41\x4c\x55\x45\x5f\x4c\x49\x5f\x46\x55\x4e\x43\x54\x49\x4f\
\x4e\0\x64\x65\x73\x74\x69\x6e\x61\x74\x69\x6f\x6e\x5f\x69\x6e\x74\x65\x72\x66\
\x61\x63\x65\x5f\x76\x61\x6c\x75\x65\x5f\x65\0\x49\x50\x50\x52\x4f\x54\x4f\x5f\
\x49\x50\0\x49\x50\x50\x52\x4f\x54\x4f\x5f\x49\x43\x4d\x50\0\x49\x50\x50\x52\
\x4f\x54\x4f\x5f\x49\x47\x4d\x50\0\x49\x50\x50\x52\x4f\x54\x4f\x5f\x49\x50\x49\
\x50\0\x49\x50\x50\x52\x4f\x54\x4f\x5f\x54\x43\x50\0\x49\x50\x50\x52\x4f\x54\
\x4f\x5f\x45\x47\x50\0\x49\x50\x50\x52\x4f\x54\x4f\x5f\x50\x55\x50\0\x49\x50\
\x50\x52\x4f\x54\x4f\x5f\x55\x44\x50\0\x49\x50\x50\x52\x4f\x54\x4f\x5f\x49\x44\
\x50\0\x49\x50\x50\x52\x4f\x54\x4f\x5f\x54\x50\0\x49\x50\x50\x52\x4f\x54\x4f\
\x5f\x44\x43\x43\x50\0\x49\x50\x50\x52\x4f\x54\x4f\x5f\x49\x50\x56\x36\0\x49\
\x50\x50\x52\x4f\x54\x4f\x5f\x52\x53\x56\x50\0\x49\x50\x50\x52\x4f\x54\x4f\x5f\
\x47\x52\x45\0\x49\x50\x50\x52\x4f\x54\x4f\x5f\x45\x53\x50\0\x49\x50\x50\x52\
\x4f\x54\x4f\x5f\x41\x48\0\x49\x50\x50\x52\x4f\x54\x4f\x5f\x4d\x54\x50\0\x49\
\x50\x50\x52\x4f\x54\x4f\x5f\x42\x45\x45\x54\x50\x48\0\x49\x50\x50\x52\x4f\x54\
\x4f\x5f\x45\x4e\x43\x41\x50\0\x49\x50\x50\x52\x4f\x54\x4f\x5f\x50\x49\x4d\0\
\x49\x50\x50\x52\x4f\x54\x4f\x5f\x43\x4f\x4d\x50\0\x49\x50\x50\x52\x4f\x54\x4f\
\x5f\x53\x43\x54\x50\0\x49\x50\x50\x52\x4f\x54\x4f\x5f\x55\x44\x50\x4c\x49\x54\
\x45\0\x49\x50\x50\x52\x4f\x54\x4f\x5f\x4d\x50\x4c\x53\0\x49\x50\x50\x52\x4f\
\x54\x4f\x5f\x52\x41\x57\0\x49\x50\x50\x52\x4f\x54\x4f\x5f\x4d\x41\x58\0\x42\
\x50\x46\x5f\x46\x5f\x48\x44\x52\x5f\x46\x49\x45\x4c\x44\x5f\x4d\x41\x53\x4b\0\
\x75\x6e\x73\x69\x67\x6e\x65\x64\x20\x63\x68\x61\x72\0\x5f\x5f\x75\x38\0\x75\
\x38\0\x69\x68\x6c\0\x76\x65\x72\x73\x69\x6f\x6e\0\x74\x6f\x73\0\x74\x6f\x74\
\x5f\x6c\x65\x6e\0\x75\x6e\x73\x69\x67\x6e\x65\x64\x20\x73\x68\x6f\x72\x74\0\
\x5f\x5f\x75\x31\x36\0\x5f\x5f\x62\x65\x31\x36\0\x69\x64\0\x66\x72\x61\x67\x5f\
\x6f\x66\x66\0\x74\x74\x6c\0\x70\x72\x6f\x74\x6f\x63\x6f\x6c\0\x63\x68\x65\x63\
\x6b\0\x5f\x5f\x73\x75\x6d\x31\x36\0\x73\x61\x64\x64\x72\0\x64\x61\x64\x64\x72\
\0\x69\x70\x68\x64\x72\0\x5f\x5f\x69\x6e\x74\x33\x32\x5f\x74\0\x69\x6e\x74\x33\
\x32\x5f\x74\0\x6c\x6f\x6e\x67\x20\x75\x6e\x73\x69\x67\x6e\x65\x64\x20\x69\x6e\
\x74\0\x75\x33\x32\0\x75\x31\x36\0\x70\x66\x63\x70\x5f\x70\x64\x72\x5f\x6c\x6f\
\x6f\x6b\x75\x70\x5f\x75\x70\x6c\x69\x6e\x6b\0\x70\x5f\x63\x74\x78\0\x70\x5f\
\x64\x61\x74\x61\0\x69\x6e\x64\x65\x78\0\x70\x5f\x64\x61\x74\x61\x5f\x65\x6e\
\x64\0\x6f\x66\x66\x73\x65\x74\0\x75\x36\x34\0\x74\x65\x69\x64\0\x74\x65\x69\
\x64\x5f\x74\x5f\0\x70\x5f\x69\x70\x68\0\x70\x5f\x67\x74\x70\x75\x68\0\x70\x6e\
\0\x73\0\x65\0\x73\x70\x61\x72\x65\0\x70\x74\0\x6d\x65\x73\x73\x61\x67\x65\x5f\
\x74\x79\x70\x65\0\x5f\x5f\x75\x69\x6e\x74\x38\x5f\x74\0\x75\x69\x6e\x74\x38\
\x5f\x74\0\x6d\x65\x73\x73\x61\x67\x65\x5f\x6c\x65\x6e\x67\x74\x68\0\x5f\x5f\
\x75\x69\x6e\x74\x31\x36\x5f\x74\0\x75\x69\x6e\x74\x31\x36\x5f\x74\0\x5f\x5f\
\x75\x69\x6e\x74\x33\x32\x5f\x74\0\x75\x69\x6e\x74\x33\x32\x5f\x74\0\x67\x74\
\x70\x75\x68\x64\x72\0\x70\x5f\x70\x64\x72\0\x70\x64\x72\x5f\x69\x64\0\x62\x61\
\x73\x65\0\x6c\x65\x6e\x67\x74\x68\0\x69\x65\x5f\x62\x61\x73\x65\0\x69\x65\x5f\
\x62\x61\x73\x65\x5f\x74\x5f\0\x72\x75\x6c\x65\x5f\x69\x64\0\x70\x64\x72\x5f\
\x69\x64\x5f\x73\0\x70\x64\x72\x5f\x69\x64\x5f\x74\x5f\0\x70\x72\x65\x63\x65\
\x64\x65\x6e\x63\x65\0\x70\x72\x65\x63\x65\x64\x65\x6e\x63\x65\x5f\x73\0\x70\
\x72\x65\x63\x65\x64\x65\x6e\x63\x65\x5f\x74\x5f\0\x70\x64\x69\0\x73\x6f\x75\
\x72\x63\x65\x5f\x69\x6e\x74\x65\x72\x66\x61\x63\x65\0\x69\x6e\x74\x65\x72\x66\
\x61\x63\x65\x5f\x76\x61\x6c\x75\x65\0\x73\x6f\x75\x72\x63\x65\x5f\x69\x6e\x74\
\x65\x72\x66\x61\x63\x65\x5f\x74\x5f\0\x66\x74\x65\x69\x64\0\x63\x68\x69\x64\0\
\x63\x68\0\x76\x34\0\x76\x36\0\x69\x70\x76\x34\x5f\x61\x64\x64\x72\x65\x73\x73\
\0\x69\x70\x76\x36\x5f\x61\x64\x64\x72\x65\x73\x73\0\x63\x68\x6f\x6f\x73\x65\
\x5f\x69\x64\0\x5f\x66\x74\x65\x69\x64\x5f\x74\x5f\0\x6e\x65\x74\x77\x6f\x72\
\x6b\x5f\x69\x6e\x73\x74\x61\x6e\x63\x65\0\x6e\x65\x74\x77\x6f\x72\x6b\x5f\x69\
\x6e\x73\x74\x61\x6e\x63\x65\x5f\x74\x5f\0\x75\x65\x5f\x69\x70\x5f\x61\x64\x64\
\x72\x65\x73\x73\0\x69\x70\x76\x36\x64\0\x73\x64\0\x69\x70\x76\x36\x5f\x70\x72\
\x65\x66\x69\x78\x5f\x64\x65\x6c\x65\x67\x61\x74\x69\x6f\x6e\x5f\x62\x69\x74\
\x73\0\x75\x65\x5f\x69\x70\x5f\x61\x64\x64\x72\x65\x73\x73\x5f\x74\x5f\0\x74\
\x72\x61\x66\x66\x69\x63\x5f\x65\x6e\x64\x70\x6f\x69\x6e\x74\x5f\x69\x64\0\x74\
\x72\x61\x66\x66\x69\x63\x5f\x65\x6e\x64\x70\x6f\x69\x6e\x74\x5f\x69\x64\x5f\
\x74\x5f\0\x73\x64\x66\x5f\x66\x69\x6c\x74\x65\x72\0\x62\x69\x64\0\x66\x6c\0\
\x73\x70\x69\0\x74\x74\x63\0\x66\x64\0\x6c\x65\x6e\x67\x74\x68\x5f\x6f\x66\x5f\
\x66\x6c\x6f\x77\x5f\x64\x65\x73\x63\x72\x69\x70\x74\x69\x6f\x6e\0\x66\x6c\x6f\
\x77\x5f\x64\x65\x73\x63\x72\x69\x70\x74\x69\x6f\x6e\0\x74\x6f\x73\x5f\x74\x72\
\x61\x66\x66\x69\x63\x5f\x63\x6c\x61\x73\x73\0\x73\x65\x63\x75\x72\x69\x74\x79\
\x5f\x70\x61\x72\x61\x6d\x65\x74\x65\x72\x5f\x69\x6e\x64\x65\x78\0\x66\x6c\x6f\
\x77\x5f\x6c\x61\x62\x65\x6c\0\x73\x64\x66\x5f\x66\x69\x6c\x74\x65\x72\x5f\x69\
\x64\0\x73\x64\x66\x5f\x66\x69\x6c\x74\x65\x72\x5f\x74\x5f\0\x61\x70\x70\x6c\
\x69\x63\x61\x74\x69\x6f\x6e\x5f\x69\x64\0\x61\x70\x70\x6c\x69\x63\x61\x74\x69\
\x6f\x6e\x5f\x69\x64\x5f\x73\0\x61\x70\x70\x6c\x69\x63\x61\x74\x69\x6f\x6e\x5f\
\x69\x64\x5f\x74\x5f\0\x65\x74\x68\x65\x72\x6e\x65\x74\x5f\x70\x64\x75\x5f\x73\
\x65\x73\x73\x69\x6f\x6e\x5f\x69\x6e\x66\x6f\x72\x6d\x61\x74\x69\x6f\x6e\0\x65\
\x74\x68\x69\0\x65\x74\x68\x65\x72\x6e\x65\x74\x5f\x70\x64\x75\x5f\x73\x65\x73\
\x73\x69\x6f\x6e\x5f\x69\x6e\x66\x6f\x72\x6d\x61\x74\x69\x6f\x6e\x5f\x74\x5f\0\
\x71\x66\x69\0\x71\x66\x69\x5f\x74\x5f\0\x66\x72\x61\x6d\x65\x64\x5f\x72\x6f\
\x75\x74\x65\0\x66\x72\x61\x6d\x65\x64\x5f\x72\x6f\x75\x74\x65\x5f\x74\x5f\0\
\x66\x72\x61\x6d\x65\x64\x5f\x72\x6f\x75\x74\x69\x6e\x67\0\x66\x72\x61\x6d\x65\
\x64\x5f\x72\x6f\x75\x74\x69\x6e\x67\x5f\x74\x5f\0\x66\x72\x61\x6d\x65\x64\x5f\
\x69\x70\x76\x36\x5f\x72\x6f\x75\x74\x65\0\x66\x72\x61\x6d\x65\x64\x5f\x69\x70\
\x76\x36\x5f\x72\x6f\x75\x74\x65\x5f\x74\x5f\0\x70\x64\x69\x5f\x74\x5f\0\x6f\
\x75\x74\x65\x72\x5f\x68\x65\x61\x64\x65\x72\x5f\x72\x65\x6d\x6f\x76\x61\x6c\0\
\x6f\x75\x74\x65\x72\x5f\x68\x65\x61\x64\x65\x72\x5f\x72\x65\x6d\x6f\x76\x61\
\x6c\x5f\x64\x65\x73\x63\x72\x69\x70\x74\x69\x6f\x6e\0\x6f\x75\x74\x65\x72\x5f\
\x68\x65\x61\x64\x65\x72\x5f\x72\x65\x6d\x6f\x76\x61\x6c\x5f\x73\0\x6f\x75\x74\
\x65\x72\x5f\x68\x65\x61\x64\x65\x72\x5f\x72\x65\x6d\x6f\x76\x61\x6c\x5f\x74\
\x5f\0\x66\x61\x72\x5f\x69\x64\0\x66\x61\x72\x5f\x69\x64\x5f\x73\0\x66\x61\x72\
\x5f\x69\x64\x5f\x74\x5f\0\x75\x72\x72\x5f\x69\x64\0\x75\x72\x72\x5f\x69\x64\
\x5f\x73\0\x75\x72\x72\x5f\x69\x64\x5f\x74\x5f\0\x71\x65\x72\x5f\x69\x64\0\x71\
\x65\x72\x5f\x69\x64\x5f\x73\0\x71\x65\x72\x5f\x69\x64\x5f\x74\x5f\0\x61\x63\
\x74\x69\x76\x61\x74\x65\x5f\x70\x72\x65\x64\x65\x66\x69\x6e\x65\x64\x5f\x72\
\x75\x6c\x65\x73\0\x70\x72\x65\x64\x65\x66\x69\x6e\x65\x64\x5f\x72\x75\x6c\x65\
\x73\x5f\x6e\x61\x6d\x65\0\x61\x63\x74\x69\x76\x61\x74\x65\x5f\x70\x72\x65\x64\
\x65\x66\x69\x6e\x65\x64\x5f\x72\x75\x6c\x65\x73\x5f\x73\0\x61\x63\x74\x69\x76\
\x61\x74\x65\x5f\x70\x72\x65\x64\x65\x66\x69\x6e\x65\x64\x5f\x72\x75\x6c\x65\
\x73\x5f\x74\x5f\0\x70\x66\x63\x70\x5f\x70\x64\x72\x5f\x73\0\x70\x66\x63\x70\
\x5f\x70\x64\x72\x5f\x74\x5f\0\x70\x5f\x66\x61\x72\0\x61\x70\x70\x6c\x79\x5f\
\x61\x63\x74\x69\x6f\x6e\0\x64\x75\x70\x6c\0\x6e\x6f\x63\x70\0\x62\x75\x66\x66\
\0\x66\x6f\x72\x77\0\x64\x72\x6f\x70\0\x61\x70\x70\x6c\x79\x5f\x61\x63\x74\x69\
\x6f\x6e\x5f\x73\0\x61\x70\x70\x6c\x79\x5f\x61\x63\x74\x69\x6f\x6e\x5f\x74\x5f\
\0\x66\x6f\x72\x77\x61\x72\x64\x69\x6e\x67\x5f\x70\x61\x72\x61\x6d\x65\x74\x65\
\x72\x73\0\x64\x65\x73\x74\x69\x6e\x61\x74\x69\x6f\x6e\x5f\x69\x6e\x74\x65\x72\
\x66\x61\x63\x65\0\x64\x65\x73\x74\x69\x6e\x61\x74\x69\x6f\x6e\x5f\x69\x6e\x74\
\x65\x72\x66\x61\x63\x65\x5f\x73\0\x64\x65\x73\x74\x69\x6e\x61\x74\x69\x6f\x6e\
\x5f\x69\x6e\x74\x65\x72\x66\x61\x63\x65\x5f\x74\x5f\0\x72\x65\x64\x69\x72\x65\
\x63\x74\x5f\x69\x6e\x66\x6f\x72\x6d\x61\x74\x69\x6f\x6e\0\x72\x65\x64\x69\x72\
\x65\x63\x74\x5f\x61\x64\x64\x72\x65\x73\x73\x5f\x74\x79\x70\x65\0\x72\x65\x64\
\x69\x72\x65\x63\x74\x5f\x73\x65\x72\x76\x65\x72\x5f\x61\x64\x64\x72\x65\x73\
\x73\x5f\x6c\x65\x6e\x67\x74\x68\0\x72\x65\x64\x69\x72\x65\x63\x74\x5f\x69\x6e\
\x66\x6f\x72\x6d\x61\x74\x69\x6f\x6e\x5f\x73\0\x72\x65\x64\x69\x72\x65\x63\x74\
\x5f\x69\x6e\x66\x6f\x72\x6d\x61\x74\x69\x6f\x6e\x5f\x74\x5f\0\x6f\x75\x74\x65\
\x72\x5f\x68\x65\x61\x64\x65\x72\x5f\x63\x72\x65\x61\x74\x69\x6f\x6e\0\x6f\x75\
\x74\x65\x72\x5f\x68\x65\x61\x64\x65\x72\x5f\x63\x72\x65\x61\x74\x69\x6f\x6e\
\x5f\x64\x65\x73\x63\x72\x69\x70\x74\x69\x6f\x6e\0\x73\x5f\x61\x64\x64\x72\0\
\x69\x6e\x5f\x61\x64\x64\x72\0\x69\x6e\x36\x5f\x75\0\x75\x36\x5f\x61\x64\x64\
\x72\x38\0\x75\x36\x5f\x61\x64\x64\x72\x31\x36\0\x75\x36\x5f\x61\x64\x64\x72\
\x33\x32\0\x69\x6e\x36\x5f\x61\x64\x64\x72\0\x70\x6f\x72\x74\x5f\x6e\x75\x6d\
\x62\x65\x72\0\x6f\x75\x74\x65\x72\x5f\x68\x65\x61\x64\x65\x72\x5f\x63\x72\x65\
\x61\x74\x69\x6f\x6e\x5f\x73\0\x6f\x75\x74\x65\x72\x5f\x68\x65\x61\x64\x65\x72\
\x5f\x63\x72\x65\x61\x74\x69\x6f\x6e\x5f\x74\x5f\0\x74\x72\x61\x6e\x73\x70\x6f\
\x72\x74\x5f\x6c\x65\x76\x65\x6c\x5f\x6d\x61\x72\x6b\x69\x6e\x67\0\x73\x69\x67\
\x6e\x65\x64\x20\x63\x68\x61\x72\0\x5f\x5f\x73\x38\0\x73\x38\0\x74\x72\x61\x6e\
\x73\x70\x6f\x72\x74\x5f\x6c\x65\x76\x65\x6c\x5f\x6d\x61\x72\x6b\x69\x6e\x67\
\x5f\x73\0\x74\x72\x61\x6e\x73\x70\x6f\x72\x74\x5f\x6c\x65\x76\x65\x6c\x5f\x6d\
\x61\x72\x6b\x69\x6e\x67\x5f\x74\x5f\0\x66\x6f\x72\x77\x61\x72\x64\x69\x6e\x67\
\x5f\x70\x6f\x6c\x69\x63\x79\0\x66\x6f\x72\x77\x61\x72\x64\x69\x6e\x67\x5f\x70\
\x6f\x6c\x69\x63\x79\x5f\x69\x64\x65\x6e\x74\x69\x66\x69\x65\x72\x5f\x6c\x65\
\x6e\x67\x74\x68\0\x66\x6f\x72\x77\x61\x72\x64\x69\x6e\x67\x5f\x70\x6f\x6c\x69\
\x63\x79\x5f\x69\x64\x65\x6e\x74\x69\x66\x69\x65\x72\0\x66\x6f\x72\x77\x61\x72\
\x64\x69\x6e\x67\x5f\x70\x6f\x6c\x69\x63\x79\x5f\x73\0\x66\x6f\x72\x77\x61\x72\
\x64\x69\x6e\x67\x5f\x70\x6f\x6c\x69\x63\x79\x5f\x74\x5f\0\x68\x65\x61\x64\x65\
\x72\x5f\x65\x6e\x72\x69\x63\x68\x6d\x65\x6e\x74\0\x68\x65\x61\x64\x65\x72\x5f\
\x74\x79\x70\x65\0\x6c\x65\x6e\x67\x68\x74\x5f\x6f\x66\x5f\x68\x65\x61\x64\x65\
\x72\x5f\x66\x69\x65\x6c\x64\x5f\x6e\x61\x6d\x65\0\x68\x65\x61\x64\x65\x72\x5f\
\x66\x69\x65\x6c\x64\x5f\x6e\x61\x6d\x65\0\x6c\x65\x6e\x67\x68\x74\x5f\x6f\x66\
\x5f\x68\x65\x61\x64\x65\x72\x5f\x66\x69\x65\x6c\x64\x5f\x76\x61\x6c\x75\x65\0\
\x68\x65\x61\x64\x65\x72\x5f\x66\x69\x65\x6c\x64\x5f\x76\x61\x6c\x75\x65\0\x68\
\x65\x61\x64\x65\x72\x5f\x65\x6e\x72\x69\x63\x68\x6d\x65\x6e\x74\x5f\x73\0\x68\
\x65\x61\x64\x65\x72\x5f\x65\x6e\x72\x69\x63\x68\x6d\x65\x6e\x74\x5f\x74\x5f\0\
\x70\x72\x6f\x78\x79\x69\x6e\x67\0\x69\x6e\x73\0\x61\x72\x70\0\x70\x72\x6f\x78\
\x79\x69\x6e\x67\x5f\x73\0\x70\x72\x6f\x78\x79\x69\x6e\x67\x5f\x74\x5f\0\x66\
\x6f\x72\x77\x61\x72\x64\x69\x6e\x67\x5f\x70\x61\x72\x61\x6d\x65\x74\x65\x72\
\x73\x5f\x73\0\x66\x6f\x72\x77\x61\x72\x64\x69\x6e\x67\x5f\x70\x61\x72\x61\x6d\
\x65\x74\x65\x72\x73\x5f\x74\x5f\0\x64\x75\x70\x6c\x69\x63\x61\x74\x69\x6e\x67\
\x5f\x70\x61\x72\x61\x6d\x65\x74\x65\x72\x73\0\x64\x75\x70\x6c\x69\x63\x61\x74\
\x69\x6e\x67\x5f\x70\x61\x72\x61\x6d\x65\x74\x65\x72\x73\x5f\x73\0\x64\x75\x70\
\x6c\x69\x63\x61\x74\x69\x6e\x67\x5f\x70\x61\x72\x61\x6d\x65\x74\x65\x72\x73\
\x5f\x74\x5f\0\x62\x61\x72\x5f\x69\x64\0\x62\x61\x72\x5f\x69\x64\x5f\x73\0\x62\
\x61\x72\x5f\x69\x64\x5f\x74\x5f\0\x70\x66\x63\x70\x5f\x66\x61\x72\x5f\x73\0\
\x70\x66\x63\x70\x5f\x66\x61\x72\x5f\x74\x5f\0\x73\x65\x69\x64\0\x73\x65\x69\
\x64\x5f\x74\x5f\0\x69\0\x5f\x5f\x5f\x5f\x66\x6d\x74\0\x70\x66\x63\x70\x5f\x70\
\x64\x72\x5f\x6d\x61\x74\x63\x68\x5f\x70\x64\x69\x5f\x61\x63\x63\x65\x73\x73\0\
\x78\x64\x70\x5f\x73\x74\x61\x74\x73\x5f\x72\x65\x63\x6f\x72\x64\x5f\x61\x63\
\x74\x69\x6f\x6e\0\x63\x74\x78\0\x61\x63\x74\x69\x6f\x6e\0\x72\x65\x63\0\x72\
\x78\x5f\x70\x61\x63\x6b\x65\x74\x73\0\x72\x78\x5f\x62\x79\x74\x65\x73\0\x64\
\x61\x74\x61\x72\x65\x63\0\x70\x66\x63\x70\x5f\x70\x64\x72\x5f\x6c\x6f\x6f\x6b\
\x75\x70\x5f\x64\x6f\x77\x6e\x6c\x69\x6e\x6b\0\x64\x65\x73\x74\x5f\x69\x70\0\
\x70\x66\x63\x70\x5f\x70\x64\x72\x5f\x6d\x61\x74\x63\x68\x5f\x70\x64\x69\x5f\
\x64\x6f\x77\x6e\x6c\x69\x6e\x6b\0\x75\x70\x64\x61\x74\x65\x5f\x64\x73\x74\x5f\
\x6d\x61\x63\x5f\x61\x64\x64\x72\x65\x73\x73\0\x70\x5f\x69\x70\0\x70\x5f\x65\
\x74\x68\0\x68\x5f\x64\x65\x73\x74\0\x68\x5f\x73\x6f\x75\x72\x63\x65\0\x68\x5f\
\x70\x72\x6f\x74\x6f\0\x65\x74\x68\x68\x64\x72\0\x70\x5f\x6d\x61\x63\x5f\x61\
\x64\x64\x72\x65\x73\x73\0\x63\x72\x65\x61\x74\x65\x5f\x6f\x75\x74\x65\x72\x5f\
\x68\x65\x61\x64\x65\x72\x5f\x67\x74\x70\x75\x5f\x69\x70\x76\x34\0\x70\x5f\x6f\
\x72\x69\x67\x5f\x65\x74\x68\0\x70\x5f\x69\x6e\x6e\x65\x72\x5f\x69\x70\0\x70\
\x5f\x75\x64\x70\0\x73\x6f\x75\x72\x63\x65\0\x64\x65\x73\x74\0\x6c\x65\x6e\0\
\x75\x64\x70\x68\x64\x72\0\x66\x6c\x61\x67\x73\0\x6c\x33\x73\x75\x6d\0\x66\x69\
\x62\x5f\x70\x61\x72\x61\x6d\x73\0\x66\x61\x6d\x69\x6c\x79\0\x6c\x34\x5f\x70\
\x72\x6f\x74\x6f\x63\x6f\x6c\0\x73\x70\x6f\x72\x74\0\x64\x70\x6f\x72\x74\0\x69\
\x66\x69\x6e\x64\x65\x78\0\x66\x6c\x6f\x77\x69\x6e\x66\x6f\0\x72\x74\x5f\x6d\
\x65\x74\x72\x69\x63\0\x69\x70\x76\x34\x5f\x73\x72\x63\0\x69\x70\x76\x36\x5f\
\x73\x72\x63\0\x69\x70\x76\x34\x5f\x64\x73\x74\0\x69\x70\x76\x36\x5f\x64\x73\
\x74\0\x68\x5f\x76\x6c\x61\x6e\x5f\x70\x72\x6f\x74\x6f\0\x68\x5f\x76\x6c\x61\
\x6e\x5f\x54\x43\x49\0\x73\x6d\x61\x63\0\x64\x6d\x61\x63\0\x62\x70\x66\x5f\x66\
\x69\x62\x5f\x6c\x6f\x6f\x6b\x75\x70\0\x70\x63\x6e\x5f\x63\x73\x75\x6d\x5f\x64\
\x69\x66\x66\0\x66\x72\x6f\x6d\0\x66\x72\x6f\x6d\x5f\x73\x69\x7a\x65\0\x74\x6f\
\0\x74\x6f\x5f\x73\x69\x7a\x65\0\x73\x65\x65\x64\0\x70\x63\x6e\x5f\x6c\x33\x5f\
\x63\x73\x75\x6d\x5f\x72\x65\x70\x6c\x61\x63\x65\0\x63\x73\x75\x6d\x5f\x6f\x66\
\x66\x73\x65\x74\0\x6f\x6c\x64\x5f\x76\x61\x6c\x75\x65\0\x6e\x65\x77\x5f\x76\
\x61\x6c\x75\x65\0\x64\x61\x74\x61\x32\0\x64\x61\x74\x61\x5f\x65\x6e\x64\x32\0\
\x70\x74\x72\0\x70\x63\x6e\x5f\x63\x73\x75\x6d\x5f\x72\x65\x70\x6c\x61\x63\x65\
\x5f\x62\x79\x5f\x64\x69\x66\x66\0\x73\x75\x6d\0\x64\x69\x66\x66\0\x70\x63\x6e\
\x5f\x63\x73\x75\x6d\x5f\x61\x64\x64\0\x63\x73\x75\x6d\0\x61\x64\x64\x65\x6e\
\x64\0\x72\x65\x73\0\x70\x63\x6e\x5f\x63\x73\x75\x6d\x5f\x66\x6f\x6c\x64\0\x78\
\x64\x70\x5f\x72\x65\x64\x69\x72\x65\x63\x74\x5f\x67\x74\x70\x75\0\x75\x70\x6c\
\x69\x6e\x6b\x5f\x65\x6e\x74\x72\x79\x5f\x70\x6f\x69\x6e\x74\0\x64\x6f\x77\x6e\
\x6c\x69\x6e\x6b\x5f\x65\x6e\x74\x72\x79\x5f\x70\x6f\x69\x6e\x74\0\x70\x66\x63\
\x70\x5f\x66\x61\x72\x5f\x61\x70\x70\x6c\x79\0\x64\x69\x72\x65\x63\x74\x69\x6f\
\x6e\0\x64\x65\x73\x74\x5f\x69\x6e\x74\x65\x72\x66\x61\x63\x65\0\x70\x5f\x6e\
\x65\x77\x5f\x65\x74\x68\0\xff\xff\xff\xff\xff\xff\xff\xff\0\0\0\0\0\0\0\0\0\0\
\0\0\0\0\0\0\x10\0\0\0\0\0\0\0\x01\0\x51\x10\0\0\0\0\0\0\0\x68\x09\0\0\0\0\0\0\
\x01\0\x56\0\0\0\0\0\0\0\0\0\0\0\0\0\0\0\0\xff\xff\xff\xff\xff\xff\xff\xff\0\0\
\0\0\0\0\0\0\x90\0\0\0\0\0\0\0\xf0\x05\0\0\0\0\0\0\x01\0\x56\0\x07\0\0\0\0\0\0\
\xd8\x08\0\0\0\0\0\0\x01\0\x56\0\0\0\0\0\0\0\0\0\0\0\0\0\0\0\0\xff\xff\xff\xff\
\xff\xff\xff\xff\0\0\0\0\0\0\0\0\x98\0\0\0\0\0\0\0\xf0\x05\0\0\0\0\0\0\x02\0\
\x30\x9f\0\x07\0\0\0\0\0\0\xd8\x08\0\0\0\0\0\0\x02\0\x30\x9f\0\0\0\0\0\0\0\0\0\
\0\0\0\0\0\0\0\xff\xff\xff\xff\xff\xff\xff\xff\0\0\0\0\0\0\0\0\xa0\0\0\0\0\0\0\
\0\xc0\0\0\0\0\0\0\0\x01\0\x51\x20\x01\0\0\0\0\0\0\x28\x01\0\0\0\0\0\0\x01\0\
\x51\0\0\0\0\0\0\0\0\0\0\0\0\0\0\0\0\xff\xff\xff\xff\xff\xff\xff\xff\0\0\0\0\0\
\0\0\0\xa0\0\0\0\0\0\0\0\xf0\x05\0\0\0\0\0\0\x03\0\x10\x32\x9f\0\x07\0\0\0\0\0\
\0\xd8\x08\0\0\0\0\0\0\x03\0\x10\x32\x9f\0\0\0\0\0\0\0\0\0\0\0\0\0\0\0\0\xff\
\xff\xff\xff\xff\xff\xff\xff\0\0\0\0\0\0\0\0\x78\x01\0\0\0\0\0\0\x38\x02\0\0\0\
\0\0\0\x01\0\x53\x38\x02\0\0\0\0\0\0\x18\x03\0\0\0\0\0\0\x02\0\x7a\x3c\x28\x03\
\0\0\0\0\0\0\xd0\x05\0\0\0\0\0\0\x02\0\x7a\x3c\0\x07\0\0\0\0\0\0\x28\x08\0\0\0\
\0\0\0\x02\0\x7a\x3c\0\0\0\0\0\0\0\0\0\0\0\0\0\0\0\0\xff\xff\xff\xff\xff\xff\
\xff\xff\0\0\0\0\0\0\0\0\x68\x02\0\0\0\0\0\0\x20\x03\0\0\0\0\0\0\x05\0\x79\x2a\
\x23\x08\x9f\x20\x03\0\0\0\0\0\0\xd8\x03\0\0\0\0\0\0\x03\0\x79\x32\x9f\0\x07\0\
\0\0\0\0\0\xd8\x08\0\0\0\0\0\0\x03\0\x79\x32\x9f\0\0\0\0\0\0\0\0\0\0\0\0\0\0\0\
\0\xff\xff\xff\xff\xff\xff\xff\xff\0\0\0\0\0\0\0\0\x68\x02\0\0\0\0\0\0\xd8\x03\
\0\0\0\0\0\0\x03\0\x79\x2a\x9f\0\x07\0\0\0\0\0\0\xd8\x08\0\0\0\0\0\0\x03\0\x79\
\x2a\x9f\0\0\0\0\0\0\0\0\0\0\0\0\0\0\0\0\xff\xff\xff\xff\xff\xff\xff\xff\0\0\0\
\0\0\0\0\0\x68\x02\0\0\0\0\0\0\xd0\x05\0\0\0\0\0\0\x01\0\x57\0\x07\0\0\0\0\0\0\
\x60\x08\0\0\0\0\0\0\x01\0\x57\0\0\0\0\0\0\0\0\0\0\0\0\0\0\0\0\xff\xff\xff\xff\
\xff\xff\xff\xff\0\0\0\0\0\0\0\0\x18\x03\0\0\0\0\0\0\xd0\x05\0\0\0\0\0\0\x01\0\
\x57\0\x07\0\0\0\0\0\0\x60\x08\0\0\0\0\0\0\x01\0\x57\0\0\0\0\0\0\0\0\0\0\0\0\0\
\0\0\0\xff\xff\xff\xff\xff\xff\xff\xff\0\0\0\0\0\0\0\0\x20\x03\0\0\0\0\0\0\xd8\
\x03\0\0\0\0\0\0\x03\0\x79\x32\x9f\0\x07\0\0\0\0\0\0\xd8\x08\0\0\0\0\0\0\x03\0\
\x79\x32\x9f\0\0\0\0\0\0\0\0\0\0\0\0\0\0\0\0\xff\xff\xff\xff\xff\xff\xff\xff\0\
\0\0\0\0\0\0\0\xf0\x05\0\0\0\0\0\0\xf0\x06\0\0\0\0\0\0\x01\0\x56\xd0\x08\0\0\0\
\0\0\0\x68\x09\0\0\0\0\0\0\x01\0\x56\0\0\0\0\0\0\0\0\0\0\0\0\0\0\0\0\xff\xff\
\xff\xff\xff\xff\xff\xff\0\0\0\0\0\0\0\0\xf0\x05\0\0\0\0\0\0\x78\x06\0\0\0\0\0\
\0\x02\0\x7a\x3c\x80\x06\0\0\0\0\0\0\xf0\x06\0\0\0\0\0\0\x02\0\x7a\x3c\xa0\x08\
\0\0\0\0\0\0\xc0\x08\0\0\0\0\0\0\x01\0\x50\0\0\0\0\0\0\0\0\0\0\0\0\0\0\0\0\xff\
\xff\xff\xff\xff\xff\xff\xff\0\0\0\0\0\0\0\0\x08\x06\0\0\0\0\0\0\xe8\x06\0\0\0\
\0\0\0\x01\0\x50\0\0\0\0\0\0\0\0\0\0\0\0\0\0\0\0\xff\xff\xff\xff\xff\xff\xff\
\xff\0\0\0\0\0\0\0\0\x80\x08\0\0\0\0\0\0\xa0\x08\0\0\0\0\0\0\x01\0\x50\0\0\0\0\
\0\0\0\0\0\0\0\0\0\0\0\0\xff\xff\xff\xff\xff\xff\xff\xff\0\0\0\0\0\0\0\0\xa0\
\x08\0\0\0\0\0\0\xc0\x08\0\0\0\0\0\0\x01\0\x50\0\0\0\0\0\0\0\0\0\0\0\0\0\0\0\0\
\xff\xff\xff\xff\xff\xff\xff\xff\0\0\0\0\0\0\0\0\0\0\0\0\0\0\0\0\x18\0\0\0\0\0\
\0\0\x01\0\x51\x18\0\0\0\0\0\0\0\x80\x09\0\0\0\0\0\0\x01\0\x56\0\0\0\0\0\0\0\0\
\0\0\0\0\0\0\0\0\xff\xff\xff\xff\xff\xff\xff\xff\0\0\0\0\0\0\0\0\x88\0\0\0\0\0\
\0\0\xb8\x04\0\0\0\0\0\0\x01\0\x56\x48\x05\0\0\0\0\0\0\x78\x08\0\0\0\0\0\0\x01\
\0\x56\0\0\0\0\0\0\0\0\0\0\0\0\0\0\0\0\xff\xff\xff\xff\xff\xff\xff\xff\0\0\0\0\
\0\0\0\0\x90\0\0\0\0\0\0\0\xb8\x04\0\0\0\0\0\0\x02\0\x30\x9f\x48\x05\0\0\0\0\0\
\0\x78\x08\0\0\0\0\0\0\x02\0\x30\x9f\0\0\0\0\0\0\0\0\0\0\0\0\0\0\0\0\xff\xff\
\xff\xff\xff\xff\xff\xff\0\0\0\0\0\0\0\0\x98\0\0\0\0\0\0\0\xb8\0\0\0\0\0\0\0\
\x01\0\x51\x20\x01\0\0\0\0\0\0\x48\x01\0\0\0\0\0\0\x01\0\x51\0\0\0\0\0\0\0\0\0\
\0\0\0\0\0\0\0\xff\xff\xff\xff\xff\xff\xff\xff\0\0\0\0\0\0\0\0\x98\0\0\0\0\0\0\
\0\xb8\x04\0\0\0\0\0\0\x03\0\x10\x2a\x9f\x48\x05\0\0\0\0\0\0\x78\x08\0\0\0\0\0\
\0\x03\0\x10\x2a\x9f\0\0\0\0\0\0\0\0\0\0\0\0\0\0\0\0\xff\xff\xff\xff\xff\xff\
\xff\xff\0\0\0\0\0\0\0\0\x28\x01\0\0\0\0\0\0\xe8\x01\0\0\0\0\0\0\x01\0\x53\xe8\
\x01\0\0\0\0\0\0\xb8\x04\0\0\0\0\0\0\x03\0\x7a\xc4\0\x48\x05\0\0\0\0\0\0\x60\
\x08\0\0\0\0\0\0\x03\0\x7a\xc4\0\0\0\0\0\0\0\0\0\0\0\0\0\0\0\0\0\xff\xff\xff\
\xff\xff\xff\xff\xff\0\0\0\0\0\0\0\0\x18\x02\0\0\0\0\0\0\xc8\x02\0\0\0\0\0\0\
\x03\0\x79\x0e\x9f\xd0\x02\0\0\0\0\0\0\xb8\x04\0\0\0\0\0\0\x03\0\x79\x0e\x9f\
\x48\x05\0\0\0\0\0\0\x60\x08\0\0\0\0\0\0\x03\0\x79\x0e\x9f\0\0\0\0\0\0\0\0\0\0\
\0\0\0\0\0\0\xff\xff\xff\xff\xff\xff\xff\xff\0\0\0\0\0\0\0\0\x18\x02\0\0\0\0\0\
\0\xb8\x02\0\0\0\0\0\0\x01\0\x57\xc0\x02\0\0\0\0\0\0\xc8\x02\0\0\0\0\0\0\x01\0\
\x57\xc8\x02\0\0\0\0\0\0\xb8\x04\0\0\0\0\0\0\x01\0\x58\x48\x05\0\0\0\0\0\0\x60\
\x08\0\0\0\0\0\0\x01\0\x58\0\0\0\0\0\0\0\0\0\0\0\0\0\0\0\0\xff\xff\xff\xff\xff\
\xff\xff\xff\0\0\0\0\0\0\0\0\xc8\x02\0\0\0\0\0\0\xb8\x04\0\0\0\0\0\0\x01\0\x58\
\x48\x05\0\0\0\0\0\0\x60\x08\0\0\0\0\0\0\x01\0\x58\0\0\0\0\0\0\0\0\0\0\0\0\0\0\
\0\0\xff\xff\xff\xff\xff\xff\xff\xff\0\0\0\0\0\0\0\0\x60\x03\0\0\0\0\0\0\xb8\
\x04\0\0\0\0\0\0\x02\0\x7a\0\0\0\0\0\0\0\0\0\0\0\0\0\0\0\0\0\xff\xff\xff\xff\
\xff\xff\xff\xff\0\0\0\0\0\0\0\0\x80\x04\0\0\0\0\0\0\xa0\x04\0\0\0\0\0\0\x01\0\
\x50\0\0\0\0\0\0\0\0\0\0\0\0\0\0\0\0\xff\xff\xff\xff\xff\xff\xff\xff\0\0\0\0\0\
\0\0\0\x80\x04\0\0\0\0\0\0\xa0\x04\0\0\0\0\0\0\x01\0\x50\x78\x08\0\0\0\0\0\0\
\x70\x09\0\0\0\0\0\0\x03\0\x7a\xc4\0\0\0\0\0\0\0\0\0\0\0\0\0\0\0\0\0\xff\xff\
\xff\xff\xff\xff\xff\xff\0\0\0\0\0\0\0\0\xb0\x04\0\0\0\0\0\0\x48\x05\0\0\0\0\0\
\0\x01\0\x56\x78\x08\0\0\0\0\0\0\x70\x09\0\0\0\0\0\0\x01\0\x56\0\0\0\0\0\0\0\0\
\0\0\0\0\0\0\0\0\xff\xff\xff\xff\xff\xff\xff\xff\0\0\0\0\0\0\0\0\x90\x08\0\0\0\
\0\0\0\0\x09\0\0\0\0\0\0\x01\0\x50\x10\x09\0\0\0\0\0\0\x70\x09\0\0\0\0\0\0\x01\
\0\x50\0\0\0\0\0\0\0\0\0\0\0\0\0\0\0\0\xff\xff\xff\xff\xff\xff\xff\xff\0\0\0\0\
\0\0\0\0\0\0\0\0\0\0\0\0\x08\0\0\0\0\0\0\0\x01\0\x51\x08\0\0\0\0\0\0\0\x10\x13\
\0\0\0\0\0\0\x01\0\x57\0\0\0\0\0\0\0\0\0\0\0\0\0\0\0\0\xff\xff\xff\xff\xff\xff\
\xff\xff\0\0\0\0\0\0\0\0\0\0\0\0\0\0\0\0\x78\0\0\0\0\0\0\0\x01\0\x52\x80\0\0\0\
\0\0\0\0\xd8\0\0\0\0\0\0\0\x01\0\x52\xf8\0\0\0\0\0\0\0\xd0\x01\0\0\0\0\0\0\x01\
\0\x52\x40\x04\0\0\0\0\0\0\xa8\x04\0\0\0\0\0\0\x01\0\x52\xc0\x04\0\0\0\0\0\0\
\x70\x05\0\0\0\0\0\0\x01\0\x52\0\0\0\0\0\0\0\0\0\0\0\0\0\0\0\0\xff\xff\xff\xff\
\xff\xff\xff\xff\0\0\0\0\0\0\0\0\0\0\0\0\0\0\0\0\xe0\0\0\0\0\0\0\0\x01\0\x53\
\xf8\0\0\0\0\0\0\0\xe0\x01\0\0\0\0\0\0\x01\0\x53\x40\x04\0\0\0\0\0\0\xb0\x04\0\
\0\0\0\0\0\x01\0\x53\xc0\x04\0\0\0\0\0\0\x80\x05\0\0\0\0\0\0\x01\0\x53\0\0\0\0\
\0\0\0\0\0\0\0\0\0\0\0\0\xff\xff\xff\xff\xff\xff\xff\xff\0\0\0\0\0\0\0\0\x18\0\
\0\0\0\0\0\0\xe8\0\0\0\0\0\0\0\x01\0\x56\xf8\0\0\0\0\0\0\0\xb0\x03\0\0\0\0\0\0\
\x01\0\x56\x40\x04\0\0\0\0\0\0\x78\x05\0\0\0\0\0\0\x01\0\x56\x80\x07\0\0\0\0\0\
\0\xb8\x08\0\0\0\0\0\0\x01\0\x56\0\0\0\0\0\0\0\0\0\0\0\0\0\0\0\0\xff\xff\xff\
\xff\xff\xff\xff\xff\0\0\0\0\0\0\0\0\x18\0\0\0\0\0\0\0\xe8\0\0\0\0\0\0\0\x01\0\
\x58\xf8\0\0\0\0\0\0\0\xa8\x03\0\0\0\0\0\0\x01\0\x58\x40\x04\0\0\0\0\0\0\xc8\
\x04\0\0\0\0\0\0\x01\0\x58\x80\x07\0\0\0\0\0\0\xb8\x08\0\0\0\0\0\0\x01\0\x58\0\
\0\0\0\0\0\0\0\0\0\0\0\0\0\0\0\xff\xff\xff\xff\xff\xff\xff\xff\0\0\0\0\0\0\0\0\
\x28\x01\0\0\0\0\0\0\x50\x01\0\0\0\0\0\0\x01\0\x51\xc0\x04\0\0\0\0\0\0\xd8\x04\
\0\0\0\0\0\0\x01\0\x51\0\0\0\0\0\0\0\0\0\0\0\0\0\0\0\0\xff\xff\xff\xff\xff\xff\
\xff\xff\0\0\0\0\0\0\0\0\x18\x01\0\0\0\0\0\0\xe0\x01\0\0\0\0\0\0\x01\0\x54\xc0\
\x04\0\0\0\0\0\0\x80\x05\0\0\0\0\0\0\x01\0\x54\0\0\0\0\0\0\0\0\0\0\0\0\0\0\0\0\
\xff\xff\xff\xff\xff\xff\xff\xff\0\0\0\0\0\0\0\0\xa8\x02\0\0\0\0\0\0\xc8\x03\0\
\0\0\0\0\0\x01\0\x52\0\0\0\0\0\0\0\0\0\0\0\0\0\0\0\0\xff\xff\xff\xff\xff\xff\
\xff\xff\0\0\0\0\0\0\0\0\x98\x03\0\0\0\0\0\0\xb0\x03\0\0\0\0\0\0\x03\0\x76\x32\
\x9f\0\0\0\0\0\0\0\0\0\0\0\0\0\0\0\0\xff\xff\xff\xff\xff\xff\xff\xff\0\0\0\0\0\
\0\0\0\xa0\x03\0\0\0\0\0\0\xa8\x03\0\0\0\0\0\0\x01\0\x52\xa8\x03\0\0\0\0\0\0\
\x40\x04\0\0\0\0\0\0\x01\0\x58\0\x0e\0\0\0\0\0\0\x98\x0e\0\0\0\0\0\0\x01\0\x58\
\0\0\0\0\0\0\0\0\0\0\0\0\0\0\0\0\xff\xff\xff\xff\xff\xff\xff\xff\0\0\0\0\0\0\0\
\0\xd0\x03\0\0\0\0\0\0\x38\x04\0\0\0\0\0\0\x01\0\x50\0\x0e\0\0\0\0\0\0\x78\x0e\
\0\0\0\0\0\0\x01\0\x50\0\0\0\0\0\0\0\0\0\0\0\0\0\0\0\0\xff\xff\xff\xff\xff\xff\
\xff\xff\0\0\0\0\0\0\0\0\x30\x06\0\0\0\0\0\0\x50\x07\0\0\0\0\0\0\x01\0\x58\x10\
\x0a\0\0\0\0\0\0\0\x0e\0\0\0\0\0\0\x01\0\x58\x98\x0e\0\0\0\0\0\0\x10\x13\0\0\0\
\0\0\0\x01\0\x58\0\0\0\0\0\0\0\0\0\0\0\0\0\0\0\0\xff\xff\xff\xff\xff\xff\xff\
\xff\0\0\0\0\0\0\0\0\x30\x06\0\0\0\0\0\0\x50\x07\0\0\0\0\0\0\x01\0\x57\x10\x0a\
\0\0\0\0\0\0\0\x0e\0\0\0\0\0\0\x01\0\x57\x98\x0e\0\0\0\0\0\0\x10\x13\0\0\0\0\0\
\0\x01\0\x57\0\0\0\0\0\0\0\0\0\0\0\0\0\0\0\0\xff\xff\xff\xff\xff\xff\xff\xff\0\
\0\0\0\0\0\0\0\xe0\x06\0\0\0\0\0\0\x40\x07\0\0\0\0\0\0\x01\0\x54\x10\x0a\0\0\0\
\0\0\0\xc0\x0c\0\0\0\0\0\0\x01\0\x54\0\0\0\0\0\0\0\0\0\0\0\0\0\0\0\0\xff\xff\
\xff\xff\xff\xff\xff\xff\0\0\0\0\0\0\0\0\xe0\x06\0\0\0\0\0\0\x50\x07\0\0\0\0\0\
\0\x01\0\x59\x10\x0a\0\0\0\0\0\0\0\x0e\0\0\0\0\0\0\x01\0\x59\x98\x0e\0\0\0\0\0\
\0\x10\x13\0\0\0\0\0\0\x01\0\x59\0\0\0\0\0\0\0\0\0\0\0\0\0\0\0\0\xff\xff\xff\
\xff\xff\xff\xff\xff\0\0\0\0\0\0\0\0\x10\x0a\0\0\0\0\0\0\0\x0e\0\0\0\0\0\0\x03\
\0\x79\x24\x9f\x98\x0e\0\0\0\0\0\0\x10\x13\0\0\0\0\0\0\x03\0\x79\x24\x9f\0\0\0\
\0\0\0\0\0\0\0\0\0\0\0\0\0\xff\xff\xff\xff\xff\xff\xff\xff\0\0\0\0\0\0\0\0\x10\
\x0b\0\0\0\0\0\0\0\x0e\0\0\0\0\0\0\x01\0\x56\x98\x0e\0\0\0\0\0\0\x10\x13\0\0\0\
\0\0\0\x01\0\x56\0\0\0\0\0\0\0\0\0\0\0\0\0\0\0\0\xff\xff\xff\xff\xff\xff\xff\
\xff\0\0\0\0\0\0\0\0\x20\x0b\0\0\0\0\0\0\0\x0e\0\0\0\0\0\0\x03\0\x79\x32\x9f\
\x98\x0e\0\0\0\0\0\0\x10\x13\0\0\0\0\0\0\x03\0\x79\x32\x9f\0\0\0\0\0\0\0\0\0\0\
\0\0\0\0\0\0\xff\xff\xff\xff\xff\xff\xff\xff\0\0\0\0\0\0\0\0\xd0\x0b\0\0\0\0\0\
\0\0\x0e\0\0\0\0\0\0\x03\0\x79\x22\x9f\x98\x0e\0\0\0\0\0\0\x10\x13\0\0\0\0\0\0\
\x03\0\x79\x22\x9f\0\0\0\0\0\0\0\0\0\0\0\0\0\0\0\0\xff\xff\xff\xff\xff\xff\xff\
\xff\0\0\0\0\0\0\0\0\x98\x0d\0\0\0\0\0\0\0\x0e\0\0\0\0\0\0\x01\0\x50\x98\x0e\0\
\0\0\0\0\0\x88\x0f\0\0\0\0\0\0\x01\0\x50\0\0\0\0\0\0\0\0\0\0\0\0\0\0\0\0\xff\
\xff\xff\xff\xff\xff\xff\xff\0\0\0\0\0\0\0\0\xc8\x10\0\0\0\0\0\0\xc0\x11\0\0\0\
\0\0\0\x03\0\x79\x2a\x9f\xc8\x11\0\0\0\0\0\0\x10\x13\0\0\0\0\0\0\x03\0\x79\x2a\
\x9f\0\0\0\0\0\0\0\0\0\0\0\0\0\0\0\0\xff\xff\xff\xff\xff\xff\xff\xff\0\0\0\0\0\
\0\0\0\xe0\x10\0\0\0\0\0\0\x10\x13\0\0\0\0\0\0\x03\0\x10\x30\x9f\0\0\0\0\0\0\0\
\0\0\0\0\0\0\0\0\0\xff\xff\xff\xff\xff\xff\xff\xff\0\0\0\0\0\0\0\0\x70\x11\0\0\
\0\0\0\0\x28\x12\0\0\0\0\0\0\x02\0\x30\x9f\0\0\0\0\0\0\0\0\0\0\0\0\0\0\0\0\xff\
\xff\xff\xff\xff\xff\xff\xff\0\0\0\0\0\0\0\0\x70\x11\0\0\0\0\0\0\x28\x12\0\0\0\
\0\0\0\x02\0\x44\x9f\0\0\0\0\0\0\0\0\0\0\0\0\0\0\0\0\xff\xff\xff\xff\xff\xff\
\xff\xff\0\0\0\0\0\0\0\0\x70\x11\0\0\0\0\0\0\x28\x12\0\0\0\0\0\0\x02\0\x30\x9f\
\0\0\0\0\0\0\0\0\0\0\0\0\0\0\0\0\xff\xff\xff\xff\xff\xff\xff\xff\0\0\0\0\0\0\0\
\0\x70\x11\0\0\0\0\0\0\x28\x12\0\0\0\0\0\0\x02\0\x30\x9f\0\0\0\0\0\0\0\0\0\0\0\
\0\0\0\0\0\xff\xff\xff\xff\xff\xff\xff\xff\0\0\0\0\0\0\0\0\x70\x11\0\0\0\0\0\0\
\x28\x12\0\0\0\0\0\0\x01\0\x56\0\0\0\0\0\0\0\0\0\0\0\0\0\0\0\0\xff\xff\xff\xff\
\xff\xff\xff\xff\0\0\0\0\0\0\0\0\xa0\x11\0\0\0\0\0\0\xc8\x11\0\0\0\0\0\0\x03\0\
\x70\0\x9f\xc8\x11\0\0\0\0\0\0\xd0\x11\0\0\0\0\0\0\x01\0\x50\0\0\0\0\0\0\0\0\0\
\0\0\0\0\0\0\0\xff\xff\xff\xff\xff\xff\xff\xff\0\0\0\0\0\0\0\0\xa0\x11\0\0\0\0\
\0\0\xc8\x11\0\0\0\0\0\0\x03\0\x70\0\x9f\xc8\x11\0\0\0\0\0\0\xd0\x11\0\0\0\0\0\
\0\x01\0\x50\0\0\0\0\0\0\0\0\0\0\0\0\0\0\0\0\xff\xff\xff\xff\xff\xff\xff\xff\0\
\0\0\0\0\0\0\0\xa8\x11\0\0\0\0\0\0\x98\x12\0\0\0\0\0\0\x02\0\x30\x9f\0\0\0\0\0\
\0\0\0\0\0\0\0\0\0\0\0\xff\xff\xff\xff\xff\xff\xff\xff\0\0\0\0\0\0\0\0\xa8\x11\
\0\0\0\0\0\0\x98\x12\0\0\0\0\0\0\x02\0\x30\x9f\0\0\0\0\0\0\0\0\0\0\0\0\0\0\0\0\
\xff\xff\xff\xff\xff\xff\xff\xff\0\0\0\0\0\0\0\0\xa8\x11\0\0\0\0\0\0\x98\x12\0\
\0\0\0\0\0\x01\0\x57\0\0\0\0\0\0\0\0\0\0\0\0\0\0\0\0\xff\xff\xff\xff\xff\xff\
\xff\xff\0\0\0\0\0\0\0\0\xb0\x11\0\0\0\0\0\0\xe0\x11\0\0\0\0\0\0\x01\0\x52\0\0\
\0\0\0\0\0\0\0\0\0\0\0\0\0\0\xff\xff\xff\xff\xff\xff\xff\xff\0\0\0\0\0\0\0\0\
\xd8\x11\0\0\0\0\0\0\x98\x12\0\0\0\0\0\0\x03\0\x71\x18\x9f\0\0\0\0\0\0\0\0\0\0\
\0\0\0\0\0\0\xff\xff\xff\xff\xff\xff\xff\xff\0\0\0\0\0\0\0\0\xd8\x11\0\0\0\0\0\
\0\x98\x12\0\0\0\0\0\0\x01\0\x50\0\0\0\0\0\0\0\0\0\0\0\0\0\0\0\0\xff\xff\xff\
\xff\xff\xff\xff\xff\0\0\0\0\0\0\0\0\xd8\x11\0\0\0\0\0\0\x98\x12\0\0\0\0\0\0\
\x03\0\x71\x18\x9f\0\0\0\0\0\0\0\0\0\0\0\0\0\0\0\0\xff\xff\xff\xff\xff\xff\xff\
\xff\0\0\0\0\0\0\0\0\xe8\x11\0\0\0\0\0\0\xf0\x11\0\0\0\0\0\0\x01\0\x52\0\0\0\0\
\0\0\0\0\0\0\0\0\0\0\0\0\xff\xff\xff\xff\xff\xff\xff\xff\0\0\0\0\0\0\0\0\xf8\
\x11\0\0\0\0\0\0\x30\x12\0\0\0\0\0\0\x01\0\x50\x30\x12\0\0\0\0\0\0\x38\x12\0\0\
\0\0\0\0\x01\0\x52\0\0\0\0\0\0\0\0\0\0\0\0\0\0\0\0\xff\xff\xff\xff\xff\xff\xff\
\xff\0\0\0\0\0\0\0\0\xf8\x11\0\0\0\0\0\0\x98\x12\0\0\0\0\0\0\x01\0\x50\0\0\0\0\
\0\0\0\0\0\0\0\0\0\0\0\0\xff\xff\xff\xff\xff\xff\xff\xff\0\0\0\0\0\0\0\0\x58\
\x12\0\0\0\0\0\0\x60\x12\0\0\0\0\0\0\x01\0\x52\x70\x12\0\0\0\0\0\0\x88\x12\0\0\
\0\0\0\0\x01\0\x52\x88\x12\0\0\0\0\0\0\x90\x12\0\0\0\0\0\0\x01\0\x53\0\0\0\0\0\
\0\0\0\0\0\0\0\0\0\0\0\xff\xff\xff\xff\xff\xff\xff\xff\0\0\0\0\0\0\0\0\x58\x12\
\0\0\0\0\0\0\x60\x12\0\0\0\0\0\0\x01\0\x52\0\0\0\0\0\0\0\0\0\0\0\0\0\0\0\0\x01\
\x11\x01\x25\x0e\x13\x05\x03\x0e\x10\x17\x1b\x0e\x11\x01\x55\x17\0\0\x02\x34\0\
\x03\x0e\x49\x13\x3f\x19\x3a\x0b\x3b\x0b\x02\x18\0\0\x03\x13\x01\x03\x0e\x0b\
\x0b\x3a\x0b\x3b\x0b\0\0\x04\x0d\0\x03\x0e\x49\x13\x3a\x0b\x3b\x0b\x38\x0b\0\0\
\x05\x24\0\x03\x0e\x3e\x0b\x0b\x0b\0\0\x06\x34\0\x03\x0e\x49\x13\x3f\x19\x3a\
\x0b\x3b\x05\x02\x18\0\0\x07\x01\x01\x49\x13\0\0\x08\x21\0\x49\x13\x37\x0b\0\0\
\x09\x24\0\x03\x0e\x0b\x0b\x3e\x0b\0\0\x0a\x34\0\x03\x0e\x49\x13\x3a\x0b\x3b\
\x0b\0\0\x0b\x0f\0\x49\x13\0\0\x0c\x15\x01\x49\x13\x27\x19\0\0\x0d\x05\0\x49\
\x13\0\0\x0e\x18\0\0\0\x0f\x26\0\x49\x13\0\0\x10\x16\0\x49\x13\x03\x0e\x3a\x0b\
\x3b\x0b\0\0\x11\x0f\0\0\0\x12\x26\0\0\0\x13\x34\0\x03\x0e\x49\x13\x3a\x0b\x3b\
\x05\0\0\x14\x13\x01\x03\x0e\x0b\x0b\x3a\x0b\x3b\x05\0\0\x15\x0d\0\x03\x0e\x49\
\x13\x3a\x0b\x3b\x05\x38\x0b\0\0\x16\x04\x01\x49\x13\x03\x0e\x0b\x0b\x3a\x0b\
\x3b\x05\0\0\x17\x28\0\x03\x0e\x1c\x0f\0\0\x18\x04\x01\x49\x13\x03\x0e\x0b\x0b\
\x3a\x0b\x3b\x0b\0\0\x19\x04\x01\x49\x13\x0b\x0b\x3a\x0b\x3b\x0b\0\0\x1a\x04\
\x01\x49\x13\x0b\x0b\x3a\x0b\x3b\x05\0\0\x1b\x0d\0\x03\x0e\x49\x13\x3a\x0b\x3b\
\x0b\x0b\x0b\x0d\x0b\x0c\x0b\x38\x0b\0\0\x1c\x2e\x01\x11\x01\x12\x06\x40\x18\
\x97\x42\x19\x03\x0e\x3a\x0b\x3b\x0b\x27\x19\x49\x13\x3f\x19\0\0\x1d\x05\0\x03\
\x0e\x3a\x0b\x3b\x0b\x49\x13\0\0\x1e\x0b\x01\x55\x17\0\0\x1f\x34\0\x02\x18\x03\
\x0e\x3a\x0b\x3b\x0b\x49\x13\0\0\x20\x2e\x01\x03\x0e\x3a\x0b\x3b\x05\x27\x19\
\x49\x13\x20\x0b\0\0\x21\x05\0\x03\x0e\x3a\x0b\x3b\x05\x49\x13\0\0\x22\x34\0\
\x03\x0e\x3a\x0b\x3b\x05\x49\x13\0\0\x23\x0b\x01\0\0\x24\x13\x01\x03\x0e\x0b\
\x05\x3a\x0b\x3b\x0b\0\0\x25\x0d\0\x03\x0e\x49\x13\x3a\x0b\x3b\x0b\x38\x05\0\0\
\x26\x17\x01\x0b\x0b\x3a\x0b\x3b\x0b\0\0\x27\x2e\x01\x03\x0e\x3a\x0b\x3b\x0b\
\x27\x19\x49\x13\x20\x0b\0\0\x28\x34\0\x03\x0e\x3a\x0b\x3b\x0b\x49\x13\0\0\x29\
\x2e\x01\x11\x01\x12\x06\x40\x18\x97\x42\x19\x03\x0e\x3a\x0b\x3b\x05\x27\x19\
\x49\x13\x3f\x19\0\0\x2a\x05\0\x02\x17\x03\x0e\x3a\x0b\x3b\x05\x49\x13\0\0\x2b\
\x34\0\x02\x17\x03\x0e\x3a\x0b\x3b\x05\x49\x13\0\0\x2c\x34\0\x02\x18\x03\x0e\
\x3a\x0b\x3b\x05\x49\x13\0\0\x2d\x1d\x01\x31\x13\x55\x17\x58\x0b\x59\x05\x57\
\x0b\0\0\x2e\x05\0\x02\x17\x31\x13\0\0\x2f\x34\0\x31\x13\0\0\x30\x34\0\x02\x17\
\x31\x13\0\0\x31\x0b\x01\x11\x01\x12\x06\0\0\x32\x34\0\x02\x18\x31\x13\0\0\x33\
\x05\0\x31\x13\0\0\x34\x89\x82\x01\0\x31\x13\x11\x01\0\0\x35\x2e\x01\x11\x01\
\x12\x06\x40\x18\x97\x42\x19\x03\x0e\x3a\x0b\x3b\x0b\x27\x19\x49\x13\0\0\x36\
\x05\0\x02\x17\x03\x0e\x3a\x0b\x3b\x0b\x49\x13\0\0\x37\x34\0\x02\x17\x03\x0e\
\x3a\x0b\x3b\x0b\x49\x13\0\0\x38\x1d\x01\x31\x13\x55\x17\x58\x0b\x59\x0b\x57\
\x0b\0\0\x39\x1d\x01\x31\x13\x11\x01\x12\x06\x58\x0b\x59\x0b\x57\x0b\0\0\x3a\
\x0d\0\x49\x13\x3a\x0b\x3b\x05\x38\x0b\0\0\x3b\x17\x01\x0b\x0b\x3a\x0b\x3b\x05\
\0\0\x3c\x2e\x01\x03\x0e\x3a\x0b\x3b\x0b\x27\x19\x20\x0b\0\0\0\x95\x21\0\0\x04\
\0\0\0\0\0\x08\x01\0\0\0\0\x0c\0\0\0\0\0\0\0\0\0\0\0\0\0\0\0\0\0\0\0\0\0\xc0\
\x08\0\0\x02\0\0\0\0\x3f\0\0\0\x02\x14\x09\x03\0\0\0\0\0\0\0\0\x03\0\0\0\0\x14\
\x01\x6c\x04\0\0\0\0\x84\0\0\0\x01\x6d\0\x04\0\0\0\0\x84\0\0\0\x01\x6e\x04\x04\
\0\0\0\0\x84\0\0\0\x01\x6f\x08\x04\0\0\0\0\x84\0\0\0\x01\x70\x0c\x04\0\0\0\0\
\x84\0\0\0\x01\x71\x10\0\x05\0\0\0\0\x07\x04\x02\0\0\0\0\x3f\0\0\0\x03\x0f\x09\
\x03\0\0\0\0\0\0\0\0\x02\0\0\0\0\x3f\0\0\0\x03\x15\x09\x03\0\0\0\0\0\0\0\0\x02\
\0\0\0\0\x3f\0\0\0\x03\x1d\x09\x03\0\0\0\0\0\0\0\0\x02\0\0\0\0\x3f\0\0\0\x03\
\x25\x09\x03\0\0\0\0\0\0\0\0\x02\0\0\0\0\x3f\0\0\0\x03\x2d\x09\x03\0\0\0\0\0\0\
\0\0\x06\0\0\0\0\x0a\x01\0\0\x04\xde\x01\x09\x03\0\0\0\0\0\0\0\0\x07\x16\x01\0\
\0\x08\x1d\x01\0\0\x04\0\x05\0\0\0\0\x06\x01\x09\0\0\0\0\x08\x07\x0a\0\0\0\0\
\x2f\x01\0\0\x06\xaa\x0b\x34\x01\0\0\x0c\x45\x01\0\0\x0d\x4c\x01\0\0\x0d\x56\
\x01\0\0\x0e\0\x05\0\0\0\0\x05\x08\x0b\x51\x01\0\0\x0f\x16\x01\0\0\x10\x84\0\0\
\0\0\0\0\0\x05\x1b\x0a\0\0\0\0\x6c\x01\0\0\x06\x31\x0b\x71\x01\0\0\x0c\x81\x01\
\0\0\x0d\x81\x01\0\0\x0d\x82\x01\0\0\0\x11\x0b\x87\x01\0\0\x12\x13\0\0\0\0\x94\
\x01\0\0\x06\x5e\x04\x0b\x99\x01\0\0\x0c\x45\x01\0\0\x0d\xa9\x01\0\0\x0d\x06\
\x02\0\0\0\x0b\xae\x01\0\0\x14\0\0\0\0\x18\x07\x16\x11\x15\0\0\0\0\x56\x01\0\0\
\x07\x17\x11\0\x15\0\0\0\0\x56\x01\0\0\x07\x18\x11\x04\x15\0\0\0\0\x56\x01\0\0\
\x07\x19\x11\x08\x15\0\0\0\0\x56\x01\0\0\x07\x1b\x11\x0c\x15\0\0\0\0\x56\x01\0\
\0\x07\x1c\x11\x10\x15\0\0\0\0\x56\x01\0\0\x07\x1e\x11\x14\0\x05\0\0\0\0\x05\
\x04\x13\0\0\0\0\x19\x02\0\0\x06\x06\x05\x0b\x1e\x02\0\0\x0c\x45\x01\0\0\x0d\
\x81\x01\0\0\x0d\x56\x01\0\0\x0d\x33\x02\0\0\0\x10\x3e\x02\0\0\0\0\0\0\x05\x1f\
\x05\0\0\0\0\x07\x08\x13\0\0\0\0\x51\x02\0\0\x06\x0e\x03\x0b\x56\x02\0\0\x0c\
\x75\x02\0\0\x0d\x87\x02\0\0\x0d\x56\x01\0\0\x0d\x87\x02\0\0\x0d\x56\x01\0\0\
\x0d\x97\x02\0\0\0\x10\x80\x02\0\0\0\0\0\0\x05\x1e\x05\0\0\0\0\x05\x08\x0b\x8c\
\x02\0\0\x10\x56\x01\0\0\0\0\0\0\x08\x1b\x10\x56\x01\0\0\0\0\0\0\x08\x20\x16\
\x84\0\0\0\0\0\0\0\x04\x07\x0b\x11\x17\0\0\0\0\0\x17\0\0\0\0\x01\x17\0\0\0\0\
\x02\x17\0\0\0\0\x03\x17\0\0\0\0\x04\0\x18\x84\0\0\0\0\0\0\0\x04\x09\x12\x17\0\
\0\0\0\0\x17\0\0\0\0\x01\0\x18\x84\0\0\0\0\0\0\0\x04\x0a\x09\x17\0\0\0\0\0\x17\
\0\0\0\0\x01\x17\0\0\0\0\x02\x17\0\0\0\0\x03\x17\0\0\0\0\x04\0\x19\x84\0\0\0\
\x04\x0b\x1c\x17\0\0\0\0\0\x17\0\0\0\0\x01\x17\0\0\0\0\x02\x17\0\0\0\0\x04\x17\
\0\0\0\0\x06\x17\0\0\0\0\x08\x17\0\0\0\0\x0c\x17\0\0\0\0\x11\x17\0\0\0\0\x16\
\x17\0\0\0\0\x1d\x17\0\0\0\0\x21\x17\0\0\0\0\x29\x17\0\0\0\0\x2e\x17\0\0\0\0\
\x2f\x17\0\0\0\0\x32\x17\0\0\0\0\x33\x17\0\0\0\0\x5c\x17\0\0\0\0\x5e\x17\0\0\0\
\0\x62\x17\0\0\0\0\x67\x17\0\0\0\0\x6c\x17\0\0\0\0\x84\x01\x17\0\0\0\0\x88\x01\
\x17\0\0\0\0\x89\x01\x17\0\0\0\0\xff\x01\x17\0\0\0\0\x80\x02\0\x1a\x84\0\0\0\
\x04\x07\xb5\x0f\x17\0\0\0\0\x0f\0\x0b\xd1\x03\0\0\x10\xdc\x03\0\0\0\0\0\0\x09\
\x0f\x10\xe7\x03\0\0\0\0\0\0\x05\x15\x05\0\0\0\0\x08\x01\x0b\xf3\x03\0\0\x03\0\
\0\0\0\x14\x0c\x56\x1b\0\0\0\0\xdc\x03\0\0\x0c\x58\x01\x04\x04\0\x1b\0\0\0\0\
\xdc\x03\0\0\x0c\x59\x01\x04\0\0\x04\0\0\0\0\xdc\x03\0\0\x0c\x60\x01\x04\0\0\0\
\0\x86\x04\0\0\x0c\x61\x02\x04\0\0\0\0\x86\x04\0\0\x0c\x62\x04\x04\0\0\0\0\x86\
\x04\0\0\x0c\x63\x06\x04\0\0\0\0\xdc\x03\0\0\x0c\x64\x08\x04\0\0\0\0\xdc\x03\0\
\0\x0c\x65\x09\x04\0\0\0\0\xa3\x04\0\0\x0c\x66\x0a\x04\0\0\0\0\x8c\x02\0\0\x0c\
\x67\x0c\x04\0\0\0\0\x8c\x02\0\0\x0c\x68\x10\0\x10\x91\x04\0\0\0\0\0\0\x08\x19\
\x10\x9c\x04\0\0\0\0\0\0\x05\x18\x05\0\0\0\0\x07\x02\x10\x91\x04\0\0\0\0\0\0\
\x08\x1f\x10\xb9\x04\0\0\0\0\0\0\x0e\x1a\x10\x06\x02\0\0\0\0\0\0\x0d\x29\x05\0\
\0\0\0\x07\x08\x0b\xa3\x04\0\0\x10\x56\x01\0\0\0\0\0\0\x09\x09\x10\x91\x04\0\0\
\0\0\0\0\x09\x0c\x1c\0\0\0\0\0\0\0\0\x70\0\0\0\x01\x5a\0\0\0\0\x04\x22\x06\x02\
\0\0\x1d\0\0\0\0\x04\x22\xa9\x01\0\0\x1e\0\0\0\0\x1f\x02\x91\0\0\0\0\0\x04\x25\
\x6d\x11\0\0\0\0\x20\0\0\0\0\x04\x61\x01\xd0\x04\0\0\x01\x21\0\0\0\0\x04\x61\
\x01\xa9\x01\0\0\x22\0\0\0\0\x04\x6c\x01\x81\x01\0\0\x22\0\0\0\0\x04\x69\x01\
\xd0\x04\0\0\x22\0\0\0\0\x04\x6d\x01\x81\x01\0\0\x22\0\0\0\0\x04\x66\x01\xf5\
\x05\0\0\x22\0\0\0\0\x04\x67\x01\0\x06\0\0\x22\0\0\0\0\x04\x7a\x01\xcc\x03\0\0\
\x22\0\0\0\0\x04\x65\x01\x0b\x06\0\0\x22\0\0\0\0\x04\x63\x01\xd9\x06\0\0\x22\0\
\0\0\0\x04\x64\x01\x30\x0d\0\0\x22\0\0\0\0\x04\x68\x01\x62\x11\0\0\x22\0\0\0\0\
\x04\x6a\x01\xd0\x04\0\0\x23\x22\0\0\0\0\x04\x72\x01\x6d\x11\0\0\0\x23\x22\0\0\
\0\0\x04\x7d\x01\x79\x11\0\0\0\x23\x22\0\0\0\0\x04\x82\x01\x85\x11\0\0\0\x23\
\x22\0\0\0\0\x04\x88\x01\x91\x11\0\0\0\0\x10\x33\x02\0\0\0\0\0\0\x09\x06\x10\
\xd0\x04\0\0\0\0\0\0\x0f\x07\x0b\x10\x06\0\0\x03\0\0\0\0\x08\x10\x18\x1b\0\0\0\
\0\x84\0\0\0\x10\x1b\x04\x01\x1f\0\x1b\0\0\0\0\x84\0\0\0\x10\x1c\x04\x01\x1e\0\
\x1b\0\0\0\0\x84\0\0\0\x10\x1d\x04\x01\x1d\0\x1b\0\0\0\0\x84\0\0\0\x10\x1e\x04\
\x01\x1c\0\x1b\0\0\0\0\x84\0\0\0\x10\x1f\x04\x01\x1b\0\x1b\0\0\0\0\x84\0\0\0\
\x10\x20\x04\x03\x18\0\x04\0\0\0\0\x97\x06\0\0\x10\x2c\x01\x04\0\0\0\0\xad\x06\
\0\0\x10\x30\x02\x04\0\0\0\0\xc3\x06\0\0\x10\x39\x04\0\x10\xa2\x06\0\0\0\0\0\0\
\x11\x18\x10\xe7\x03\0\0\0\0\0\0\x0d\x26\x10\xb8\x06\0\0\0\0\0\0\x11\x19\x10\
\x9c\x04\0\0\0\0\0\0\x0d\x28\x10\xce\x06\0\0\0\0\0\0\x11\x1a\x10\x84\0\0\0\0\0\
\0\0\x0d\x2a\x0b\xde\x06\0\0\x10\xe9\x06\0\0\0\0\0\0\x14\x12\x24\0\0\0\0\x58\
\x01\x14\x07\x04\0\0\0\0\x58\x07\0\0\x14\x0a\0\x04\0\0\0\0\xb0\x07\0\0\x14\x0b\
\x08\x04\0\0\0\0\xd0\x07\0\0\x14\x0c\x0c\x25\0\0\0\0\x54\x0c\0\0\x14\x0d\x28\
\x01\x25\0\0\0\0\x80\x0c\0\0\x14\x0e\x30\x01\x25\0\0\0\0\xac\x0c\0\0\x14\x0f\
\x38\x01\x25\0\0\0\0\xd8\x0c\0\0\x14\x10\x40\x01\x25\0\0\0\0\x04\x0d\0\0\x14\
\x11\x48\x01\0\x10\x63\x07\0\0\0\0\0\0\x13\x0d\x03\0\0\0\0\x06\x13\x09\x04\0\0\
\0\0\x84\x07\0\0\x13\x0b\0\x04\0\0\0\0\x91\x04\0\0\x13\x0c\x04\0\x10\x8f\x07\0\
\0\0\0\0\0\x12\x0b\x03\0\0\0\0\x04\x12\x07\x04\0\0\0\0\xdb\x04\0\0\x12\x09\0\
\x04\0\0\0\0\xdb\x04\0\0\x12\x0a\x02\0\x10\xbb\x07\0\0\0\0\0\0\x15\x0c\x03\0\0\
\0\0\x04\x15\x09\x04\0\0\0\0\xd0\x04\0\0\x15\x0b\0\0\x10\xdb\x07\0\0\0\0\0\0\
\x16\x25\x24\0\0\0\0\x1c\x01\x16\x15\x04\0\0\0\0\x84\x07\0\0\x16\x17\0\x04\0\0\
\0\0\x82\x08\0\0\x16\x18\x04\x04\0\0\0\0\xae\x08\0\0\x16\x19\x0c\x04\0\0\0\0\
\x46\x09\0\0\x16\x1a\x30\x04\0\0\0\0\x7e\x09\0\0\x16\x1b\x98\x04\0\0\0\0\xfe\
\x09\0\0\x16\x1c\xb8\x04\0\0\0\0\x2a\x0a\0\0\x16\x1d\xc0\x04\0\0\0\0\x10\x0b\0\
\0\x16\x1e\xd8\x04\0\0\0\0\x48\x0b\0\0\x16\x1f\xe6\x04\0\0\0\0\x86\x0b\0\0\x16\
\x20\xec\x04\0\0\0\0\xc4\x0b\0\0\x16\x21\xf2\x04\0\0\0\0\xf0\x0b\0\0\x16\x22\
\xfc\x25\0\0\0\0\x1c\x0c\0\0\x16\x23\x04\x01\0\x10\x8d\x08\0\0\0\0\0\0\x17\x18\
\x03\0\0\0\0\x06\x17\x14\x04\0\0\0\0\x84\x07\0\0\x17\x16\0\x04\0\0\0\0\xd1\x03\
\0\0\x17\x17\x04\0\x10\xb9\x08\0\0\0\0\0\0\x18\x15\x03\0\0\0\0\x24\x18\x0a\x04\
\0\0\0\0\x84\x07\0\0\x18\x0c\0\x1b\0\0\0\0\xd1\x03\0\0\x18\x0d\x01\x01\x07\x04\
\x1b\0\0\0\0\xd1\x03\0\0\x18\x0e\x01\x01\x06\x04\x1b\0\0\0\0\xd1\x03\0\0\x18\
\x0f\x01\x01\x05\x04\x1b\0\0\0\0\xd1\x03\0\0\x18\x10\x01\x01\x04\x04\x04\0\0\0\
\0\0\x06\0\0\x18\x11\x08\x04\0\0\0\0\xd0\x04\0\0\x18\x12\x0c\x04\0\0\0\0\x3a\
\x09\0\0\x18\x13\x10\x04\0\0\0\0\xd1\x03\0\0\x18\x14\x20\0\x07\xd1\x03\0\0\x08\
\x1d\x01\0\0\x10\0\x10\x51\x09\0\0\0\0\0\0\x19\x0d\x03\0\0\0\0\x68\x19\x08\x04\
\0\0\0\0\x84\x07\0\0\x19\x0a\0\x04\0\0\0\0\x72\x09\0\0\x19\x0b\x04\0\x07\x16\
\x01\0\0\x08\x1d\x01\0\0\x64\0\x10\x89\x09\0\0\0\0\0\0\x1a\x19\x03\0\0\0\0\x20\
\x1a\x0f\x04\0\0\0\0\x84\x07\0\0\x1a\x11\0\x1b\0\0\0\0\xd1\x03\0\0\x1a\x12\x01\
\x01\x07\x04\x1b\0\0\0\0\xd1\x03\0\0\x1a\x13\x01\x01\x06\x04\x1b\0\0\0\0\xd1\
\x03\0\0\x1a\x14\x01\x01\x05\x04\x1b\0\0\0\0\xd1\x03\0\0\x1a\x15\x01\x01\x04\
\x04\x04\0\0\0\0\xd0\x04\0\0\x1a\x16\x08\x04\0\0\0\0\x3a\x09\0\0\x1a\x17\x0c\
\x04\0\0\0\0\xd1\x03\0\0\x1a\x18\x1c\0\x10\x09\x0a\0\0\0\0\0\0\x1b\x0d\x03\0\0\
\0\0\x06\x1b\x09\x04\0\0\0\0\x84\x07\0\0\x1b\x0b\0\x04\0\0\0\0\xd1\x03\0\0\x1b\
\x0c\x04\0\x10\x35\x0a\0\0\0\0\0\0\x1c\x19\x03\0\0\0\0\x18\x1c\x09\x04\0\0\0\0\
\x84\x07\0\0\x1c\x0b\0\x1b\0\0\0\0\xd1\x03\0\0\x1c\x0c\x01\x03\x05\x04\x1b\0\0\
\0\0\xd1\x03\0\0\x1c\x0d\x01\x01\x04\x04\x1b\0\0\0\0\xd1\x03\0\0\x1c\x0e\x01\
\x01\x03\x04\x1b\0\0\0\0\xd1\x03\0\0\x1c\x0f\x01\x01\x02\x04\x1b\0\0\0\0\xd1\
\x03\0\0\x1c\x10\x01\x01\x01\x04\x1b\0\0\0\0\xd1\x03\0\0\x1c\x11\x01\x01\0\x04\
\x04\0\0\0\0\xdb\x04\0\0\x1c\x12\x06\x04\0\0\0\0\xd1\x03\0\0\x1c\x14\x08\x04\0\
\0\0\0\xec\x0a\0\0\x1c\x15\x09\x04\0\0\0\0\xf8\x0a\0\0\x1c\x16\x0b\x04\0\0\0\0\
\x04\x0b\0\0\x1c\x17\x0f\x04\0\0\0\0\xd0\x04\0\0\x1c\x18\x14\0\x07\xd1\x03\0\0\
\x08\x1d\x01\0\0\x02\0\x07\xd1\x03\0\0\x08\x1d\x01\0\0\x04\0\x07\xd1\x03\0\0\
\x08\x1d\x01\0\0\x03\0\x10\x1b\x0b\0\0\0\0\0\0\x1d\x0e\x03\0\0\0\0\x0e\x1d\x09\
\x04\0\0\0\0\x84\x07\0\0\x1d\x0b\0\x04\0\0\0\0\x3c\x0b\0\0\x1d\x0d\x04\0\x07\
\xd1\x03\0\0\x08\x1d\x01\0\0\x0a\0\x10\x53\x0b\0\0\0\0\0\0\x1e\x0e\x03\0\0\0\0\
\x06\x1e\x09\x04\0\0\0\0\x84\x07\0\0\x1e\x0b\0\x1b\0\0\0\0\xd1\x03\0\0\x1e\x0c\
\x01\x07\x01\x04\x1b\0\0\0\0\xd1\x03\0\0\x1e\x0d\x01\x01\0\x04\0\x10\x91\x0b\0\
\0\0\0\0\0\x1f\x0d\x03\0\0\0\0\x06\x1f\x08\x04\0\0\0\0\x84\x07\0\0\x1f\x0a\0\
\x1b\0\0\0\0\xd1\x03\0\0\x1f\x0b\x01\x02\x06\x04\x1b\0\0\0\0\xd1\x03\0\0\x1f\
\x0c\x01\x06\0\x04\0\x10\xcf\x0b\0\0\0\0\0\0\x20\x0d\x03\0\0\0\0\x08\x20\x09\
\x04\0\0\0\0\x84\x07\0\0\x20\x0b\0\x04\0\0\0\0\xf8\x0a\0\0\x20\x0c\x04\0\x10\
\xfb\x0b\0\0\0\0\0\0\x21\x0d\x03\0\0\0\0\x08\x21\x09\x04\0\0\0\0\x84\x07\0\0\
\x21\x0b\0\x04\0\0\0\0\xd0\x04\0\0\x21\x0c\x04\0\x10\x27\x0c\0\0\0\0\0\0\x22\
\x0e\x03\0\0\0\0\x18\x22\x09\x04\0\0\0\0\x84\x07\0\0\x22\x0b\0\x04\0\0\0\0\x48\
\x0c\0\0\x22\x0d\x04\0\x07\xd1\x03\0\0\x08\x1d\x01\0\0\x14\0\x10\x5f\x0c\0\0\0\
\0\0\0\x23\x11\x03\0\0\0\0\x06\x23\x0d\x04\0\0\0\0\x84\x07\0\0\x23\x0f\0\x04\0\
\0\0\0\xd1\x03\0\0\x23\x10\x04\0\x10\x8b\x0c\0\0\0\0\0\0\x24\x0d\x03\0\0\0\0\
\x08\x24\x09\x04\0\0\0\0\x84\x07\0\0\x24\x0b\0\x04\0\0\0\0\xd0\x04\0\0\x24\x0c\
\x04\0\x10\xb7\x0c\0\0\0\0\0\0\x25\x0d\x03\0\0\0\0\x08\x25\x09\x04\0\0\0\0\x84\
\x07\0\0\x25\x0b\0\x04\0\0\0\0\xd0\x04\0\0\x25\x0c\x04\0\x10\xe3\x0c\0\0\0\0\0\
\0\x26\x0d\x03\0\0\0\0\x08\x26\x09\x04\0\0\0\0\x84\x07\0\0\x26\x0b\0\x04\0\0\0\
\0\xd0\x04\0\0\x26\x0c\x04\0\x10\x0f\x0d\0\0\0\0\0\0\x27\x0e\x03\0\0\0\0\x0e\
\x27\x09\x04\0\0\0\0\x84\x07\0\0\x27\x0b\0\x04\0\0\0\0\x3c\x0b\0\0\x27\x0d\x04\
\0\x0b\x35\x0d\0\0\x10\x40\x0d\0\0\0\0\0\0\x28\x13\x24\0\0\0\0\x24\x02\x28\x0b\
\x04\0\0\0\0\x80\x0c\0\0\x28\x0d\0\x04\0\0\0\0\x88\x0d\0\0\x28\x0e\x08\x04\0\0\
\0\0\xf6\x0d\0\0\x28\x0f\x0c\x25\0\0\0\0\xf2\x10\0\0\x28\x10\x84\x01\x25\0\0\0\
\0\x42\x11\0\0\x28\x11\x20\x02\0\x10\x93\x0d\0\0\0\0\0\0\x29\x12\x03\0\0\0\0\
\x01\x29\x09\x1b\0\0\0\0\xd1\x03\0\0\x29\x0c\x01\x03\x05\0\x1b\0\0\0\0\xd1\x03\
\0\0\x29\x0d\x01\x01\x04\0\x1b\0\0\0\0\xd1\x03\0\0\x29\x0e\x01\x01\x03\0\x1b\0\
\0\0\0\xd1\x03\0\0\x29\x0f\x01\x01\x02\0\x1b\0\0\0\0\xd1\x03\0\0\x29\x10\x01\
\x01\x01\0\x1b\0\0\0\0\xd1\x03\0\0\x29\x11\x01\x01\0\0\0\x10\x01\x0e\0\0\0\0\0\
\0\x2a\x1c\x24\0\0\0\0\x78\x01\x2a\x11\x04\0\0\0\0\x84\x07\0\0\x2a\x13\0\x04\0\
\0\0\0\x79\x0e\0\0\x2a\x14\x04\x04\0\0\0\0\xa5\x0e\0\0\x2a\x15\x0a\x04\0\0\0\0\
\xef\x0e\0\0\x2a\x16\x14\x04\0\0\0\0\xc2\x0f\0\0\x2a\x17\x38\x04\0\0\0\0\x17\
\x10\0\0\x2a\x18\x3e\x04\0\0\0\0\x4f\x10\0\0\x2a\x19\xa3\x25\0\0\0\0\xfe\x09\0\
\0\x2a\x1a\x6e\x01\x25\0\0\0\0\xb1\x10\0\0\x2a\x1b\x74\x01\0\x10\x84\x0e\0\0\0\
\0\0\0\x0a\x1b\x03\0\0\0\0\x06\x0a\x13\x04\0\0\0\0\x84\x07\0\0\x0a\x15\0\x04\0\
\0\0\0\xd1\x03\0\0\x0a\x16\x04\0\x10\xb0\x0e\0\0\0\0\0\0\x2b\x0f\x03\0\0\0\0\
\x08\x2b\x09\x04\0\0\0\0\x84\x07\0\0\x2b\x0b\0\x1b\0\0\0\0\xd1\x03\0\0\x2b\x0c\
\x01\x04\x04\x04\x1b\0\0\0\0\xd1\x03\0\0\x2b\x0d\x01\x04\0\x04\x04\0\0\0\0\xdb\
\x04\0\0\x2b\x0e\x06\0\x10\xfa\x0e\0\0\0\0\0\0\x2c\x1e\x03\0\0\0\0\x24\x2c\x17\
\x04\0\0\0\0\x84\x07\0\0\x2c\x18\0\x04\0\0\0\0\xdb\x04\0\0\x2c\x19\x04\x04\0\0\
\0\0\xd0\x04\0\0\x2c\x1a\x08\x04\0\0\0\0\x4b\x0f\0\0\x2c\x1b\x0c\x04\0\0\0\0\
\x60\x0f\0\0\x2c\x1c\x10\x04\0\0\0\0\xdb\x04\0\0\x2c\x1d\x20\0\x03\0\0\0\0\x04\
\x0b\x55\x04\0\0\0\0\x8c\x02\0\0\x0b\x56\0\0\x03\0\0\0\0\x10\x2d\x21\x04\0\0\0\
\0\x74\x0f\0\0\x2d\x28\0\x26\x10\x2d\x22\x04\0\0\0\0\x9e\x0f\0\0\x2d\x23\0\x04\
\0\0\0\0\xaa\x0f\0\0\x2d\x25\0\x04\0\0\0\0\xb6\x0f\0\0\x2d\x26\0\0\0\x07\xdc\
\x03\0\0\x08\x1d\x01\0\0\x10\0\x07\x86\x04\0\0\x08\x1d\x01\0\0\x08\0\x07\x8c\
\x02\0\0\x08\x1d\x01\0\0\x04\0\x10\xcd\x0f\0\0\0\0\0\0\x2e\x0d\x03\0\0\0\0\x06\
\x2e\x09\x04\0\0\0\0\x84\x07\0\0\x2e\x0b\0\x04\0\0\0\0\xee\x0f\0\0\x2e\x0c\x04\
\0\x07\xfa\x0f\0\0\x08\x1d\x01\0\0\x02\0\x10\x05\x10\0\0\0\0\0\0\x09\x10\x10\
\x10\x10\0\0\0\0\0\0\x05\x14\x05\0\0\0\0\x06\x01\x10\x22\x10\0\0\0\0\0\0\x2f\
\x0e\x03\0\0\0\0\x65\x2f\x0a\x04\0\0\0\0\xd1\x03\0\0\x2f\x0c\0\x04\0\0\0\0\x43\
\x10\0\0\x2f\x0d\x01\0\x07\xfa\x0f\0\0\x08\x1d\x01\0\0\x64\0\x10\x5a\x10\0\0\0\
\0\0\0\x30\x14\x03\0\0\0\0\xcb\x30\x0c\x1b\0\0\0\0\xd1\x03\0\0\x30\x0e\x01\x03\
\x05\0\x1b\0\0\0\0\xd1\x03\0\0\x30\x0f\x01\x05\0\0\x04\0\0\0\0\xd1\x03\0\0\x30\
\x10\x01\x04\0\0\0\0\x43\x10\0\0\x30\x11\x02\x04\0\0\0\0\xd1\x03\0\0\x30\x12\
\x66\x04\0\0\0\0\x43\x10\0\0\x30\x13\x67\0\x10\xbc\x10\0\0\0\0\0\0\x31\x0e\x03\
\0\0\0\0\x01\x31\x09\x1b\0\0\0\0\xd1\x03\0\0\x31\x0b\x01\x06\x02\0\x1b\0\0\0\0\
\xd1\x03\0\0\x31\x0c\x01\x01\x01\0\x1b\0\0\0\0\xd1\x03\0\0\x31\x0d\x01\x01\0\0\
\0\x10\xfd\x10\0\0\0\0\0\0\x32\x13\x03\0\0\0\0\x9c\x32\x0c\x04\0\0\0\0\x84\x07\
\0\0\x32\x0e\0\x04\0\0\0\0\x79\x0e\0\0\x32\x0f\x04\x04\0\0\0\0\xef\x0e\0\0\x32\
\x10\x0c\x04\0\0\0\0\xc2\x0f\0\0\x32\x11\x30\x04\0\0\0\0\x17\x10\0\0\x32\x12\
\x36\0\x10\x4d\x11\0\0\0\0\0\0\x33\x0c\x03\0\0\0\0\x01\x33\x09\x04\0\0\0\0\xd1\
\x03\0\0\x33\x0b\0\0\x10\xf5\x05\0\0\0\0\0\0\x34\x12\x07\x16\x01\0\0\x08\x1d\
\x01\0\0\x14\0\x07\x16\x01\0\0\x08\x1d\x01\0\0\x2d\0\x07\x16\x01\0\0\x08\x1d\
\x01\0\0\x1f\0\x07\x16\x01\0\0\x08\x1d\x01\0\0\x31\0\x20\0\0\0\0\x04\x0e\x01\
\xd0\x04\0\0\x01\x21\0\0\0\0\x04\x0e\x01\xa9\x01\0\0\x21\0\0\0\0\x04\x0e\x01\
\xd9\x06\0\0\x21\0\0\0\0\x04\x0e\x01\xee\x03\0\0\x21\0\0\0\0\x04\x0e\x01\0\x06\
\0\0\x23\x22\0\0\0\0\x04\x1b\x01\x67\x12\0\0\0\x23\x22\0\0\0\0\x04\x1c\x01\x73\
\x12\0\0\0\x23\x22\0\0\0\0\x04\x1d\x01\x73\x12\0\0\0\x23\x22\0\0\0\0\x04\x1e\
\x01\x7f\x12\0\0\0\x23\x22\0\0\0\0\x04\x1f\x01\x7f\x12\0\0\0\x23\x22\0\0\0\0\
\x04\x20\x01\x73\x12\0\0\0\x23\x22\0\0\0\0\x04\x21\x01\x73\x12\0\0\0\x23\x22\0\
\0\0\0\x04\x23\x01\x73\x12\0\0\0\x23\x22\0\0\0\0\x04\x29\x01\x8b\x12\0\0\0\x23\
\x22\0\0\0\0\x04\x11\x01\x6d\x11\0\0\0\0\x07\x16\x01\0\0\x08\x1d\x01\0\0\x0b\0\
\x07\x16\x01\0\0\x08\x1d\x01\0\0\x09\0\x07\x16\x01\0\0\x08\x1d\x01\0\0\x0e\0\
\x07\x16\x01\0\0\x08\x1d\x01\0\0\x1e\0\x27\0\0\0\0\x02\x22\x56\x01\0\0\x01\x1d\
\0\0\0\0\x02\x22\xa9\x01\0\0\x1d\0\0\0\0\x02\x22\x56\x01\0\0\x28\0\0\0\0\x02\
\x2a\xdf\x12\0\0\x23\x28\0\0\0\0\x02\x2c\x05\x13\0\0\0\x23\x28\0\0\0\0\x02\x25\
\x11\x13\0\0\0\0\x0b\xe4\x12\0\0\x03\0\0\0\0\x10\x35\x0c\x04\0\0\0\0\x33\x02\0\
\0\x35\x0d\0\x04\0\0\0\0\x33\x02\0\0\x35\x0e\x08\0\x07\x16\x01\0\0\x08\x1d\x01\
\0\0\x18\0\x07\x16\x01\0\0\x08\x1d\x01\0\0\x17\0\x29\0\0\0\0\0\0\0\0\x68\x09\0\
\0\x01\x5a\0\0\0\0\x04\xcd\x01\x06\x02\0\0\x2a\0\0\0\0\0\0\0\0\x04\xcd\x01\xa9\
\x01\0\0\x2b\x5b\x04\0\0\0\0\0\0\x04\xd0\x01\xd0\x04\0\0\x1e\x30\0\0\0\x2c\x02\
\x91\x08\0\0\0\0\x04\xcf\x01\x8b\x12\0\0\0\x2d\x1f\x05\0\0\x60\0\0\0\x04\xd0\
\x01\x10\x2e\x46\0\0\0\x2c\x05\0\0\x2f\x38\x05\0\0\x30\x8c\0\0\0\x44\x05\0\0\
\x30\xd4\0\0\0\x50\x05\0\0\x30\x1a\x01\0\0\x5c\x05\0\0\x30\x64\x01\0\0\x68\x05\
\0\0\x30\xd3\x01\0\0\x74\x05\0\0\x30\x34\x02\0\0\x80\x05\0\0\x30\x7e\x02\0\0\
\x8c\x05\0\0\x30\x28\x04\0\0\x98\x05\0\0\x31\xc0\0\0\0\0\0\0\0\x60\0\0\0\x32\
\x02\x91\x08\xbd\x05\0\0\0\x1e\x90\0\0\0\x32\x02\x91\x08\xcb\x05\0\0\0\x31\x70\
\x02\0\0\0\0\0\0\xa0\0\0\0\x32\x02\x91\x08\xd9\x05\0\0\0\x2d\x9d\x11\0\0\xc0\0\
\0\0\x04\x87\x01\x06\x33\xaa\x11\0\0\x2e\xc4\x02\0\0\xb6\x11\0\0\x2e\x0a\x03\0\
\0\xc2\x11\0\0\x33\xce\x11\0\0\x1e\x10\x01\0\0\x32\x02\x91\x08\xdb\x11\0\0\0\
\x1e\xa0\x01\0\0\x32\x02\x91\x08\xe9\x11\0\0\0\x1e\xd0\x01\0\0\x32\x02\x91\x08\
\xf7\x11\0\0\0\x1e\0\x02\0\0\x32\x02\x91\x08\x05\x12\0\0\0\x1e\x30\x02\0\0\x32\
\x02\x91\x08\x13\x12\0\0\0\x1e\x60\x02\0\0\x32\x02\x91\x08\x21\x12\0\0\0\x1e\
\x90\x02\0\0\x32\x02\x91\x08\x2f\x12\0\0\0\x1e\xc0\x02\0\0\x32\x02\x91\x08\x3d\
\x12\0\0\0\x1e\xf0\x02\0\0\x32\x02\x91\x08\x4b\x12\0\0\0\0\x1e\x30\x03\0\0\x32\
\x02\x91\x08\xe7\x05\0\0\0\0\x2d\x97\x12\0\0\x60\x03\0\0\x04\xd1\x01\x0a\x2e\
\x54\x03\0\0\xa3\x12\0\0\x2e\x9a\x03\0\0\xae\x12\0\0\x30\xf5\x03\0\0\xb9\x12\0\
\0\x31\x90\x06\0\0\0\0\0\0\x60\0\0\0\x32\x02\x91\x08\xc5\x12\0\0\0\x31\xe0\x08\
\0\0\0\0\0\0\x88\0\0\0\x32\x02\x91\x08\xd2\x12\0\0\0\0\x34\x23\x15\0\0\xa0\x08\
\0\0\0\0\0\0\0\x35\0\0\0\0\0\0\0\0\x10\x13\0\0\x01\x5a\0\0\0\0\x04\xaa\xd0\x04\
\0\0\x36\x9b\x08\0\0\0\0\0\0\x04\xaa\xa9\x01\0\0\x36\xe1\x08\0\0\0\0\0\0\x04\
\xaa\x30\x0d\0\0\x36\x60\x09\0\0\0\0\0\0\x04\xaa\xce\x02\0\0\x28\0\0\0\0\x04\
\xac\x81\x01\0\0\x37\xcc\x09\0\0\0\0\0\0\x04\xae\x1f\x1d\0\0\x37\x38\x0a\0\0\0\
\0\0\0\x04\xad\x81\x01\0\0\x37\xa4\x0a\0\0\0\0\0\0\x04\xb1\xd1\x03\0\0\x37\xea\
\x0a\0\0\0\0\0\0\x04\xb2\xdb\x04\0\0\x28\0\0\0\0\x04\xaf\x81\x01\0\0\x31\x40\0\
\0\0\0\0\0\0\x40\0\0\0\x1f\x02\x91\x20\0\0\0\0\x04\xb8\xef\x1f\0\0\0\x31\x90\0\
\0\0\0\0\0\0\x48\0\0\0\x1f\x02\x91\x20\0\0\0\0\x04\xbe\x44\x21\0\0\0\x31\x50\
\x01\0\0\0\0\0\0\x98\0\0\0\x1f\x02\x91\x20\0\0\0\0\x04\xc9\x50\x21\0\0\0\x1e\
\x80\x06\0\0\x37\x30\x0b\0\0\0\0\0\0\x04\xce\x1f\x1d\0\0\x37\x63\x0b\0\0\0\0\0\
\0\x04\xd7\xee\x03\0\0\x31\x08\x02\0\0\0\0\0\0\x78\0\0\0\x1f\x02\x91\x20\0\0\0\
\0\x04\xcd\x38\x21\0\0\0\x38\xe4\x1c\0\0\x50\x06\0\0\x04\xdd\x0c\x33\xf0\x1c\0\
\0\x2e\x98\x0b\0\0\xfb\x1c\0\0\x30\xf1\x0b\0\0\x06\x1d\0\0\x31\xe0\x03\0\0\0\0\
\0\0\x60\0\0\0\x32\x02\x91\x20\x12\x1d\0\0\0\0\x31\x90\x07\0\0\0\0\0\0\x78\0\0\
\0\x1f\x02\x91\x20\0\0\0\0\x04\xe8\x38\x21\0\0\0\x31\x10\x08\0\0\0\0\0\0\xa8\0\
\0\0\x1f\x02\x91\x20\0\0\0\0\x04\xec\x5c\x21\0\0\0\0\x31\xd8\x04\0\0\0\0\0\0\
\xb0\0\0\0\x1f\x02\x91\x20\0\0\0\0\x04\xf0\x68\x21\0\0\0\x1e\xc0\x06\0\0\x1f\
\x02\x91\x20\0\0\0\0\x04\xf3\x74\x21\0\0\0\x38\x69\x1d\0\0\xf0\x06\0\0\x04\xf4\
\x09\x2e\x90\x0c\0\0\x75\x1d\0\0\x2e\x37\x0c\0\0\x80\x1d\0\0\x30\xe9\x0c\0\0\
\x8b\x1d\0\0\x2f\x96\x1d\0\0\x30\x2f\x0d\0\0\xa1\x1d\0\0\x30\x88\x0d\0\0\xac\
\x1d\0\0\x30\xd2\x0d\0\0\xb7\x1d\0\0\x30\x18\x0e\0\0\xc2\x1d\0\0\x30\x62\x0e\0\
\0\xcd\x1d\0\0\x30\xac\x0e\0\0\xd8\x1d\0\0\x30\xf2\x0e\0\0\xe3\x1d\0\0\x30\x3c\
\x0f\0\0\xee\x1d\0\0\x30\xbc\x10\0\0\xf9\x1d\0\0\x1e\x40\x07\0\0\x32\x02\x91\
\x20\x10\x1e\0\0\0\x31\x08\x07\0\0\0\0\0\0\x38\0\0\0\x32\x02\x91\x20\x1d\x1e\0\
\0\0\x1e\x70\x07\0\0\x32\x02\x91\x20\x2a\x1e\0\0\0\x1e\xa0\x07\0\0\x32\x02\x91\
\x20\x37\x1e\0\0\0\x31\xa0\x0d\0\0\0\0\0\0\x60\0\0\0\x32\x02\x91\x20\x44\x1e\0\
\0\0\x1e\xd0\x07\0\0\x32\x02\x91\x20\x51\x1e\0\0\0\x1e\0\x08\0\0\x32\x02\x91\
\x20\x5e\x1e\0\0\0\x1e\x30\x08\0\0\x32\x02\x91\x20\x6b\x1e\0\0\0\x38\x1f\x20\0\
\0\x60\x08\0\0\x04\x9c\x12\x2e\x0d\x10\0\0\x2b\x20\0\0\x2e\xd9\x0f\0\0\x36\x20\
\0\0\x2e\x41\x10\0\0\x41\x20\0\0\x2e\xa5\x0f\0\0\x4c\x20\0\0\x2e\x71\x0f\0\0\
\x57\x20\0\0\0\x38\x63\x20\0\0\x90\x08\0\0\x04\x9d\x03\x2e\x6c\x11\0\0\x6f\x20\
\0\0\x33\x7a\x20\0\0\x2e\x38\x11\0\0\x85\x20\0\0\x2e\x74\x10\0\0\x90\x20\0\0\
\x2e\x04\x11\0\0\x9b\x20\0\0\x2f\xa6\x20\0\0\x30\x9f\x11\0\0\xb1\x20\0\0\x30\
\x3a\x12\0\0\xbc\x20\0\0\x39\xc8\x20\0\0\xd8\x11\0\0\0\0\0\0\xc0\0\0\0\x36\x63\
\x05\x2e\xd2\x11\0\0\xd0\x20\0\0\x2e\x07\x12\0\0\xdb\x20\0\0\x39\xe7\x20\0\0\
\xf8\x11\0\0\0\0\0\0\x60\0\0\0\x36\x4d\x58\x2e\xe8\x12\0\0\xf3\x20\0\0\x2e\x6f\
\x12\0\0\xfe\x20\0\0\x30\xa2\x12\0\0\x09\x21\0\0\0\x39\x15\x21\0\0\x58\x12\0\0\
\0\0\0\0\x38\0\0\0\x36\x4d\x4a\x2e\x74\x13\0\0\x21\x21\0\0\x30\x1b\x13\0\0\x2c\
\x21\0\0\0\0\0\x31\xa0\x12\0\0\0\0\0\0\x70\0\0\0\x32\x02\x91\x20\x78\x1e\0\0\0\
\0\x31\xc0\x08\0\0\0\0\0\0\x90\0\0\0\x1f\x02\x91\x20\0\0\0\0\x04\xf8\x74\x21\0\
\0\0\x31\x58\x09\0\0\0\0\0\0\xb8\0\0\0\x1f\x02\x91\x20\0\0\0\0\x04\xfb\x80\x21\
\0\0\0\x31\x48\x04\0\0\0\0\0\0\x78\0\0\0\x1f\x02\x91\x20\0\0\0\0\x04\xff\x8c\
\x21\0\0\0\0\x20\0\0\0\0\x04\x9d\x01\xd0\x04\0\0\x01\x21\0\0\0\0\x04\x9d\x01\
\xa9\x01\0\0\x22\0\0\0\0\x04\xa8\x01\x81\x01\0\0\x22\0\0\0\0\x04\xa5\x01\xd0\
\x04\0\0\x22\0\0\0\0\x04\xa9\x01\x81\x01\0\0\x22\0\0\0\0\x04\xa2\x01\xf5\x05\0\
\0\x22\0\0\0\0\x04\xa3\x01\xd0\x04\0\0\x22\0\0\0\0\x04\xa1\x01\xee\x03\0\0\x22\
\0\0\0\0\x04\x9f\x01\xd9\x06\0\0\x22\0\0\0\0\x04\xa0\x01\x30\x0d\0\0\x22\0\0\0\
\0\x04\xa4\x01\x62\x11\0\0\x22\0\0\0\0\x04\xa6\x01\xd0\x04\0\0\x23\x22\0\0\0\0\
\x04\xae\x01\x6d\x11\0\0\0\x23\x22\0\0\0\0\x04\xb6\x01\x29\x1a\0\0\0\x23\x22\0\
\0\0\0\x04\xbb\x01\x85\x11\0\0\0\x23\x22\0\0\0\0\x04\xc3\x01\x35\x1a\0\0\0\0\
\x07\x16\x01\0\0\x08\x1d\x01\0\0\x2b\0\x07\x16\x01\0\0\x08\x1d\x01\0\0\x3c\0\
\x20\0\0\0\0\x04\x36\x01\xd0\x04\0\0\x01\x21\0\0\0\0\x04\x36\x01\xd9\x06\0\0\
\x21\0\0\0\0\x04\x36\x01\xee\x03\0\0\x23\x22\0\0\0\0\x04\x39\x01\x6d\x11\0\0\0\
\x23\x22\0\0\0\0\x04\x44\x01\x67\x12\0\0\0\x23\x22\0\0\0\0\x04\x45\x01\x73\x12\
\0\0\0\x23\x22\0\0\0\0\x04\x46\x01\x73\x12\0\0\0\x23\x22\0\0\0\0\x04\x47\x01\
\x7f\x12\0\0\0\x23\x22\0\0\0\0\x04\x48\x01\x7f\x12\0\0\0\x23\x22\0\0\0\0\x04\
\x4b\x01\x73\x12\0\0\0\x23\x22\0\0\0\0\x04\x4c\x01\x73\x12\0\0\0\x23\x22\0\0\0\
\0\x04\x52\x01\x8b\x12\0\0\0\0\x29\0\0\0\0\0\0\0\0\x80\x09\0\0\x01\x5a\0\0\0\0\
\x04\xd6\x01\x06\x02\0\0\x2a\x8e\x04\0\0\0\0\0\0\x04\xd6\x01\xa9\x01\0\0\x2b\
\x94\x07\0\0\0\0\0\0\x04\xd9\x01\xd0\x04\0\0\x1e\x90\x03\0\0\x2c\x02\x91\x08\0\
\0\0\0\x04\xd8\x01\x38\x21\0\0\0\x2d\x5f\x19\0\0\xc0\x03\0\0\x04\xd9\x01\x10\
\x2e\xd4\x04\0\0\x6c\x19\0\0\x2f\x78\x19\0\0\x30\x1a\x05\0\0\x84\x19\0\0\x30\
\x62\x05\0\0\x90\x19\0\0\x30\xa8\x05\0\0\x9c\x19\0\0\x30\xf2\x05\0\0\xa8\x19\0\
\0\x30\x4f\x06\0\0\xb4\x19\0\0\x30\xae\x06\0\0\xc0\x19\0\0\x30\x60\x07\0\0\xcc\
\x19\0\0\x31\xb8\0\0\0\0\0\0\0\x68\0\0\0\x32\x02\x91\x08\xf1\x19\0\0\0\x1e\xf0\
\x03\0\0\x32\x02\x91\x08\xff\x19\0\0\0\x31\x20\x02\0\0\0\0\0\0\xa0\0\0\0\x32\
\x02\x91\x08\x0d\x1a\0\0\0\x2d\x41\x1a\0\0\x20\x04\0\0\x04\xc0\x01\x06\x2e\x1a\
\x07\0\0\x4e\x1a\0\0\x33\x5a\x1a\0\0\x31\xd8\x02\0\0\0\0\0\0\x50\0\0\0\x32\x02\
\x91\x08\x67\x1a\0\0\0\x1e\x50\x04\0\0\x32\x02\x91\x08\x75\x1a\0\0\0\x1e\xd0\
\x04\0\0\x32\x02\x91\x08\x83\x1a\0\0\0\x1e\0\x05\0\0\x32\x02\x91\x08\x91\x1a\0\
\0\0\x1e\x30\x05\0\0\x32\x02\x91\x08\x9f\x1a\0\0\0\x1e\x60\x05\0\0\x32\x02\x91\
\x08\xad\x1a\0\0\0\x1e\x90\x05\0\0\x32\x02\x91\x08\xbb\x1a\0\0\0\x1e\xc0\x05\0\
\0\x32\x02\x91\x08\xc9\x1a\0\0\0\x31\x88\x05\0\0\0\0\0\0\x80\0\0\0\x32\x02\x91\
\x08\xd7\x1a\0\0\0\0\x1e\xf0\x05\0\0\x32\x02\x91\x08\x1b\x1a\0\0\0\0\x2d\x97\
\x12\0\0\x20\x06\0\0\x04\xda\x01\x0a\x2e\x0f\x08\0\0\xa3\x12\0\0\x2e\xc7\x07\0\
\0\xae\x12\0\0\x30\x55\x08\0\0\xb9\x12\0\0\x31\xc0\x04\0\0\0\0\0\0\x88\0\0\0\
\x32\x02\x91\x08\xd2\x12\0\0\0\x31\xa8\x08\0\0\0\0\0\0\x68\0\0\0\x32\x02\x91\
\x08\xc5\x12\0\0\0\0\x34\x23\x15\0\0\x80\x04\0\0\0\0\0\0\0\x27\0\0\0\0\x04\x30\
\xd0\x04\0\0\x01\x1d\0\0\0\0\x04\x30\xee\x03\0\0\x1d\0\0\0\0\x04\x30\x1f\x1d\0\
\0\x28\0\0\0\0\x04\x32\x81\x01\0\0\x23\x28\0\0\0\0\x04\x36\x5d\x1d\0\0\0\0\x0b\
\x24\x1d\0\0\x03\0\0\0\0\x0e\x37\xa3\x04\0\0\0\0\x51\x1d\0\0\x37\xa4\0\x04\0\0\
\0\0\x51\x1d\0\0\x37\xa5\x06\x04\0\0\0\0\x86\x04\0\0\x37\xa6\x0c\0\x07\xe7\x03\
\0\0\x08\x1d\x01\0\0\x06\0\x07\x16\x01\0\0\x08\x1d\x01\0\0\x11\0\x27\0\0\0\0\
\x04\x3d\xd0\x04\0\0\x01\x1d\0\0\0\0\x04\x3d\xa9\x01\0\0\x1d\0\0\0\0\x04\x3d\
\x30\x0d\0\0\x28\0\0\0\0\x04\x43\x81\x01\0\0\x28\0\0\0\0\x04\x42\x81\x01\0\0\
\x28\0\0\0\0\x04\x40\x1f\x1d\0\0\x28\0\0\0\0\x04\x57\x1f\x1d\0\0\x28\0\0\0\0\
\x04\x41\xee\x03\0\0\x28\0\0\0\0\x04\x62\xee\x03\0\0\x28\0\0\0\0\x04\x78\x85\
\x1e\0\0\x28\0\0\0\0\x04\x44\x81\x01\0\0\x28\0\0\0\0\x04\x90\x0b\x06\0\0\x28\0\
\0\0\0\x04\x95\xd1\x03\0\0\x28\0\0\0\0\x04\x9c\x97\x02\0\0\x28\0\0\0\0\x04\x45\
\xc3\x1e\0\0\x23\x28\0\0\0\0\x04\x3f\x8b\x12\0\0\0\x23\x28\0\0\0\0\x04\x52\xef\
\x1f\0\0\0\x23\x28\0\0\0\0\x04\x82\xfb\x1f\0\0\0\x23\x28\0\0\0\0\x04\x83\xfb\
\x1f\0\0\0\x23\x28\0\0\0\0\x04\x86\x5d\x1d\0\0\0\x23\x28\0\0\0\0\x04\x8b\xfb\
\x1f\0\0\0\x23\x28\0\0\0\0\x04\x8c\xfb\x1f\0\0\0\x23\x28\0\0\0\0\x04\x8d\x07\
\x20\0\0\0\x23\x28\0\0\0\0\x04\x9f\x13\x20\0\0\0\0\x0b\x8a\x1e\0\0\x03\0\0\0\0\
\x08\x38\x17\x04\0\0\0\0\x86\x04\0\0\x38\x18\0\x04\0\0\0\0\x86\x04\0\0\x38\x19\
\x02\x04\0\0\0\0\x86\x04\0\0\x38\x1a\x04\x04\0\0\0\0\xa3\x04\0\0\x38\x1b\x06\0\
\x14\0\0\0\0\x40\x07\x67\x13\x15\0\0\0\0\xdc\x03\0\0\x07\x6b\x13\0\x15\0\0\0\0\
\xdc\x03\0\0\x07\x6e\x13\x01\x15\0\0\0\0\x86\x04\0\0\x07\x6f\x13\x02\x15\0\0\0\
\0\x86\x04\0\0\x07\x70\x13\x04\x15\0\0\0\0\x91\x04\0\0\x07\x73\x13\x06\x15\0\0\
\0\0\x56\x01\0\0\x07\x78\x13\x08\x3a\x23\x1f\0\0\x07\x7a\x13\x0c\x3b\x04\x07\
\x7a\x13\x15\0\0\0\0\xdc\x03\0\0\x07\x7c\x13\0\x15\0\0\0\0\x8c\x02\0\0\x07\x7d\
\x13\0\x15\0\0\0\0\x56\x01\0\0\x07\x80\x13\0\0\x3a\x59\x1f\0\0\x07\x83\x13\x10\
\x3b\x10\x07\x83\x13\x15\0\0\0\0\x8c\x02\0\0\x07\x84\x13\0\x15\0\0\0\0\xd7\x1f\
\0\0\x07\x85\x13\0\0\x3a\x82\x1f\0\0\x07\x8c\x13\x20\x3b\x10\x07\x8c\x13\x15\0\
\0\0\0\x8c\x02\0\0\x07\x8d\x13\0\x15\0\0\0\0\xd7\x1f\0\0\x07\x8e\x13\0\0\x15\0\
\0\0\0\x86\x04\0\0\x07\x92\x13\x30\x15\0\0\0\0\x86\x04\0\0\x07\x93\x13\x32\x15\
\0\0\0\0\xe3\x1f\0\0\x07\x94\x13\x34\x15\0\0\0\0\xe3\x1f\0\0\x07\x95\x13\x3a\0\
\x07\x56\x01\0\0\x08\x1d\x01\0\0\x04\0\x07\xdc\x03\0\0\x08\x1d\x01\0\0\x06\0\
\x07\x16\x01\0\0\x08\x1d\x01\0\0\x10\0\x07\x16\x01\0\0\x08\x1d\x01\0\0\x1a\0\
\x07\x16\x01\0\0\x08\x1d\x01\0\0\x1b\0\x07\x16\x01\0\0\x08\x1d\x01\0\0\x19\0\
\x27\0\0\0\0\x36\x72\x97\x02\0\0\x01\x1d\0\0\0\0\x36\x72\x87\x02\0\0\x1d\0\0\0\
\0\x36\x72\xd0\x04\0\0\x1d\0\0\0\0\x36\x72\x87\x02\0\0\x1d\0\0\0\0\x36\x73\xd0\
\x04\0\0\x1d\0\0\0\0\x36\x73\x97\x02\0\0\0\x27\0\0\0\0\x36\x4f\x06\x02\0\0\x01\
\x1d\0\0\0\0\x36\x4f\xa9\x01\0\0\x1d\0\0\0\0\x36\x4f\xd0\x04\0\0\x1d\0\0\0\0\
\x36\x4f\xd0\x04\0\0\x1d\0\0\0\0\x36\x4f\xd0\x04\0\0\x1d\0\0\0\0\x36\x4f\xd0\
\x04\0\0\x28\0\0\0\0\x36\x59\x81\x01\0\0\x28\0\0\0\0\x36\x5a\x81\x01\0\0\x28\0\
\0\0\0\x36\x51\xcb\x04\0\0\0\x3c\0\0\0\0\x36\x4d\x01\x1d\0\0\0\0\x36\x4d\xcb\
\x04\0\0\x1d\0\0\0\0\x36\x4d\x97\x02\0\0\0\x27\0\0\0\0\x36\x3c\x97\x02\0\0\x01\
\x1d\0\0\0\0\x36\x3c\x97\x02\0\0\x1d\0\0\0\0\x36\x3c\x97\x02\0\0\x28\0\0\0\0\
\x36\x3e\xd0\x04\0\0\0\x27\0\0\0\0\x36\x34\xa3\x04\0\0\x01\x1d\0\0\0\0\x36\x34\
\x97\x02\0\0\x28\0\0\0\0\x36\x36\xd0\x04\0\0\0\x07\x16\x01\0\0\x08\x1d\x01\0\0\
\x20\0\x07\x16\x01\0\0\x08\x1d\x01\0\0\x0d\0\x07\x16\x01\0\0\x08\x1d\x01\0\0\
\x28\0\x07\x16\x01\0\0\x08\x1d\x01\0\0\x2c\0\x07\x16\x01\0\0\x08\x1d\x01\0\0\
\x29\0\x07\x16\x01\0\0\x08\x1d\x01\0\0\x24\0\x07\x16\x01\0\0\x08\x1d\x01\0\0\
\x2e\0\x07\x16\x01\0\0\x08\x1d\x01\0\0\x15\0\0\x08\0\0\0\0\0\0\0\x48\0\0\0\0\0\
\0\0\x50\0\0\0\0\0\0\0\x60\0\0\0\0\0\0\0\0\0\0\0\0\0\0\0\0\0\0\0\0\0\0\0\x10\0\
\0\0\0\0\0\0\x78\0\0\0\0\0\0\0\x80\0\0\0\0\0\0\0\x90\0\0\0\0\0\0\0\0\0\0\0\0\0\
\0\0\0\0\0\0\0\0\0\0\x90\0\0\0\0\0\0\0\xd0\x05\0\0\0\0\0\0\x08\x07\0\0\0\0\0\0\
\xd0\x08\0\0\0\0\0\0\0\0\0\0\0\0\0\0\0\0\0\0\0\0\0\0\x88\x01\0\0\0\0\0\0\x20\
\x02\0\0\0\0\0\0\x28\x02\0\0\0\0\0\0\x40\x02\0\0\0\0\0\0\0\0\0\0\0\0\0\0\0\0\0\
\0\0\0\0\0\x18\x03\0\0\0\0\0\0\xd0\x05\0\0\0\0\0\0\x08\x07\0\0\0\0\0\0\x90\x07\
\0\0\0\0\0\0\x40\x08\0\0\0\0\0\0\x48\x08\0\0\0\0\0\0\xa8\x08\0\0\0\0\0\0\xb8\
\x08\0\0\0\0\0\0\0\0\0\0\0\0\0\0\0\0\0\0\0\0\0\0\x70\x03\0\0\0\0\0\0\xc8\x03\0\
\0\0\0\0\0\xf8\x03\0\0\0\0\0\0\0\x04\0\0\0\0\0\0\x38\x04\0\0\0\0\0\0\x40\x04\0\
\0\0\0\0\0\x90\x04\0\0\0\0\0\0\x98\x04\0\0\0\0\0\0\xe0\x04\0\0\0\0\0\0\xe8\x04\
\0\0\0\0\0\0\x28\x05\0\0\0\0\0\0\x30\x05\0\0\0\0\0\0\x70\x05\0\0\0\0\0\0\x78\
\x05\0\0\0\0\0\0\xb8\x05\0\0\0\0\0\0\xc0\x05\0\0\0\0\0\0\0\0\0\0\0\0\0\0\0\0\0\
\0\0\0\0\0\xc8\x03\0\0\0\0\0\0\xf8\x03\0\0\0\0\0\0\0\x04\0\0\0\0\0\0\x18\x04\0\
\0\0\0\0\0\0\0\0\0\0\0\0\0\0\0\0\0\0\0\0\0\x18\x04\0\0\0\0\0\0\x38\x04\0\0\0\0\
\0\0\x40\x04\0\0\0\0\0\0\x58\x04\0\0\0\0\0\0\0\0\0\0\0\0\0\0\0\0\0\0\0\0\0\0\
\x58\x04\0\0\0\0\0\0\x90\x04\0\0\0\0\0\0\x98\x04\0\0\0\0\0\0\xb0\x04\0\0\0\0\0\
\0\0\0\0\0\0\0\0\0\0\0\0\0\0\0\0\0\xb0\x04\0\0\0\0\0\0\xe0\x04\0\0\0\0\0\0\xe8\
\x04\0\0\0\0\0\0\0\x05\0\0\0\0\0\0\0\0\0\0\0\0\0\0\0\0\0\0\0\0\0\0\0\x05\0\0\0\
\0\0\0\x28\x05\0\0\0\0\0\0\x30\x05\0\0\0\0\0\0\x48\x05\0\0\0\0\0\0\0\0\0\0\0\0\
\0\0\0\0\0\0\0\0\0\0\x48\x05\0\0\0\0\0\0\x70\x05\0\0\0\0\0\0\x78\x05\0\0\0\0\0\
\0\x88\x05\0\0\0\0\0\0\0\0\0\0\0\0\0\0\0\0\0\0\0\0\0\0\x88\x05\0\0\0\0\0\0\xb8\
\x05\0\0\0\0\0\0\xc0\x05\0\0\0\0\0\0\xd0\x05\0\0\0\0\0\0\0\0\0\0\0\0\0\0\0\0\0\
\0\0\0\0\0\x08\x07\0\0\0\0\0\0\x90\x07\0\0\0\0\0\0\x40\x08\0\0\0\0\0\0\x48\x08\
\0\0\0\0\0\0\xa8\x08\0\0\0\0\0\0\xb8\x08\0\0\0\0\0\0\0\0\0\0\0\0\0\0\0\0\0\0\0\
\0\0\0\x90\x07\0\0\0\0\0\0\x40\x08\0\0\0\0\0\0\x48\x08\0\0\0\0\0\0\x58\x08\0\0\
\0\0\0\0\0\0\0\0\0\0\0\0\0\0\0\0\0\0\0\0\xe8\x05\0\0\0\0\0\0\xf0\x06\0\0\0\0\0\
\0\xd0\x08\0\0\0\0\0\0\x68\x09\0\0\0\0\0\0\0\0\0\0\0\0\0\0\0\0\0\0\0\0\0\0\x18\
\0\0\0\0\0\0\0\x70\0\0\0\0\0\0\0\x78\0\0\0\0\0\0\0\x88\0\0\0\0\0\0\0\0\0\0\0\0\
\0\0\0\0\0\0\0\0\0\0\0\x88\0\0\0\0\0\0\0\xb0\x04\0\0\0\0\0\0\x48\x05\0\0\0\0\0\
\0\x60\x08\0\0\0\0\0\0\0\0\0\0\0\0\0\0\0\0\0\0\0\0\0\0\x38\x01\0\0\0\0\0\0\xd0\
\x01\0\0\0\0\0\0\xd8\x01\0\0\0\0\0\0\xf0\x01\0\0\0\0\0\0\0\0\0\0\0\0\0\0\0\0\0\
\0\0\0\0\0\xc8\x02\0\0\0\0\0\0\x30\x03\0\0\0\0\0\0\x48\x05\0\0\0\0\0\0\x60\x08\
\0\0\0\0\0\0\0\0\0\0\0\0\0\0\0\0\0\0\0\0\0\0\x10\x06\0\0\0\0\0\0\x60\x06\0\0\0\
\0\0\0\x88\x06\0\0\0\0\0\0\x98\x06\0\0\0\0\0\0\xe8\x06\0\0\0\0\0\0\xf0\x06\0\0\
\0\0\0\0\x40\x07\0\0\0\0\0\0\x48\x07\0\0\0\0\0\0\xa8\x07\0\0\0\0\0\0\xb0\x07\0\
\0\0\0\0\0\xf8\x07\0\0\0\0\0\0\0\x08\0\0\0\0\0\0\x48\x08\0\0\0\0\0\0\x50\x08\0\
\0\0\0\0\0\0\0\0\0\0\0\0\0\0\0\0\0\0\0\0\0\x60\x06\0\0\0\0\0\0\x88\x06\0\0\0\0\
\0\0\x98\x06\0\0\0\0\0\0\xb0\x06\0\0\0\0\0\0\0\0\0\0\0\0\0\0\0\0\0\0\0\0\0\0\
\xb0\x06\0\0\0\0\0\0\xe8\x06\0\0\0\0\0\0\xf0\x06\0\0\0\0\0\0\x08\x07\0\0\0\0\0\
\0\0\0\0\0\0\0\0\0\0\0\0\0\0\0\0\0\x08\x07\0\0\0\0\0\0\x40\x07\0\0\0\0\0\0\x48\
\x07\0\0\0\0\0\0\x60\x07\0\0\0\0\0\0\0\0\0\0\0\0\0\0\0\0\0\0\0\0\0\0\x60\x07\0\
\0\0\0\0\0\xa8\x07\0\0\0\0\0\0\xb0\x07\0\0\0\0\0\0\xc0\x07\0\0\0\0\0\0\0\0\0\0\
\0\0\0\0\0\0\0\0\0\0\0\0\xc0\x07\0\0\0\0\0\0\xf8\x07\0\0\0\0\0\0\0\x08\0\0\0\0\
\0\0\x10\x08\0\0\0\0\0\0\0\0\0\0\0\0\0\0\0\0\0\0\0\0\0\0\x10\x08\0\0\0\0\0\0\
\x48\x08\0\0\0\0\0\0\x50\x08\0\0\0\0\0\0\x60\x08\0\0\0\0\0\0\0\0\0\0\0\0\0\0\0\
\0\0\0\0\0\0\0\x68\x03\0\0\0\0\0\0\x40\x04\0\0\0\0\0\0\x48\x04\0\0\0\0\0\0\x60\
\x04\0\0\0\0\0\0\0\0\0\0\0\0\0\0\0\0\0\0\0\0\0\0\xb0\x04\0\0\0\0\0\0\x48\x05\0\
\0\0\0\0\0\x70\x08\0\0\0\0\0\0\x70\x09\0\0\0\0\0\0\0\0\0\0\0\0\0\0\0\0\0\0\0\0\
\0\0\xa8\x03\0\0\0\0\0\0\x40\x04\0\0\0\0\0\0\0\x0e\0\0\0\0\0\0\x60\x0e\0\0\0\0\
\0\0\0\0\0\0\0\0\0\0\0\0\0\0\0\0\0\0\x08\x02\0\0\0\0\0\0\x40\x04\0\0\0\0\0\0\
\x90\x07\0\0\0\0\0\0\xb8\x08\0\0\0\0\0\0\0\x0e\0\0\0\0\0\0\x98\x0e\0\0\0\0\0\0\
\0\0\0\0\0\0\0\0\0\0\0\0\0\0\0\0\xa0\x05\0\0\0\0\0\0\x30\x06\0\0\0\0\0\0\x98\
\x06\0\0\0\0\0\0\xa0\x06\0\0\0\0\0\0\0\0\0\0\0\0\0\0\0\0\0\0\0\0\0\0\x30\x06\0\
\0\0\0\0\0\x98\x06\0\0\0\0\0\0\xa0\x06\0\0\0\0\0\0\x50\x07\0\0\0\0\0\0\x10\x0a\
\0\0\0\0\0\0\0\x0e\0\0\0\0\0\0\x98\x0e\0\0\0\0\0\0\x10\x13\0\0\0\0\0\0\0\0\0\0\
\0\0\0\0\0\0\0\0\0\0\0\0\x30\x06\0\0\0\0\0\0\x98\x06\0\0\0\0\0\0\xa0\x06\0\0\0\
\0\0\0\xb0\x06\0\0\0\0\0\0\0\0\0\0\0\0\0\0\0\0\0\0\0\0\0\0\x60\x0c\0\0\0\0\0\0\
\xd0\x0c\0\0\0\0\0\0\xd8\x0c\0\0\0\0\0\0\xe8\x0c\0\0\0\0\0\0\0\0\0\0\0\0\0\0\0\
\0\0\0\0\0\0\0\xe8\x0c\0\0\0\0\0\0\x60\x0d\0\0\0\0\0\0\x68\x0d\0\0\0\0\0\0\x78\
\x0d\0\0\0\0\0\0\0\0\0\0\0\0\0\0\0\0\0\0\0\0\0\0\0\x0f\0\0\0\0\0\0\x70\x0f\0\0\
\0\0\0\0\x78\x0f\0\0\0\0\0\0\x88\x0f\0\0\0\0\0\0\0\0\0\0\0\0\0\0\0\0\0\0\0\0\0\
\0\x88\x0f\0\0\0\0\0\0\0\x10\0\0\0\0\0\0\x08\x10\0\0\0\0\0\0\x18\x10\0\0\0\0\0\
\0\0\0\0\0\0\0\0\0\0\0\0\0\0\0\0\0\x18\x10\0\0\0\0\0\0\xa0\x10\0\0\0\0\0\0\xa8\
\x10\0\0\0\0\0\0\xb8\x10\0\0\0\0\0\0\0\0\0\0\0\0\0\0\0\0\0\0\0\0\0\0\x70\x11\0\
\0\0\0\0\0\xa0\x11\0\0\0\0\0\0\xc8\x11\0\0\0\0\0\0\xd8\x11\0\0\0\0\0\0\0\0\0\0\
\0\0\0\0\0\0\0\0\0\0\0\0\xa0\x11\0\0\0\0\0\0\xc8\x11\0\0\0\0\0\0\xd8\x11\0\0\0\
\0\0\0\x98\x12\0\0\0\0\0\0\0\0\0\0\0\0\0\0\0\0\0\0\0\0\0\0\0\0\0\0\0\0\0\0\x70\
\0\0\0\0\0\0\0\0\0\0\0\0\0\0\0\x68\x09\0\0\0\0\0\0\0\0\0\0\0\0\0\0\x80\x09\0\0\
\0\0\0\0\0\0\0\0\0\0\0\0\x10\x13\0\0\0\0\0\0\0\0\0\0\0\0\0\0\0\0\0\0\0\0\0\0\
\x9f\xeb\x01\0\x18\0\0\0\0\0\0\0\x28\x08\0\0\x28\x08\0\0\x4d\x20\0\0\0\0\0\0\0\
\0\0\x02\x02\0\0\0\x01\0\0\0\x06\0\0\x04\x18\0\0\0\x08\0\0\0\x03\0\0\0\0\0\0\0\
\x0d\0\0\0\x03\0\0\0\x20\0\0\0\x16\0\0\0\x03\0\0\0\x40\0\0\0\x20\0\0\0\x03\0\0\
\0\x60\0\0\0\x30\0\0\0\x03\0\0\0\x80\0\0\0\x3f\0\0\0\x03\0\0\0\xa0\0\0\0\x4e\0\
\0\0\0\0\0\x08\x04\0\0\0\x54\0\0\0\0\0\0\x01\x04\0\0\0\x20\0\0\0\0\0\0\0\x01\0\
\0\x0d\x06\0\0\0\x61\0\0\0\x01\0\0\0\x67\0\0\0\0\0\0\x01\x04\0\0\0\x20\0\0\x01\
\x6b\0\0\0\x01\0\0\x0c\x05\0\0\0\0\0\0\0\x01\0\0\x0d\x06\0\0\0\x61\0\0\0\x01\0\
\0\0\x2f\x01\0\0\x01\0\0\x0c\x08\0\0\0\0\0\0\0\x01\0\0\x0d\x06\0\0\0\x61\0\0\0\
\x01\0\0\0\x24\x09\0\0\x01\0\0\x0c\x0a\0\0\0\0\0\0\0\0\0\0\x02\x0d\0\0\0\xbc\
\x0c\0\0\0\0\0\x08\x0e\0\0\0\xc8\x0c\0\0\x05\0\0\x04\x24\x02\0\0\xd3\x0c\0\0\
\x0f\0\0\0\0\0\0\0\xda\x0c\0\0\x17\0\0\0\x40\0\0\0\xe7\x0c\0\0\x1c\0\0\0\x60\0\
\0\0\xfd\x0c\0\0\x3c\0\0\0\x20\x0c\0\0\x14\x0d\0\0\x3e\0\0\0\0\x11\0\0\x1b\x0d\
\0\0\0\0\0\x08\x10\0\0\0\x25\x0d\0\0\x02\0\0\x04\x08\0\0\0\x2e\x0d\0\0\x11\0\0\
\0\0\0\0\0\xd3\x0c\0\0\x16\0\0\0\x20\0\0\0\x33\x0d\0\0\0\0\0\x08\x12\0\0\0\x3e\
\x0d\0\0\x02\0\0\x04\x04\0\0\0\x46\x0d\0\0\x13\0\0\0\0\0\0\0\x4b\x0d\0\0\x13\0\
\0\0\x10\0\0\0\x52\x0d\0\0\0\0\0\x08\x14\0\0\0\x56\x0d\0\0\0\0\0\x08\x15\0\0\0\
\x5c\x0d\0\0\0\0\0\x01\x02\0\0\0\x10\0\0\0\x6b\x0d\0\0\0\0\0\x08\x03\0\0\0\x6f\
\x0d\0\0\0\0\0\x08\x18\0\0\0\x7f\x0d\0\0\x06\0\0\x84\x01\0\0\0\x8e\x0d\0\0\x19\
\0\0\0\0\0\0\x03\x94\x0d\0\0\x19\0\0\0\x03\0\0\x01\x99\x0d\0\0\x19\0\0\0\x04\0\
\0\x01\x9e\x0d\0\0\x19\0\0\0\x05\0\0\x01\xa3\x0d\0\0\x19\0\0\0\x06\0\0\x01\xa8\
\x0d\0\0\x19\0\0\0\x07\0\0\x01\xad\x0d\0\0\0\0\0\x08\x1a\0\0\0\xb0\x0d\0\0\0\0\
\0\x08\x1b\0\0\0\xb5\x0d\0\0\0\0\0\x01\x01\0\0\0\x08\0\0\0\xc3\x0d\0\0\0\0\0\
\x08\x1d\0\0\0\xdc\x0d\0\0\x09\0\0\x04\x78\x01\0\0\x2e\x0d\0\0\x11\0\0\0\0\0\0\
\0\xf4\x0d\0\0\x1e\0\0\0\x20\0\0\0\x0a\x0e\0\0\x20\0\0\0\x50\0\0\0\x1f\x0e\0\0\
\x22\0\0\0\xa0\0\0\0\x35\x0e\0\0\x2d\0\0\0\xc0\x01\0\0\x4d\x0e\0\0\x33\0\0\0\
\xf0\x01\0\0\x5f\x0e\0\0\x36\0\0\0\x18\x05\0\0\x71\x0e\0\0\x38\0\0\0\x70\x0b\0\
\0\x85\x0e\0\0\x3a\0\0\0\xa0\x0b\0\0\x8e\x0e\0\0\0\0\0\x08\x1f\0\0\0\xa7\x0e\0\
\0\x02\0\0\x04\x06\0\0\0\x2e\x0d\0\0\x11\0\0\0\0\0\0\0\xbf\x0e\0\0\x19\0\0\0\
\x20\0\0\0\xcf\x0e\0\0\0\0\0\x08\x21\0\0\0\xe7\x0e\0\0\x04\0\0\x84\x08\0\0\0\
\x2e\x0d\0\0\x11\0\0\0\0\0\0\0\xfe\x0e\0\0\x19\0\0\0\x20\0\0\x04\x8e\x0d\0\0\
\x19\0\0\0\x24\0\0\x04\x14\x0f\0\0\x13\0\0\0\x30\0\0\0\x33\x0f\0\0\0\0\0\x08\
\x23\0\0\0\x4c\x0f\0\0\x06\0\0\x04\x24\0\0\0\x2e\x0d\0\0\x11\0\0\0\0\0\0\0\x64\
\x0f\0\0\x13\0\0\0\x20\0\0\0\x86\x0f\0\0\x16\0\0\0\x40\0\0\0\x8b\x0f\0\0\x24\0\
\0\0\x60\0\0\0\x98\x0f\0\0\x26\0\0\0\x80\0\0\0\xa5\x0f\0\0\x13\0\0\0\0\x01\0\0\
\xb1\x0f\0\0\x01\0\0\x04\x04\0\0\0\xb9\x0f\0\0\x25\0\0\0\0\0\0\0\xc0\x0f\0\0\0\
\0\0\x08\x03\0\0\0\xc7\x0f\0\0\x01\0\0\x04\x10\0\0\0\xd0\x0f\0\0\x27\0\0\0\0\0\
\0\0\0\0\0\0\x03\0\0\x05\x10\0\0\0\xd6\x0f\0\0\x28\0\0\0\0\0\0\0\xdf\x0f\0\0\
\x2b\0\0\0\0\0\0\0\xe9\x0f\0\0\x2c\0\0\0\0\0\0\0\0\0\0\0\0\0\0\x03\0\0\0\0\x1a\
\0\0\0\x29\0\0\0\x10\0\0\0\xf3\x0f\0\0\0\0\0\x01\x04\0\0\0\x20\0\0\0\x07\x10\0\
\0\0\0\0\x08\x14\0\0\0\0\0\0\0\0\0\0\x03\0\0\0\0\x2a\0\0\0\x29\0\0\0\x08\0\0\0\
\0\0\0\0\0\0\0\x03\0\0\0\0\x25\0\0\0\x29\0\0\0\x04\0\0\0\x0e\x10\0\0\0\0\0\x08\
\x2e\0\0\0\x29\x10\0\0\x02\0\0\x04\x06\0\0\0\x2e\x0d\0\0\x11\0\0\0\0\0\0\0\x35\
\x0e\0\0\x32\0\0\0\x20\0\0\0\x43\x10\0\0\0\0\0\x08\x30\0\0\0\x46\x10\0\0\0\0\0\
\x08\x31\0\0\0\x4b\x10\0\0\0\0\0\x01\x01\0\0\0\x08\0\0\x01\0\0\0\0\0\0\0\x03\0\
\0\0\0\x2f\0\0\0\x29\0\0\0\x02\0\0\0\x57\x10\0\0\0\0\0\x08\x34\0\0\0\x6c\x10\0\
\0\x02\0\0\x04\x65\0\0\0\x80\x10\0\0\x19\0\0\0\0\0\0\0\xa4\x10\0\0\x35\0\0\0\
\x08\0\0\0\0\0\0\0\0\0\0\x03\0\0\0\0\x2f\0\0\0\x29\0\0\0\x64\0\0\0\xc1\x10\0\0\
\0\0\0\x08\x37\0\0\0\xd6\x10\0\0\x06\0\0\x84\xcb\0\0\0\x8e\x0d\0\0\x19\0\0\0\0\
\0\0\x03\xea\x10\0\0\x19\0\0\0\x03\0\0\x05\xf6\x10\0\0\x19\0\0\0\x08\0\0\0\x12\
\x11\0\0\x35\0\0\0\x10\0\0\0\x24\x11\0\0\x19\0\0\0\x30\x03\0\0\x41\x11\0\0\x35\
\0\0\0\x38\x03\0\0\x54\x11\0\0\0\0\0\x08\x39\0\0\0\x71\x0e\0\0\x02\0\0\x04\x06\
\0\0\0\x2e\x0d\0\0\x11\0\0\0\0\0\0\0\x71\x0e\0\0\x19\0\0\0\x20\0\0\0\x6b\x11\0\
\0\0\0\0\x08\x3b\0\0\0\x77\x11\0\0\x03\0\0\x84\x01\0\0\0\x8e\x0d\0\0\x19\0\0\0\
\0\0\0\x06\x82\x11\0\0\x19\0\0\0\x06\0\0\x01\x86\x11\0\0\x19\0\0\0\x07\0\0\x01\
\x8a\x11\0\0\0\0\0\x08\x3d\0\0\0\xa4\x11\0\0\x05\0\0\x04\x9c\0\0\0\x2e\x0d\0\0\
\x11\0\0\0\0\0\0\0\xf4\x0d\0\0\x1e\0\0\0\x20\0\0\0\x1f\x0e\0\0\x22\0\0\0\x60\0\
\0\0\x35\x0e\0\0\x2d\0\0\0\x80\x01\0\0\x4d\x0e\0\0\x33\0\0\0\xb0\x01\0\0\xbd\
\x11\0\0\0\0\0\x08\x3f\0\0\0\xc7\x11\0\0\x01\0\0\x04\x01\0\0\0\x14\x0d\0\0\x19\
\0\0\0\0\0\0\0\xd0\x11\0\0\x02\0\0\x06\x04\0\0\0\xde\x11\0\0\0\0\0\0\xe7\x11\0\
\0\x01\0\0\0\0\0\0\0\x03\0\0\x0d\x16\0\0\0\x61\0\0\0\x01\0\0\0\xee\x11\0\0\x0c\
\0\0\0\xf4\x11\0\0\x40\0\0\0\xfe\x11\0\0\0\0\0\x0c\x41\0\0\0\xb4\x1f\0\0\x05\0\
\0\x04\x14\0\0\0\x46\x0d\0\0\x04\0\0\0\0\0\0\0\xc0\x1f\0\0\x04\0\0\0\x20\0\0\0\
\xc9\x1f\0\0\x04\0\0\0\x40\0\0\0\xd4\x1f\0\0\x04\0\0\0\x60\0\0\0\xe0\x1f\0\0\
\x04\0\0\0\x80\0\0\0\xea\x1f\0\0\0\0\0\x0e\x43\0\0\0\x01\0\0\0\xf3\x1f\0\0\0\0\
\0\x0e\x43\0\0\0\x01\0\0\0\xfa\x1f\0\0\0\0\0\x0e\x43\0\0\0\x01\0\0\0\x10\x20\0\
\0\0\0\0\x0e\x43\0\0\0\x01\0\0\0\x1b\x20\0\0\0\0\0\x0e\x43\0\0\0\x01\0\0\0\x26\
\x20\0\0\0\0\0\x0e\x43\0\0\0\x01\0\0\0\x32\x20\0\0\0\0\0\x01\x01\0\0\0\x08\0\0\
\x01\0\0\0\0\0\0\0\x03\0\0\0\0\x4a\0\0\0\x29\0\0\0\x04\0\0\0\x37\x20\0\0\0\0\0\
\x0e\x4b\0\0\0\x01\0\0\0\x40\x20\0\0\x01\0\0\x0f\0\0\0\0\x4c\0\0\0\0\0\0\0\x04\
\0\0\0\x48\x20\0\0\x06\0\0\x0f\0\0\0\0\x44\0\0\0\0\0\0\0\x14\0\0\0\x45\0\0\0\0\
\0\0\0\x14\0\0\0\x46\0\0\0\0\0\0\0\x14\0\0\0\x47\0\0\0\0\0\0\0\x14\0\0\0\x48\0\
\0\0\0\0\0\0\x14\0\0\0\x49\0\0\0\0\0\0\0\x14\0\0\0\0\x78\x64\x70\x5f\x6d\x64\0\
\x64\x61\x74\x61\0\x64\x61\x74\x61\x5f\x65\x6e\x64\0\x64\x61\x74\x61\x5f\x6d\
\x65\x74\x61\0\x69\x6e\x67\x72\x65\x73\x73\x5f\x69\x66\x69\x6e\x64\x65\x78\0\
\x72\x78\x5f\x71\x75\x65\x75\x65\x5f\x69\x6e\x64\x65\x78\0\x65\x67\x72\x65\x73\
\x73\x5f\x69\x66\x69\x6e\x64\x65\x78\0\x5f\x5f\x75\x33\x32\0\x75\x6e\x73\x69\
\x67\x6e\x65\x64\x20\x69\x6e\x74\0\x70\x5f\x63\x74\x78\0\x69\x6e\x74\0\x78\x64\
\x70\x5f\x72\x65\x64\x69\x72\x65\x63\x74\x5f\x67\x74\x70\x75\0\x78\x64\x70\x5f\
\x72\x65\x64\x69\x72\x65\x63\x74\x5f\x64\x75\x6d\x6d\x79\0\x2f\x68\x6f\x6d\x65\
\x2f\x72\x6f\x68\x61\x6e\x2f\x6f\x61\x69\x2d\x63\x6e\x35\x67\x2d\x75\x70\x66\
\x2d\x65\x62\x70\x66\x2f\x73\x72\x63\x2f\x75\x70\x66\x5f\x61\x70\x70\x2f\x62\
\x70\x66\x2f\x73\x65\x73\x73\x69\x6f\x6e\x5f\x62\x70\x66\x2e\x63\0\x69\x6e\x74\
\x20\x78\x64\x70\x5f\x72\x65\x64\x69\x72\x65\x63\x74\x5f\x67\x74\x70\x75\x28\
\x73\x74\x72\x75\x63\x74\x20\x78\x64\x70\x5f\x6d\x64\x20\x2a\x70\x5f\x63\x74\
\x78\x29\0\x20\x20\x62\x70\x66\x5f\x64\x65\x62\x75\x67\x28\x22\x52\x65\x64\x69\
\x72\x65\x63\x74\x69\x6e\x67\x20\x70\x61\x63\x6b\x65\x74\x73\x22\x29\x3b\0\x20\
\x20\x72\x65\x74\x75\x72\x6e\x20\x58\x44\x50\x5f\x50\x41\x53\x53\x3b\0\x75\x70\
\x6c\x69\x6e\x6b\x5f\x65\x6e\x74\x72\x79\x5f\x70\x6f\x69\x6e\x74\0\x78\x64\x70\
\x5f\x75\x70\x6c\x69\x6e\x6b\x5f\x65\x6e\x74\x72\x79\x5f\x70\x6f\x69\x6e\x74\0\
\x69\x6e\x74\x20\x75\x70\x6c\x69\x6e\x6b\x5f\x65\x6e\x74\x72\x79\x5f\x70\x6f\
\x69\x6e\x74\x28\x73\x74\x72\x75\x63\x74\x20\x78\x64\x70\x5f\x6d\x64\x20\x2a\
\x70\x5f\x63\x74\x78\x29\0\x20\x20\x62\x70\x66\x5f\x64\x65\x62\x75\x67\x28\x22\
\x58\x44\x50\x20\x53\x45\x53\x53\x49\x4f\x4e\x20\x43\x4f\x4e\x54\x45\x58\x54\
\x20\x2d\x20\x55\x50\x4c\x49\x4e\x4b\x5c\x6e\x22\x29\x3b\0\x20\x20\x76\x6f\x69\
\x64\x20\x2a\x70\x5f\x64\x61\x74\x61\x5f\x65\x6e\x64\x20\x3d\x20\x28\x76\x6f\
\x69\x64\x20\x2a\x29\x28\x6c\x6f\x6e\x67\x29\x70\x5f\x63\x74\x78\x2d\x3e\x64\
\x61\x74\x61\x5f\x65\x6e\x64\x3b\0\x20\x20\x76\x6f\x69\x64\x20\x2a\x70\x5f\x64\
\x61\x74\x61\x20\x3d\x20\x28\x76\x6f\x69\x64\x20\x2a\x29\x28\x6c\x6f\x6e\x67\
\x29\x70\x5f\x63\x74\x78\x2d\x3e\x64\x61\x74\x61\x3b\0\x20\x20\x69\x66\x28\x70\
\x5f\x64\x61\x74\x61\x20\x2b\x20\x6f\x66\x66\x73\x65\x74\x20\x3e\x20\x70\x5f\
\x64\x61\x74\x61\x5f\x65\x6e\x64\x29\x20\x7b\0\x20\x20\x20\x20\x62\x70\x66\x5f\
\x64\x65\x62\x75\x67\x28\x22\x49\x6e\x76\x61\x6c\x69\x64\x20\x47\x54\x50\x20\
\x70\x61\x63\x6b\x65\x74\x21\x22\x29\x3b\0\x20\x20\x74\x65\x69\x64\x20\x3d\x20\
\x68\x74\x6f\x6e\x6c\x28\x70\x5f\x67\x74\x70\x75\x68\x2d\x3e\x74\x65\x69\x64\
\x29\x3b\0\x20\x20\x62\x70\x66\x5f\x64\x65\x62\x75\x67\x28\x22\x47\x54\x50\x20\
\x47\x50\x44\x55\x20\x74\x65\x69\x64\x20\x25\x64\x20\x77\x69\x74\x68\x20\x49\
\x50\x76\x34\x20\x70\x61\x79\x6c\x6f\x61\x64\x20\x72\x65\x63\x65\x69\x76\x65\
\x64\x5c\x6e\x22\x2c\x20\x74\x65\x69\x64\x29\x3b\0\x20\x20\x70\x5f\x70\x64\x72\
\x20\x3d\x20\x62\x70\x66\x5f\x6d\x61\x70\x5f\x6c\x6f\x6f\x6b\x75\x70\x5f\x65\
\x6c\x65\x6d\x28\x26\x6d\x5f\x74\x65\x69\x64\x5f\x70\x64\x72\x2c\x20\x26\x74\
\x65\x69\x64\x29\x3b\0\x20\x20\x69\x66\x28\x21\x70\x5f\x70\x64\x72\x29\x20\x7b\
\0\x20\x20\x20\x20\x62\x70\x66\x5f\x64\x65\x62\x75\x67\x28\x22\x45\x72\x72\x6f\
\x72\x20\x2d\x20\x75\x6e\x73\x79\x6e\x63\x20\x74\x65\x69\x64\x2d\x3e\x70\x64\
\x72\x73\x20\x6d\x61\x70\x2e\x22\x29\x3b\0\x20\x20\x69\x66\x28\x70\x66\x63\x70\
\x5f\x70\x64\x72\x5f\x6d\x61\x74\x63\x68\x5f\x70\x64\x69\x5f\x61\x63\x63\x65\
\x73\x73\x28\x70\x5f\x63\x74\x78\x2c\x20\x26\x70\x5f\x70\x64\x72\x5b\x69\x5d\
\x2c\x20\x28\x73\x74\x72\x75\x63\x74\x20\x69\x70\x68\x64\x72\x20\x2a\x29\x70\
\x5f\x69\x70\x68\x2c\x20\x74\x65\x69\x64\x29\x20\x3d\x3d\x20\x30\x29\x20\x7b\0\
\x20\x20\x69\x66\x28\x70\x5f\x70\x64\x72\x2d\x3e\x6f\x75\x74\x65\x72\x5f\x68\
\x65\x61\x64\x65\x72\x5f\x72\x65\x6d\x6f\x76\x61\x6c\x2e\x6f\x75\x74\x65\x72\
\x5f\x68\x65\x61\x64\x65\x72\x5f\x72\x65\x6d\x6f\x76\x61\x6c\x5f\x64\x65\x73\
\x63\x72\x69\x70\x74\x69\x6f\x6e\x20\x21\x3d\x20\x4f\x55\x54\x45\x52\x5f\x48\
\x45\x41\x44\x45\x52\x5f\x52\x45\x4d\x4f\x56\x41\x4c\x5f\x47\x54\x50\x55\x5f\
\x55\x44\x50\x5f\x49\x50\x56\x34\0\x20\x20\x20\x20\x20\x20\x7c\x7c\x20\x70\x5f\
\x70\x64\x72\x2d\x3e\x70\x64\x69\x2e\x73\x6f\x75\x72\x63\x65\x5f\x69\x6e\x74\
\x65\x72\x66\x61\x63\x65\x2e\x69\x6e\x74\x65\x72\x66\x61\x63\x65\x5f\x76\x61\
\x6c\x75\x65\x20\x21\x3d\x20\x49\x4e\x54\x45\x52\x46\x41\x43\x45\x5f\x56\x41\
\x4c\x55\x45\x5f\x41\x43\x43\x45\x53\x53\0\x20\x20\x20\x20\x20\x20\x7c\x7c\x20\
\x70\x5f\x70\x64\x72\x2d\x3e\x70\x64\x69\x2e\x66\x74\x65\x69\x64\x2e\x74\x65\
\x69\x64\x20\x21\x3d\x20\x74\x65\x69\x64\0\x20\x20\x20\x20\x20\x20\x7c\x7c\x20\
\x70\x5f\x70\x64\x72\x2d\x3e\x70\x64\x69\x2e\x75\x65\x5f\x69\x70\x5f\x61\x64\
\x64\x72\x65\x73\x73\x2e\x69\x70\x76\x34\x5f\x61\x64\x64\x72\x65\x73\x73\x20\
\x21\x3d\x20\x70\x5f\x69\x70\x68\x2d\x3e\x73\x61\x64\x64\x72\0\x20\x20\x20\x20\
\x20\x20\x20\x20\x62\x70\x66\x5f\x64\x65\x62\x75\x67\x28\x22\x4e\x6f\x74\x20\
\x6d\x61\x74\x63\x68\x3a\x22\x29\x3b\0\x20\x20\x20\x20\x20\x20\x20\x20\x62\x70\
\x66\x5f\x64\x65\x62\x75\x67\x28\x22\x4f\x48\x52\x44\x3a\x20\x25\x64\x22\x2c\
\x20\x4f\x55\x54\x45\x52\x5f\x48\x45\x41\x44\x45\x52\x5f\x52\x45\x4d\x4f\x56\
\x41\x4c\x5f\x47\x54\x50\x55\x5f\x55\x44\x50\x5f\x49\x50\x56\x34\x20\x29\x3b\0\
\x20\x20\x20\x20\x20\x20\x20\x20\x62\x70\x66\x5f\x64\x65\x62\x75\x67\x28\x22\
\x4f\x48\x52\x44\x3a\x20\x25\x64\x22\x2c\x20\x70\x5f\x70\x64\x72\x2d\x3e\x6f\
\x75\x74\x65\x72\x5f\x68\x65\x61\x64\x65\x72\x5f\x72\x65\x6d\x6f\x76\x61\x6c\
\x2e\x6f\x75\x74\x65\x72\x5f\x68\x65\x61\x64\x65\x72\x5f\x72\x65\x6d\x6f\x76\
\x61\x6c\x5f\x64\x65\x73\x63\x72\x69\x70\x74\x69\x6f\x6e\x29\x3b\0\x20\x20\x20\
\x20\x20\x20\x20\x20\x62\x70\x66\x5f\x64\x65\x62\x75\x67\x28\x22\x49\x6e\x74\
\x65\x72\x66\x61\x63\x65\x3a\x20\x25\x64\x22\x2c\x20\x49\x4e\x54\x45\x52\x46\
\x41\x43\x45\x5f\x56\x41\x4c\x55\x45\x5f\x41\x43\x43\x45\x53\x53\x29\x3b\0\x20\
\x20\x20\x20\x20\x20\x20\x20\x62\x70\x66\x5f\x64\x65\x62\x75\x67\x28\x22\x49\
\x6e\x74\x65\x72\x66\x61\x63\x65\x3a\x20\x25\x64\x22\x2c\x20\x70\x5f\x70\x64\
\x72\x2d\x3e\x70\x64\x69\x2e\x73\x6f\x75\x72\x63\x65\x5f\x69\x6e\x74\x65\x72\
\x66\x61\x63\x65\x2e\x69\x6e\x74\x65\x72\x66\x61\x63\x65\x5f\x76\x61\x6c\x75\
\x65\x29\x3b\0\x20\x20\x20\x20\x20\x20\x20\x20\x62\x70\x66\x5f\x64\x65\x62\x75\
\x67\x28\x22\x54\x45\x49\x44\x3a\x20\x25\x64\x22\x2c\x20\x74\x65\x69\x64\x29\
\x3b\0\x20\x20\x20\x20\x20\x20\x20\x20\x62\x70\x66\x5f\x64\x65\x62\x75\x67\x28\
\x22\x54\x45\x49\x44\x3a\x20\x25\x64\x22\x2c\x20\x70\x5f\x70\x64\x72\x2d\x3e\
\x70\x64\x69\x2e\x66\x74\x65\x69\x64\x2e\x74\x65\x69\x64\x29\x3b\0\x20\x20\x20\
\x20\x20\x20\x20\x20\x62\x70\x66\x5f\x64\x65\x62\x75\x67\x28\x22\x49\x50\x76\
\x34\x3a\x20\x25\x64\x22\x2c\x20\x70\x5f\x70\x64\x72\x2d\x3e\x70\x64\x69\x2e\
\x75\x65\x5f\x69\x70\x5f\x61\x64\x64\x72\x65\x73\x73\x2e\x69\x70\x76\x34\x5f\
\x61\x64\x64\x72\x65\x73\x73\x29\x3b\0\x2f\x68\x6f\x6d\x65\x2f\x72\x6f\x68\x61\
\x6e\x2f\x6f\x61\x69\x2d\x63\x6e\x35\x67\x2d\x75\x70\x66\x2d\x65\x62\x70\x66\
\x2f\x73\x72\x63\x2f\x75\x70\x66\x5f\x61\x70\x70\x2f\x62\x70\x66\x2f\x78\x64\
\x70\x5f\x73\x74\x61\x74\x73\x5f\x6b\x65\x72\x6e\x2e\x68\0\x20\x20\x73\x74\x72\
\x75\x63\x74\x20\x64\x61\x74\x61\x72\x65\x63\x20\x2a\x72\x65\x63\x20\x3d\x20\
\x62\x70\x66\x5f\x6d\x61\x70\x5f\x6c\x6f\x6f\x6b\x75\x70\x5f\x65\x6c\x65\x6d\
\x28\x26\x6d\x63\x5f\x73\x74\x61\x74\x73\x2c\x20\x26\x61\x63\x74\x69\x6f\x6e\
\x29\x3b\0\x20\x20\x69\x66\x28\x21\x72\x65\x63\x29\x20\x7b\0\x20\x20\x72\x65\
\x63\x2d\x3e\x72\x78\x5f\x70\x61\x63\x6b\x65\x74\x73\x2b\x2b\x3b\0\x20\x20\x72\
\x65\x63\x2d\x3e\x72\x78\x5f\x62\x79\x74\x65\x73\x20\x2b\x3d\x20\x28\x63\x74\
\x78\x2d\x3e\x64\x61\x74\x61\x5f\x65\x6e\x64\x20\x2d\x20\x63\x74\x78\x2d\x3e\
\x64\x61\x74\x61\x29\x3b\0\x20\x20\x72\x65\x74\x75\x72\x6e\x20\x61\x63\x74\x69\
\x6f\x6e\x3b\0\x20\x20\x20\x20\x62\x70\x66\x5f\x64\x65\x62\x75\x67\x28\x22\x45\
\x72\x72\x6f\x72\x3a\x20\x49\x6e\x76\x61\x6c\x69\x64\x20\x64\x61\x74\x61\x72\
\x65\x63\x5c\x6e\x22\x29\x3b\0\x20\x20\x72\x65\x74\x75\x72\x6e\x20\x78\x64\x70\
\x5f\x73\x74\x61\x74\x73\x5f\x72\x65\x63\x6f\x72\x64\x5f\x61\x63\x74\x69\x6f\
\x6e\x28\x70\x5f\x63\x74\x78\x2c\x20\x61\x63\x74\x69\x6f\x6e\x29\x3b\0\x20\x20\
\x62\x70\x66\x5f\x64\x65\x62\x75\x67\x28\x22\x41\x6c\x6c\x20\x61\x74\x72\x72\
\x69\x62\x75\x74\x65\x73\x20\x77\x65\x72\x65\x20\x6d\x61\x74\x63\x68\x65\x64\
\x21\x21\x22\x29\x3b\0\x20\x20\x20\x20\x62\x70\x66\x5f\x64\x65\x62\x75\x67\x28\
\x22\x50\x44\x52\x20\x61\x73\x73\x6f\x63\x69\x61\x74\x65\x64\x20\x77\x69\x74\
\x68\x20\x74\x65\x69\x64\x20\x25\x64\x20\x66\x6f\x75\x6e\x64\x21\x20\x50\x44\
\x52\x20\x69\x64\x20\x69\x73\x20\x25\x64\x5c\x6e\x22\x2c\x20\x74\x65\x69\x64\
\x2c\x20\x70\x5f\x70\x64\x72\x2d\x3e\x70\x64\x72\x5f\x69\x64\x2e\x72\x75\x6c\
\x65\x5f\x69\x64\x29\x3b\0\x20\x20\x20\x20\x70\x5f\x66\x61\x72\x20\x3d\x20\x62\
\x70\x66\x5f\x6d\x61\x70\x5f\x6c\x6f\x6f\x6b\x75\x70\x5f\x65\x6c\x65\x6d\x28\
\x26\x6d\x5f\x66\x61\x72\x73\x2c\x20\x26\x70\x5f\x70\x64\x72\x2d\x3e\x66\x61\
\x72\x5f\x69\x64\x2e\x66\x61\x72\x5f\x69\x64\x29\x3b\0\x20\x20\x20\x20\x72\x65\
\x74\x75\x72\x6e\x20\x70\x66\x63\x70\x5f\x66\x61\x72\x5f\x61\x70\x70\x6c\x79\
\x28\x70\x5f\x63\x74\x78\x2c\x20\x70\x5f\x66\x61\x72\x2c\x20\x55\x50\x4c\x49\
\x4e\x4b\x29\x3b\0\x20\x20\x69\x66\x28\x61\x63\x74\x69\x6f\x6e\x20\x3e\x3d\x20\
\x58\x44\x50\x5f\x41\x43\x54\x49\x4f\x4e\x5f\x4d\x41\x58\x29\x20\x7b\0\x20\x20\
\x20\x20\x62\x70\x66\x5f\x64\x65\x62\x75\x67\x28\x22\x45\x72\x72\x6f\x72\x3a\
\x20\x49\x6e\x76\x61\x6c\x69\x64\x20\x61\x63\x74\x69\x6f\x6e\x5c\x6e\x22\x29\
\x3b\0\x64\x6f\x77\x6e\x6c\x69\x6e\x6b\x5f\x65\x6e\x74\x72\x79\x5f\x70\x6f\x69\
\x6e\x74\0\x78\x64\x70\x5f\x64\x6f\x77\x6e\x6c\x69\x6e\x6b\x5f\x65\x6e\x74\x72\
\x79\x5f\x70\x6f\x69\x6e\x74\0\x69\x6e\x74\x20\x64\x6f\x77\x6e\x6c\x69\x6e\x6b\
\x5f\x65\x6e\x74\x72\x79\x5f\x70\x6f\x69\x6e\x74\x28\x73\x74\x72\x75\x63\x74\
\x20\x78\x64\x70\x5f\x6d\x64\x20\x2a\x70\x5f\x63\x74\x78\x29\0\x20\x20\x62\x70\
\x66\x5f\x64\x65\x62\x75\x67\x28\x22\x58\x44\x50\x20\x53\x45\x53\x53\x49\x4f\
\x4e\x20\x43\x4f\x4e\x54\x45\x58\x54\x20\x2d\x20\x44\x4f\x57\x4e\x4c\x49\x4e\
\x4b\x5c\x6e\x22\x29\x3b\0\x20\x20\x64\x65\x73\x74\x5f\x69\x70\x20\x3d\x20\x70\
\x5f\x69\x70\x68\x2d\x3e\x64\x61\x64\x64\x72\x3b\0\x20\x20\x62\x70\x66\x5f\x64\
\x65\x62\x75\x67\x28\x22\x44\x65\x73\x74\x69\x6e\x61\x74\x69\x6f\x6e\x20\x49\
\x50\x20\x25\x64\x20\x69\x6e\x20\x49\x50\x76\x34\x20\x70\x61\x79\x6c\x6f\x61\
\x64\x20\x72\x65\x63\x65\x69\x76\x65\x64\x22\x2c\x20\x64\x65\x73\x74\x5f\x69\
\x70\x29\x3b\0\x20\x20\x70\x5f\x70\x64\x72\x20\x3d\x20\x62\x70\x66\x5f\x6d\x61\
\x70\x5f\x6c\x6f\x6f\x6b\x75\x70\x5f\x65\x6c\x65\x6d\x28\x26\x6d\x5f\x75\x65\
\x69\x70\x5f\x70\x64\x72\x2c\x20\x26\x64\x65\x73\x74\x5f\x69\x70\x29\x3b\0\x20\
\x20\x69\x66\x28\x21\x70\x5f\x69\x70\x68\x29\x20\x7b\0\x20\x20\x20\x20\x62\x70\
\x66\x5f\x64\x65\x62\x75\x67\x28\x22\x49\x50\x20\x68\x65\x61\x64\x65\x72\x20\
\x69\x73\x20\x4e\x55\x4c\x4c\x21\x21\x22\x29\x3b\0\x20\x20\x20\x20\x62\x70\x66\
\x5f\x64\x65\x62\x75\x67\x28\x22\x50\x44\x52\x20\x61\x73\x73\x6f\x63\x69\x61\
\x74\x65\x64\x20\x77\x69\x74\x68\x20\x55\x50\x20\x49\x50\x20\x25\x64\x20\x66\
\x6f\x75\x6e\x64\x21\x20\x50\x44\x52\x20\x69\x64\x3a\x25\x64\x20\x61\x6e\x64\
\x20\x46\x41\x52\x20\x69\x64\x3a\x25\x64\x22\x2c\x20\x68\x74\x6f\x6e\x6c\x28\
\x70\x5f\x69\x70\x68\x2d\x3e\x64\x61\x64\x64\x72\x29\x2c\x20\x70\x5f\x70\x64\
\x72\x2d\x3e\x70\x64\x72\x5f\x69\x64\x2e\x72\x75\x6c\x65\x5f\x69\x64\x2c\0\x20\
\x20\x20\x20\x72\x65\x74\x75\x72\x6e\x20\x70\x66\x63\x70\x5f\x66\x61\x72\x5f\
\x61\x70\x70\x6c\x79\x28\x70\x5f\x63\x74\x78\x2c\x20\x70\x5f\x66\x61\x72\x2c\
\x20\x44\x4f\x57\x4e\x4c\x49\x4e\x4b\x29\x3b\0\x20\x20\x69\x66\x28\x70\x5f\x70\
\x64\x72\x2d\x3e\x6f\x75\x74\x65\x72\x5f\x68\x65\x61\x64\x65\x72\x5f\x72\x65\
\x6d\x6f\x76\x61\x6c\x2e\x6f\x75\x74\x65\x72\x5f\x68\x65\x61\x64\x65\x72\x5f\
\x72\x65\x6d\x6f\x76\x61\x6c\x5f\x64\x65\x73\x63\x72\x69\x70\x74\x69\x6f\x6e\
\x20\x21\x3d\x20\x4f\x55\x54\x45\x52\x5f\x48\x45\x41\x44\x45\x52\x5f\x52\x45\
\x4d\x4f\x56\x41\x4c\x5f\x55\x44\x50\x5f\x49\x50\x56\x34\0\x20\x20\x20\x20\x20\
\x20\x7c\x7c\x20\x70\x5f\x70\x64\x72\x2d\x3e\x70\x64\x69\x2e\x73\x6f\x75\x72\
\x63\x65\x5f\x69\x6e\x74\x65\x72\x66\x61\x63\x65\x2e\x69\x6e\x74\x65\x72\x66\
\x61\x63\x65\x5f\x76\x61\x6c\x75\x65\x20\x21\x3d\x20\x49\x4e\x54\x45\x52\x46\
\x41\x43\x45\x5f\x56\x41\x4c\x55\x45\x5f\x43\x4f\x52\x45\0\x20\x20\x20\x20\x20\
\x20\x7c\x7c\x20\x70\x5f\x70\x64\x72\x2d\x3e\x70\x64\x69\x2e\x75\x65\x5f\x69\
\x70\x5f\x61\x64\x64\x72\x65\x73\x73\x2e\x69\x70\x76\x34\x5f\x61\x64\x64\x72\
\x65\x73\x73\x20\x21\x3d\x20\x70\x5f\x69\x70\x68\x2d\x3e\x64\x61\x64\x64\x72\0\
\x20\x20\x20\x20\x20\x20\x20\x20\x62\x70\x66\x5f\x64\x65\x62\x75\x67\x28\x22\
\x4f\x48\x52\x44\x3a\x20\x25\x64\x22\x2c\x20\x4f\x55\x54\x45\x52\x5f\x48\x45\
\x41\x44\x45\x52\x5f\x52\x45\x4d\x4f\x56\x41\x4c\x5f\x55\x44\x50\x5f\x49\x50\
\x56\x34\x20\x29\x3b\0\x20\x20\x20\x20\x20\x20\x20\x20\x62\x70\x66\x5f\x64\x65\
\x62\x75\x67\x28\x22\x49\x6e\x74\x65\x72\x66\x61\x63\x65\x3a\x20\x25\x64\x22\
\x2c\x20\x49\x4e\x54\x45\x52\x46\x41\x43\x45\x5f\x56\x41\x4c\x55\x45\x5f\x43\
\x4f\x52\x45\x29\x3b\0\x20\x20\x20\x20\x20\x20\x20\x20\x62\x70\x66\x5f\x64\x65\
\x62\x75\x67\x28\x22\x49\x50\x76\x34\x3a\x20\x25\x64\x22\x2c\x20\x70\x5f\x69\
\x70\x68\x2d\x3e\x64\x61\x64\x64\x72\x29\x3b\0\x70\x66\x63\x70\x5f\x66\x61\x72\
\x5f\x74\x5f\0\x70\x66\x63\x70\x5f\x66\x61\x72\x5f\x73\0\x66\x61\x72\x5f\x69\
\x64\0\x61\x70\x70\x6c\x79\x5f\x61\x63\x74\x69\x6f\x6e\0\x66\x6f\x72\x77\x61\
\x72\x64\x69\x6e\x67\x5f\x70\x61\x72\x61\x6d\x65\x74\x65\x72\x73\0\x64\x75\x70\
\x6c\x69\x63\x61\x74\x69\x6e\x67\x5f\x70\x61\x72\x61\x6d\x65\x74\x65\x72\x73\0\
\x62\x61\x72\x5f\x69\x64\0\x66\x61\x72\x5f\x69\x64\x5f\x74\x5f\0\x66\x61\x72\
\x5f\x69\x64\x5f\x73\0\x62\x61\x73\x65\0\x69\x65\x5f\x62\x61\x73\x65\x5f\x74\
\x5f\0\x69\x65\x5f\x62\x61\x73\x65\0\x74\x79\x70\x65\0\x6c\x65\x6e\x67\x74\x68\
\0\x75\x31\x36\0\x5f\x5f\x75\x31\x36\0\x75\x6e\x73\x69\x67\x6e\x65\x64\x20\x73\
\x68\x6f\x72\x74\0\x75\x33\x32\0\x61\x70\x70\x6c\x79\x5f\x61\x63\x74\x69\x6f\
\x6e\x5f\x74\x5f\0\x61\x70\x70\x6c\x79\x5f\x61\x63\x74\x69\x6f\x6e\x5f\x73\0\
\x73\x70\x61\x72\x65\0\x64\x75\x70\x6c\0\x6e\x6f\x63\x70\0\x62\x75\x66\x66\0\
\x66\x6f\x72\x77\0\x64\x72\x6f\x70\0\x75\x38\0\x5f\x5f\x75\x38\0\x75\x6e\x73\
\x69\x67\x6e\x65\x64\x20\x63\x68\x61\x72\0\x66\x6f\x72\x77\x61\x72\x64\x69\x6e\
\x67\x5f\x70\x61\x72\x61\x6d\x65\x74\x65\x72\x73\x5f\x74\x5f\0\x66\x6f\x72\x77\
\x61\x72\x64\x69\x6e\x67\x5f\x70\x61\x72\x61\x6d\x65\x74\x65\x72\x73\x5f\x73\0\
\x64\x65\x73\x74\x69\x6e\x61\x74\x69\x6f\x6e\x5f\x69\x6e\x74\x65\x72\x66\x61\
\x63\x65\0\x72\x65\x64\x69\x72\x65\x63\x74\x5f\x69\x6e\x66\x6f\x72\x6d\x61\x74\
\x69\x6f\x6e\0\x6f\x75\x74\x65\x72\x5f\x68\x65\x61\x64\x65\x72\x5f\x63\x72\x65\
\x61\x74\x69\x6f\x6e\0\x74\x72\x61\x6e\x73\x70\x6f\x72\x74\x5f\x6c\x65\x76\x65\
\x6c\x5f\x6d\x61\x72\x6b\x69\x6e\x67\0\x66\x6f\x72\x77\x61\x72\x64\x69\x6e\x67\
\x5f\x70\x6f\x6c\x69\x63\x79\0\x68\x65\x61\x64\x65\x72\x5f\x65\x6e\x72\x69\x63\
\x68\x6d\x65\x6e\x74\0\x74\x72\x61\x66\x66\x69\x63\x5f\x65\x6e\x64\x70\x6f\x69\
\x6e\x74\x5f\x69\x64\0\x70\x72\x6f\x78\x79\x69\x6e\x67\0\x64\x65\x73\x74\x69\
\x6e\x61\x74\x69\x6f\x6e\x5f\x69\x6e\x74\x65\x72\x66\x61\x63\x65\x5f\x74\x5f\0\
\x64\x65\x73\x74\x69\x6e\x61\x74\x69\x6f\x6e\x5f\x69\x6e\x74\x65\x72\x66\x61\
\x63\x65\x5f\x73\0\x69\x6e\x74\x65\x72\x66\x61\x63\x65\x5f\x76\x61\x6c\x75\x65\
\0\x72\x65\x64\x69\x72\x65\x63\x74\x5f\x69\x6e\x66\x6f\x72\x6d\x61\x74\x69\x6f\
\x6e\x5f\x74\x5f\0\x72\x65\x64\x69\x72\x65\x63\x74\x5f\x69\x6e\x66\x6f\x72\x6d\
\x61\x74\x69\x6f\x6e\x5f\x73\0\x72\x65\x64\x69\x72\x65\x63\x74\x5f\x61\x64\x64\
\x72\x65\x73\x73\x5f\x74\x79\x70\x65\0\x72\x65\x64\x69\x72\x65\x63\x74\x5f\x73\
\x65\x72\x76\x65\x72\x5f\x61\x64\x64\x72\x65\x73\x73\x5f\x6c\x65\x6e\x67\x74\
\x68\0\x6f\x75\x74\x65\x72\x5f\x68\x65\x61\x64\x65\x72\x5f\x63\x72\x65\x61\x74\
\x69\x6f\x6e\x5f\x74\x5f\0\x6f\x75\x74\x65\x72\x5f\x68\x65\x61\x64\x65\x72\x5f\
\x63\x72\x65\x61\x74\x69\x6f\x6e\x5f\x73\0\x6f\x75\x74\x65\x72\x5f\x68\x65\x61\
\x64\x65\x72\x5f\x63\x72\x65\x61\x74\x69\x6f\x6e\x5f\x64\x65\x73\x63\x72\x69\
\x70\x74\x69\x6f\x6e\0\x74\x65\x69\x64\0\x69\x70\x76\x34\x5f\x61\x64\x64\x72\
\x65\x73\x73\0\x69\x70\x76\x36\x5f\x61\x64\x64\x72\x65\x73\x73\0\x70\x6f\x72\
\x74\x5f\x6e\x75\x6d\x62\x65\x72\0\x69\x6e\x5f\x61\x64\x64\x72\0\x73\x5f\x61\
\x64\x64\x72\0\x5f\x5f\x62\x65\x33\x32\0\x69\x6e\x36\x5f\x61\x64\x64\x72\0\x69\
\x6e\x36\x5f\x75\0\x75\x36\x5f\x61\x64\x64\x72\x38\0\x75\x36\x5f\x61\x64\x64\
\x72\x31\x36\0\x75\x36\x5f\x61\x64\x64\x72\x33\x32\0\x5f\x5f\x41\x52\x52\x41\
\x59\x5f\x53\x49\x5a\x45\x5f\x54\x59\x50\x45\x5f\x5f\0\x5f\x5f\x62\x65\x31\x36\
\0\x74\x72\x61\x6e\x73\x70\x6f\x72\x74\x5f\x6c\x65\x76\x65\x6c\x5f\x6d\x61\x72\
\x6b\x69\x6e\x67\x5f\x74\x5f\0\x74\x72\x61\x6e\x73\x70\x6f\x72\x74\x5f\x6c\x65\
\x76\x65\x6c\x5f\x6d\x61\x72\x6b\x69\x6e\x67\x5f\x73\0\x73\x38\0\x5f\x5f\x73\
\x38\0\x73\x69\x67\x6e\x65\x64\x20\x63\x68\x61\x72\0\x66\x6f\x72\x77\x61\x72\
\x64\x69\x6e\x67\x5f\x70\x6f\x6c\x69\x63\x79\x5f\x74\x5f\0\x66\x6f\x72\x77\x61\
\x72\x64\x69\x6e\x67\x5f\x70\x6f\x6c\x69\x63\x79\x5f\x73\0\x66\x6f\x72\x77\x61\
\x72\x64\x69\x6e\x67\x5f\x70\x6f\x6c\x69\x63\x79\x5f\x69\x64\x65\x6e\x74\x69\
\x66\x69\x65\x72\x5f\x6c\x65\x6e\x67\x74\x68\0\x66\x6f\x72\x77\x61\x72\x64\x69\
\x6e\x67\x5f\x70\x6f\x6c\x69\x63\x79\x5f\x69\x64\x65\x6e\x74\x69\x66\x69\x65\
\x72\0\x68\x65\x61\x64\x65\x72\x5f\x65\x6e\x72\x69\x63\x68\x6d\x65\x6e\x74\x5f\
\x74\x5f\0\x68\x65\x61\x64\x65\x72\x5f\x65\x6e\x72\x69\x63\x68\x6d\x65\x6e\x74\
\x5f\x73\0\x68\x65\x61\x64\x65\x72\x5f\x74\x79\x70\x65\0\x6c\x65\x6e\x67\x68\
\x74\x5f\x6f\x66\x5f\x68\x65\x61\x64\x65\x72\x5f\x66\x69\x65\x6c\x64\x5f\x6e\
\x61\x6d\x65\0\x68\x65\x61\x64\x65\x72\x5f\x66\x69\x65\x6c\x64\x5f\x6e\x61\x6d\
\x65\0\x6c\x65\x6e\x67\x68\x74\x5f\x6f\x66\x5f\x68\x65\x61\x64\x65\x72\x5f\x66\
\x69\x65\x6c\x64\x5f\x76\x61\x6c\x75\x65\0\x68\x65\x61\x64\x65\x72\x5f\x66\x69\
\x65\x6c\x64\x5f\x76\x61\x6c\x75\x65\0\x74\x72\x61\x66\x66\x69\x63\x5f\x65\x6e\
\x64\x70\x6f\x69\x6e\x74\x5f\x69\x64\x5f\x74\x5f\0\x70\x72\x6f\x78\x79\x69\x6e\
\x67\x5f\x74\x5f\0\x70\x72\x6f\x78\x79\x69\x6e\x67\x5f\x73\0\x69\x6e\x73\0\x61\
\x72\x70\0\x64\x75\x70\x6c\x69\x63\x61\x74\x69\x6e\x67\x5f\x70\x61\x72\x61\x6d\
\x65\x74\x65\x72\x73\x5f\x74\x5f\0\x64\x75\x70\x6c\x69\x63\x61\x74\x69\x6e\x67\
\x5f\x70\x61\x72\x61\x6d\x65\x74\x65\x72\x73\x5f\x73\0\x62\x61\x72\x5f\x69\x64\
\x5f\x74\x5f\0\x62\x61\x72\x5f\x69\x64\x5f\x73\0\x46\x6c\x6f\x77\x44\x69\x72\
\x65\x63\x74\x69\x6f\x6e\0\x44\x4f\x57\x4e\x4c\x49\x4e\x4b\0\x55\x50\x4c\x49\
\x4e\x4b\0\x70\x5f\x66\x61\x72\0\x64\x69\x72\x65\x63\x74\x69\x6f\x6e\0\x70\x66\
\x63\x70\x5f\x66\x61\x72\x5f\x61\x70\x70\x6c\x79\0\x2e\x74\x65\x78\x74\0\x73\
\x74\x61\x74\x69\x63\x20\x75\x33\x32\x20\x70\x66\x63\x70\x5f\x66\x61\x72\x5f\
\x61\x70\x70\x6c\x79\x28\x73\x74\x72\x75\x63\x74\x20\x78\x64\x70\x5f\x6d\x64\
\x20\x2a\x70\x5f\x63\x74\x78\x2c\x20\x70\x66\x63\x70\x5f\x66\x61\x72\x5f\x74\
\x5f\x20\x2a\x70\x5f\x66\x61\x72\x2c\x20\x65\x6e\x75\x6d\x20\x46\x6c\x6f\x77\
\x44\x69\x72\x65\x63\x74\x69\x6f\x6e\x20\x64\x69\x72\x65\x63\x74\x69\x6f\x6e\
\x29\0\x20\x20\x69\x66\x28\x28\x76\x6f\x69\x64\x20\x2a\x29\x28\x70\x5f\x65\x74\
\x68\x20\x2b\x20\x31\x29\x20\x3e\x20\x70\x5f\x64\x61\x74\x61\x5f\x65\x6e\x64\
\x29\x20\x7b\0\x20\x20\x20\x20\x62\x70\x66\x5f\x64\x65\x62\x75\x67\x28\x22\x49\
\x6e\x76\x61\x6c\x69\x64\x20\x70\x6f\x69\x6e\x74\x65\x72\x22\x29\x3b\0\x20\x20\
\x69\x66\x28\x21\x70\x5f\x66\x61\x72\x29\x20\x7b\0\x20\x20\x20\x20\x62\x70\x66\
\x5f\x64\x65\x62\x75\x67\x28\x22\x49\x6e\x76\x61\x6c\x69\x64\x20\x46\x41\x52\
\x21\x22\x29\x3b\0\x7d\0\x20\x20\x69\x66\x28\x70\x5f\x66\x61\x72\x2d\x3e\x61\
\x70\x70\x6c\x79\x5f\x61\x63\x74\x69\x6f\x6e\x2e\x66\x6f\x72\x77\x29\x20\x7b\0\
\x20\x20\x64\x65\x73\x74\x5f\x69\x6e\x74\x65\x72\x66\x61\x63\x65\x20\x3d\x20\
\x70\x5f\x66\x61\x72\x2d\x3e\x66\x6f\x72\x77\x61\x72\x64\x69\x6e\x67\x5f\x70\
\x61\x72\x61\x6d\x65\x74\x65\x72\x73\x2e\x64\x65\x73\x74\x69\x6e\x61\x74\x69\
\x6f\x6e\x5f\x69\x6e\x74\x65\x72\x66\x61\x63\x65\x2e\x69\x6e\x74\x65\x72\x66\
\x61\x63\x65\x5f\x76\x61\x6c\x75\x65\x3b\0\x20\x20\x20\x20\x69\x66\x28\x64\x65\
\x73\x74\x5f\x69\x6e\x74\x65\x72\x66\x61\x63\x65\x20\x3d\x3d\x20\x49\x4e\x54\
\x45\x52\x46\x41\x43\x45\x5f\x56\x41\x4c\x55\x45\x5f\x43\x4f\x52\x45\x29\x20\
\x7b\0\x20\x20\x20\x20\x20\x20\x62\x70\x66\x5f\x64\x65\x62\x75\x67\x28\x22\x44\
\x65\x73\x74\x69\x6e\x61\x74\x69\x6f\x6e\x20\x69\x73\x20\x74\x6f\x20\x49\x4e\
\x54\x45\x52\x46\x41\x43\x45\x5f\x56\x41\x4c\x55\x45\x5f\x43\x4f\x52\x45\x5c\
\x6e\x22\x29\x3b\0\x20\x20\x20\x20\x20\x20\x73\x77\x69\x74\x63\x68\x28\x6f\x75\
\x74\x65\x72\x5f\x68\x65\x61\x64\x65\x72\x5f\x63\x72\x65\x61\x74\x69\x6f\x6e\
\x29\x20\x7b\0\x20\x20\x20\x20\x20\x20\x20\x20\x62\x70\x66\x5f\x64\x65\x62\x75\
\x67\x28\x22\x4f\x55\x54\x45\x52\x5f\x48\x45\x41\x44\x45\x52\x5f\x43\x52\x45\
\x41\x54\x49\x4f\x4e\x5f\x55\x44\x50\x5f\x49\x50\x56\x34\x5c\x6e\x22\x29\x3b\0\
\x20\x20\x20\x20\x20\x20\x20\x20\x69\x66\x28\x28\x76\x6f\x69\x64\x20\x2a\x29\
\x28\x70\x5f\x6e\x65\x77\x5f\x65\x74\x68\x20\x2b\x20\x31\x29\x20\x3e\x20\x70\
\x5f\x64\x61\x74\x61\x5f\x65\x6e\x64\x29\x20\x7b\0\x20\x20\x20\x20\x20\x20\x20\
\x20\x5f\x5f\x62\x75\x69\x6c\x74\x69\x6e\x5f\x6d\x65\x6d\x63\x70\x79\x28\x70\
\x5f\x6e\x65\x77\x5f\x65\x74\x68\x2c\x20\x70\x5f\x65\x74\x68\x2c\x20\x73\x69\
\x7a\x65\x6f\x66\x28\x2a\x70\x5f\x65\x74\x68\x29\x29\x3b\0\x20\x20\x20\x20\x20\
\x20\x20\x20\x69\x66\x28\x28\x76\x6f\x69\x64\x20\x2a\x29\x28\x70\x5f\x69\x70\
\x20\x2b\x20\x31\x29\x20\x3e\x20\x70\x5f\x64\x61\x74\x61\x5f\x65\x6e\x64\x29\
\x20\x7b\0\x20\x20\x70\x5f\x6d\x61\x63\x5f\x61\x64\x64\x72\x65\x73\x73\x20\x3d\
\x20\x62\x70\x66\x5f\x6d\x61\x70\x5f\x6c\x6f\x6f\x6b\x75\x70\x5f\x65\x6c\x65\
\x6d\x28\x26\x6d\x5f\x61\x72\x70\x5f\x74\x61\x62\x6c\x65\x2c\x20\x26\x70\x5f\
\x69\x70\x2d\x3e\x64\x61\x64\x64\x72\x29\x3b\0\x20\x20\x69\x66\x28\x21\x70\x5f\
\x6d\x61\x63\x5f\x61\x64\x64\x72\x65\x73\x73\x29\x20\x7b\0\x20\x20\x20\x20\x62\
\x70\x66\x5f\x64\x65\x62\x75\x67\x28\x22\x6d\x61\x63\x20\x6e\x6f\x74\x20\x66\
\x6f\x75\x6e\x64\x21\x21\x5c\x6e\x22\x29\x3b\0\x20\x20\x20\x20\x62\x70\x66\x5f\
\x64\x65\x62\x75\x67\x28\x22\x46\x6f\x72\x77\x61\x72\x64\x20\x61\x63\x74\x69\
\x6f\x6e\x20\x75\x6e\x73\x65\x74\x22\x29\x3b\0\x20\x20\x20\x20\x20\x20\x62\x70\
\x66\x5f\x64\x65\x62\x75\x67\x28\x22\x44\x65\x73\x74\x69\x6e\x61\x74\x69\x6f\
\x6e\x20\x69\x73\x20\x74\x6f\x20\x49\x4e\x54\x45\x52\x46\x41\x43\x45\x5f\x56\
\x41\x4c\x55\x45\x5f\x41\x43\x43\x45\x53\x53\x22\x29\x3b\0\x20\x20\x20\x20\x20\
\x20\x20\x20\x62\x70\x66\x5f\x64\x65\x62\x75\x67\x28\x22\x4f\x55\x54\x45\x52\
\x5f\x48\x45\x41\x44\x45\x52\x5f\x43\x52\x45\x41\x54\x49\x4f\x4e\x5f\x47\x54\
\x50\x55\x5f\x55\x44\x50\x5f\x49\x50\x56\x34\x22\x29\x3b\0\x20\x20\x62\x70\x66\
\x5f\x64\x65\x62\x75\x67\x28\x22\x63\x72\x65\x61\x74\x65\x5f\x6f\x75\x74\x65\
\x72\x5f\x68\x65\x61\x64\x65\x72\x5f\x67\x74\x70\x75\x5f\x69\x70\x76\x34\x22\
\x29\x3b\0\x20\x20\x62\x70\x66\x5f\x78\x64\x70\x5f\x61\x64\x6a\x75\x73\x74\x5f\
\x68\x65\x61\x64\x28\x70\x5f\x63\x74\x78\x2c\x20\x28\x69\x6e\x74\x33\x32\x5f\
\x74\x29\x2d\x47\x54\x50\x5f\x45\x4e\x43\x41\x50\x53\x55\x4c\x41\x54\x45\x44\
\x5f\x53\x49\x5a\x45\x29\x3b\0\x20\x20\x70\x5f\x64\x61\x74\x61\x5f\x65\x6e\x64\
\x20\x3d\x20\x28\x76\x6f\x69\x64\x20\x2a\x29\x28\x6c\x6f\x6e\x67\x29\x70\x5f\
\x63\x74\x78\x2d\x3e\x64\x61\x74\x61\x5f\x65\x6e\x64\x3b\0\x20\x20\x70\x5f\x64\
\x61\x74\x61\x20\x3d\x20\x28\x76\x6f\x69\x64\x20\x2a\x29\x28\x6c\x6f\x6e\x67\
\x29\x70\x5f\x63\x74\x78\x2d\x3e\x64\x61\x74\x61\x3b\0\x20\x20\x20\x20\x20\x20\
\x20\x20\x72\x65\x74\x75\x72\x6e\x20\x62\x70\x66\x5f\x72\x65\x64\x69\x72\x65\
\x63\x74\x5f\x6d\x61\x70\x28\x26\x6d\x5f\x72\x65\x64\x69\x72\x65\x63\x74\x5f\
\x69\x6e\x74\x65\x72\x66\x61\x63\x65\x73\x2c\x20\x64\x69\x72\x65\x63\x74\x69\
\x6f\x6e\x2c\x20\x30\x29\x3b\0\x20\x20\x20\x20\x20\x20\x20\x20\x62\x70\x66\x5f\
\x64\x65\x62\x75\x67\x28\x22\x4f\x55\x54\x45\x52\x5f\x48\x45\x41\x44\x45\x52\
\x5f\x43\x52\x45\x41\x54\x49\x4f\x4e\x5f\x55\x44\x50\x5f\x49\x50\x56\x36\x5c\
\x6e\x22\x29\x3b\0\x20\x20\x20\x20\x20\x20\x20\x20\x62\x70\x66\x5f\x64\x65\x62\
\x75\x67\x28\x22\x49\x6e\x20\x64\x65\x73\x74\x69\x6e\x61\x74\x69\x6f\x6e\x20\
\x74\x6f\x20\x43\x4f\x52\x45\x20\x2d\x20\x49\x6e\x76\x61\x6c\x69\x64\x20\x6f\
\x70\x74\x69\x6f\x6e\x3a\x20\x25\x64\x22\x2c\x20\x6f\x75\x74\x65\x72\x5f\x68\
\x65\x61\x64\x65\x72\x5f\x63\x72\x65\x61\x74\x69\x6f\x6e\x29\x3b\0\x20\x20\x20\
\x20\x20\x20\x20\x20\x62\x70\x66\x5f\x64\x65\x62\x75\x67\x28\x22\x4f\x55\x54\
\x45\x52\x5f\x48\x45\x41\x44\x45\x52\x5f\x43\x52\x45\x41\x54\x49\x4f\x4e\x5f\
\x47\x54\x50\x55\x5f\x55\x44\x50\x5f\x49\x50\x56\x36\x22\x29\x3b\0\x20\x20\x20\
\x20\x20\x20\x20\x20\x62\x70\x66\x5f\x64\x65\x62\x75\x67\x28\x22\x49\x6e\x20\
\x64\x65\x73\x74\x69\x6e\x61\x74\x69\x6f\x6e\x20\x74\x6f\x20\x41\x43\x43\x45\
\x53\x53\x20\x2d\x20\x49\x6e\x76\x61\x6c\x69\x64\x20\x6f\x70\x74\x69\x6f\x6e\
\x3a\x20\x25\x64\x22\x2c\x20\x6f\x75\x74\x65\x72\x5f\x68\x65\x61\x64\x65\x72\
\x5f\x63\x72\x65\x61\x74\x69\x6f\x6e\x29\x3b\0\x20\x20\x69\x66\x28\x28\x76\x6f\
\x69\x64\x20\x2a\x29\x28\x70\x5f\x6f\x72\x69\x67\x5f\x65\x74\x68\x20\x2b\x20\
\x31\x29\x20\x3e\x20\x70\x5f\x64\x61\x74\x61\x5f\x65\x6e\x64\x29\x20\x7b\0\x20\
\x20\x6d\x65\x6d\x63\x70\x79\x28\x70\x5f\x65\x74\x68\x2c\x20\x70\x5f\x6f\x72\
\x69\x67\x5f\x65\x74\x68\x2c\x20\x73\x69\x7a\x65\x6f\x66\x28\x2a\x70\x5f\x65\
\x74\x68\x29\x29\x3b\0\x20\x20\x69\x66\x28\x28\x76\x6f\x69\x64\x20\x2a\x29\x28\
\x70\x5f\x69\x70\x20\x2b\x20\x31\x29\x20\x3e\x20\x70\x5f\x64\x61\x74\x61\x5f\
\x65\x6e\x64\x29\x20\x7b\0\x20\x20\x70\x5f\x69\x70\x2d\x3e\x69\x68\x6c\x20\x3d\
\x20\x35\x3b\x20\x2f\x2f\x20\x4e\x6f\x20\x6f\x70\x74\x69\x6f\x6e\x73\0\x20\x20\
\x70\x5f\x69\x70\x2d\x3e\x73\x61\x64\x64\x72\x20\x3d\x20\x4c\x4f\x43\x41\x4c\
\x5f\x49\x50\x3b\0\x20\x20\x70\x5f\x69\x70\x2d\x3e\x74\x74\x6c\x20\x3d\x20\x36\
\x34\x3b\0\x20\x20\x70\x5f\x69\x70\x2d\x3e\x69\x64\x20\x3d\x20\x30\x3b\x20\x20\
\x20\x20\x20\x20\x20\x20\x20\x20\x20\x20\x2f\x2f\x20\x4e\x6f\x20\x66\x72\x61\
\x67\x6d\x65\x6e\x74\x61\x74\x69\x6f\x6e\0\x20\x20\x70\x5f\x69\x70\x2d\x3e\x74\
\x6f\x74\x5f\x6c\x65\x6e\x20\x3d\x20\x68\x74\x6f\x6e\x73\x28\x6e\x74\x6f\x68\
\x73\x28\x70\x5f\x69\x6e\x6e\x65\x72\x5f\x69\x70\x2d\x3e\x74\x6f\x74\x5f\x6c\
\x65\x6e\x29\x20\x2b\x20\x47\x54\x50\x5f\x45\x4e\x43\x41\x50\x53\x55\x4c\x41\
\x54\x45\x44\x5f\x53\x49\x5a\x45\x29\x3b\0\x20\x20\x70\x5f\x69\x70\x2d\x3e\x64\
\x61\x64\x64\x72\x20\x3d\x20\x70\x5f\x66\x61\x72\x2d\x3e\x66\x6f\x72\x77\x61\
\x72\x64\x69\x6e\x67\x5f\x70\x61\x72\x61\x6d\x65\x74\x65\x72\x73\x2e\x6f\x75\
\x74\x65\x72\x5f\x68\x65\x61\x64\x65\x72\x5f\x63\x72\x65\x61\x74\x69\x6f\x6e\
\x2e\x69\x70\x76\x34\x5f\x61\x64\x64\x72\x65\x73\x73\x2e\x73\x5f\x61\x64\x64\
\x72\x3b\0\x20\x20\x69\x66\x28\x28\x76\x6f\x69\x64\x20\x2a\x29\x28\x70\x5f\x75\
\x64\x70\x20\x2b\x20\x31\x29\x20\x3e\x20\x70\x5f\x64\x61\x74\x61\x5f\x65\x6e\
\x64\x29\x20\x7b\0\x20\x20\x70\x5f\x75\x64\x70\x2d\x3e\x73\x6f\x75\x72\x63\x65\
\x20\x3d\x20\x68\x74\x6f\x6e\x73\x28\x47\x54\x50\x5f\x55\x44\x50\x5f\x50\x4f\
\x52\x54\x29\x3b\0\x20\x20\x70\x5f\x75\x64\x70\x2d\x3e\x64\x65\x73\x74\x20\x3d\
\x20\x68\x74\x6f\x6e\x73\x28\x70\x5f\x66\x61\x72\x2d\x3e\x66\x6f\x72\x77\x61\
\x72\x64\x69\x6e\x67\x5f\x70\x61\x72\x61\x6d\x65\x74\x65\x72\x73\x2e\x6f\x75\
\x74\x65\x72\x5f\x68\x65\x61\x64\x65\x72\x5f\x63\x72\x65\x61\x74\x69\x6f\x6e\
\x2e\x70\x6f\x72\x74\x5f\x6e\x75\x6d\x62\x65\x72\x29\x3b\0\x20\x20\x70\x5f\x75\
\x64\x70\x2d\x3e\x63\x68\x65\x63\x6b\x20\x3d\x20\x30\x3b\0\x20\x20\x70\x5f\x75\
\x64\x70\x2d\x3e\x6c\x65\x6e\x20\x3d\x20\x68\x74\x6f\x6e\x73\x28\x6e\x74\x6f\
\x68\x73\x28\x70\x5f\x69\x6e\x6e\x65\x72\x5f\x69\x70\x2d\x3e\x74\x6f\x74\x5f\
\x6c\x65\x6e\x29\x20\x2b\x20\x73\x69\x7a\x65\x6f\x66\x28\x2a\x70\x5f\x75\x64\
\x70\x29\x20\x2b\x20\x73\x69\x7a\x65\x6f\x66\x28\x73\x74\x72\x75\x63\x74\x20\
\x67\x74\x70\x75\x68\x64\x72\x29\x29\x3b\0\x20\x20\x62\x70\x66\x5f\x64\x65\x62\
\x75\x67\x28\x22\x44\x65\x73\x74\x69\x6e\x61\x74\x69\x6f\x6e\x20\x4d\x41\x43\
\x3a\x25\x78\x3a\x25\x78\x3a\x25\x78\x5c\x6e\x22\x2c\x20\x70\x5f\x65\x74\x68\
\x2d\x3e\x68\x5f\x64\x65\x73\x74\x5b\x30\x5d\x2c\x20\x70\x5f\x65\x74\x68\x2d\
\x3e\x68\x5f\x64\x65\x73\x74\x5b\x31\x5d\x2c\x20\x70\x5f\x65\x74\x68\x2d\x3e\
\x68\x5f\x64\x65\x73\x74\x5b\x32\x5d\x29\x3b\0\x20\x20\x62\x70\x66\x5f\x64\x65\
\x62\x75\x67\x28\x22\x44\x65\x73\x74\x69\x6e\x61\x74\x69\x6f\x6e\x20\x4d\x41\
\x43\x3a\x25\x78\x3a\x25\x78\x3a\x25\x78\x5c\x6e\x22\x2c\x20\x70\x5f\x65\x74\
\x68\x2d\x3e\x68\x5f\x64\x65\x73\x74\x5b\x33\x5d\x2c\x20\x70\x5f\x65\x74\x68\
\x2d\x3e\x68\x5f\x64\x65\x73\x74\x5b\x34\x5d\x2c\x20\x70\x5f\x65\x74\x68\x2d\
\x3e\x68\x5f\x64\x65\x73\x74\x5b\x35\x5d\x29\x3b\0\x20\x20\x6d\x65\x6d\x63\x70\
\x79\x28\x70\x5f\x65\x74\x68\x2d\x3e\x68\x5f\x64\x65\x73\x74\x2c\x20\x70\x5f\
\x6d\x61\x63\x5f\x61\x64\x64\x72\x65\x73\x73\x2c\x20\x73\x69\x7a\x65\x6f\x66\
\x28\x70\x5f\x65\x74\x68\x2d\x3e\x68\x5f\x64\x65\x73\x74\x29\x29\x3b\0\x20\x20\
\x20\x20\x20\x20\x20\x20\x62\x70\x66\x5f\x78\x64\x70\x5f\x61\x64\x6a\x75\x73\
\x74\x5f\x68\x65\x61\x64\x28\x70\x5f\x63\x74\x78\x2c\x20\x47\x54\x50\x5f\x45\
\x4e\x43\x41\x50\x53\x55\x4c\x41\x54\x45\x44\x5f\x53\x49\x5a\x45\x29\x3b\0\x20\
\x20\x62\x70\x66\x5f\x64\x65\x62\x75\x67\x28\x22\x44\x65\x73\x74\x69\x6e\x61\
\x74\x69\x6f\x6e\x20\x49\x50\x3a\x25\x64\x20\x50\x6f\x72\x74\x3a\x25\x64\x5c\
\x6e\x22\x2c\x20\x70\x5f\x69\x70\x2d\x3e\x64\x61\x64\x64\x72\x2c\x20\x70\x5f\
\x66\x61\x72\x2d\x3e\x66\x6f\x72\x77\x61\x72\x64\x69\x6e\x67\x5f\x70\x61\x72\
\x61\x6d\x65\x74\x65\x72\x73\x2e\x6f\x75\x74\x65\x72\x5f\x68\x65\x61\x64\x65\
\x72\x5f\x63\x72\x65\x61\x74\x69\x6f\x6e\x2e\x70\x6f\x72\x74\x5f\x6e\x75\x6d\
\x62\x65\x72\x29\x3b\0\x20\x20\x69\x66\x28\x28\x76\x6f\x69\x64\x20\x2a\x29\x28\
\x70\x5f\x67\x74\x70\x75\x68\x20\x2b\x20\x31\x29\x20\x3e\x20\x70\x5f\x64\x61\
\x74\x61\x5f\x65\x6e\x64\x29\x20\x7b\0\x20\x20\x70\x5f\x67\x74\x70\x75\x68\x2d\
\x3e\x6d\x65\x73\x73\x61\x67\x65\x5f\x74\x79\x70\x65\x20\x3d\x20\x47\x54\x50\
\x55\x5f\x47\x5f\x50\x44\x55\x3b\0\x20\x20\x6d\x65\x6d\x63\x70\x79\x28\x70\x5f\
\x67\x74\x70\x75\x68\x2c\x20\x26\x66\x6c\x61\x67\x73\x2c\x20\x73\x69\x7a\x65\
\x6f\x66\x28\x75\x38\x29\x29\x3b\0\x20\x20\x70\x5f\x67\x74\x70\x75\x68\x2d\x3e\
\x6d\x65\x73\x73\x61\x67\x65\x5f\x6c\x65\x6e\x67\x74\x68\x20\x3d\x20\x70\x5f\
\x69\x6e\x6e\x65\x72\x5f\x69\x70\x2d\x3e\x74\x6f\x74\x5f\x6c\x65\x6e\x3b\0\x20\
\x20\x70\x5f\x67\x74\x70\x75\x68\x2d\x3e\x74\x65\x69\x64\x20\x3d\x20\x70\x5f\
\x66\x61\x72\x2d\x3e\x66\x6f\x72\x77\x61\x72\x64\x69\x6e\x67\x5f\x70\x61\x72\
\x61\x6d\x65\x74\x65\x72\x73\x2e\x6f\x75\x74\x65\x72\x5f\x68\x65\x61\x64\x65\
\x72\x5f\x63\x72\x65\x61\x74\x69\x6f\x6e\x2e\x74\x65\x69\x64\x3b\0\x2f\x68\x6f\
\x6d\x65\x2f\x72\x6f\x68\x61\x6e\x2f\x6f\x61\x69\x2d\x63\x6e\x35\x67\x2d\x75\
\x70\x66\x2d\x65\x62\x70\x66\x2f\x73\x72\x63\x2f\x75\x70\x66\x5f\x61\x70\x70\
\x2f\x62\x70\x66\x2f\x75\x74\x69\x6c\x73\x2f\x63\x73\x75\x6d\x2e\x68\0\x20\x20\
\x72\x65\x74\x75\x72\x6e\x20\x62\x70\x66\x5f\x63\x73\x75\x6d\x5f\x64\x69\x66\
\x66\x28\x66\x72\x6f\x6d\x2c\x20\x66\x72\x6f\x6d\x5f\x73\x69\x7a\x65\x2c\x20\
\x74\x6f\x2c\x20\x74\x6f\x5f\x73\x69\x7a\x65\x2c\x20\x73\x65\x65\x64\x29\x3b\0\
\x20\x20\x76\x6f\x69\x64\x20\x2a\x64\x61\x74\x61\x5f\x65\x6e\x64\x32\x20\x3d\
\x20\x28\x76\x6f\x69\x64\x20\x2a\x29\x28\x6c\x6f\x6e\x67\x29\x63\x74\x78\x2d\
\x3e\x64\x61\x74\x61\x5f\x65\x6e\x64\x3b\0\x20\x20\x76\x6f\x69\x64\x20\x2a\x64\
\x61\x74\x61\x32\x20\x3d\x20\x28\x76\x6f\x69\x64\x20\x2a\x29\x28\x6c\x6f\x6e\
\x67\x29\x63\x74\x78\x2d\x3e\x64\x61\x74\x61\x3b\0\x20\x20\x69\x66\x28\x64\x61\
\x74\x61\x32\x20\x2b\x20\x63\x73\x75\x6d\x5f\x6f\x66\x66\x73\x65\x74\x20\x2b\
\x20\x73\x69\x7a\x65\x6f\x66\x28\x2a\x70\x74\x72\x29\x20\x3e\x20\x64\x61\x74\
\x61\x5f\x65\x6e\x64\x32\x29\x20\x7b\0\x73\x74\x61\x74\x69\x63\x20\x76\x6f\x69\
\x64\x20\x70\x63\x6e\x5f\x63\x73\x75\x6d\x5f\x72\x65\x70\x6c\x61\x63\x65\x5f\
\x62\x79\x5f\x64\x69\x66\x66\x28\x5f\x5f\x73\x75\x6d\x31\x36\x20\x2a\x73\x75\
\x6d\x2c\x20\x5f\x5f\x77\x73\x75\x6d\x20\x64\x69\x66\x66\x29\x20\x7b\x20\x2a\
\x73\x75\x6d\x20\x3d\x20\x70\x63\x6e\x5f\x63\x73\x75\x6d\x5f\x66\x6f\x6c\x64\
\x28\x70\x63\x6e\x5f\x63\x73\x75\x6d\x5f\x61\x64\x64\x28\x64\x69\x66\x66\x2c\
\x20\x7e\x70\x63\x6e\x5f\x63\x73\x75\x6d\x5f\x75\x6e\x66\x6f\x6c\x64\x28\x2a\
\x73\x75\x6d\x29\x29\x29\x3b\x20\x7d\0\x20\x20\x72\x65\x73\x20\x2b\x3d\x20\x28\
\x75\x33\x32\x29\x61\x64\x64\x65\x6e\x64\x3b\0\x20\x20\x72\x65\x74\x75\x72\x6e\
\x20\x28\x5f\x5f\x77\x73\x75\x6d\x29\x28\x72\x65\x73\x20\x2b\x20\x28\x72\x65\
\x73\x20\x3c\x20\x28\x75\x33\x32\x29\x61\x64\x64\x65\x6e\x64\x29\x29\x3b\0\x20\
\x20\x73\x75\x6d\x20\x3d\x20\x28\x73\x75\x6d\x20\x26\x20\x30\x78\x66\x66\x66\
\x66\x29\x20\x2b\x20\x28\x73\x75\x6d\x20\x3e\x3e\x20\x31\x36\x29\x3b\0\x20\x20\
\x72\x65\x74\x75\x72\x6e\x20\x28\x5f\x5f\x73\x75\x6d\x31\x36\x29\x7e\x73\x75\
\x6d\x3b\0\x20\x20\x62\x70\x66\x5f\x64\x65\x62\x75\x67\x28\x22\x47\x54\x50\x55\
\x20\x68\x65\x61\x64\x65\x72\x20\x77\x65\x72\x65\x20\x70\x75\x73\x68\x65\x64\
\x21\x22\x29\x3b\0\x62\x70\x66\x5f\x6d\x61\x70\x5f\x64\x65\x66\0\x6b\x65\x79\
\x5f\x73\x69\x7a\x65\0\x76\x61\x6c\x75\x65\x5f\x73\x69\x7a\x65\0\x6d\x61\x78\
\x5f\x65\x6e\x74\x72\x69\x65\x73\0\x6d\x61\x70\x5f\x66\x6c\x61\x67\x73\0\x6d\
\x63\x5f\x73\x74\x61\x74\x73\0\x6d\x5f\x66\x61\x72\x73\0\x6d\x5f\x72\x65\x64\
\x69\x72\x65\x63\x74\x5f\x69\x6e\x74\x65\x72\x66\x61\x63\x65\x73\0\x6d\x5f\x74\
\x65\x69\x64\x5f\x70\x64\x72\0\x6d\x5f\x75\x65\x69\x70\x5f\x70\x64\x72\0\x6d\
\x5f\x61\x72\x70\x5f\x74\x61\x62\x6c\x65\0\x63\x68\x61\x72\0\x5f\x6c\x69\x63\
\x65\x6e\x73\x65\0\x6c\x69\x63\x65\x6e\x73\x65\0\x6d\x61\x70\x73\0\x9f\xeb\x01\
\0\x20\0\0\0\0\0\0\0\x44\0\0\0\x44\0\0\0\xe4\x10\0\0\x28\x11\0\0\0\0\0\0\x08\0\
\0\0\x7d\0\0\0\x01\0\0\0\0\0\0\0\x07\0\0\0\x42\x01\0\0\x01\0\0\0\0\0\0\0\x09\0\
\0\0\x39\x09\0\0\x01\0\0\0\0\0\0\0\x0b\0\0\0\x0d\x12\0\0\x01\0\0\0\0\0\0\0\x42\
\0\0\0\x10\0\0\0\x7d\0\0\0\x05\0\0\0\0\0\0\0\x90\0\0\0\xcc\0\0\0\0\x88\0\0\x08\
\0\0\0\x90\0\0\0\xf8\0\0\0\x03\x94\0\0\x48\0\0\0\x90\0\0\0\0\0\0\0\0\0\0\0\x50\
\0\0\0\x90\0\0\0\xf8\0\0\0\x03\x94\0\0\x60\0\0\0\x90\0\0\0\x1c\x01\0\0\x03\x98\
\0\0\x42\x01\0\0\x4a\0\0\0\0\0\0\0\x90\0\0\0\x59\x01\0\0\0\x34\x07\0\x10\0\0\0\
\x90\0\0\0\x86\x01\0\0\x03\x3c\x07\0\x78\0\0\0\x90\0\0\0\0\0\0\0\0\0\0\0\x80\0\
\0\0\x90\0\0\0\x86\x01\0\0\x03\x3c\x07\0\x90\0\0\0\x90\0\0\0\xb5\x01\0\0\x2b\
\xb4\x05\0\x98\0\0\0\x90\0\0\0\xe9\x01\0\0\x27\xb0\x05\0\xa0\0\0\0\x90\0\0\0\
\x15\x02\0\0\x0d\xc4\x05\0\xb0\0\0\0\x90\0\0\0\x15\x02\0\0\x06\xc4\x05\0\xc0\0\
\0\0\x90\0\0\0\x3a\x02\0\0\x05\xc8\x05\0\x20\x01\0\0\x90\0\0\0\x60\x02\0\0\x0a\
\xf0\x05\0\x78\x01\0\0\x90\0\0\0\x60\x02\0\0\x08\xf0\x05\0\x88\x01\0\0\x90\0\0\
\0\x7f\x02\0\0\x03\xf4\x05\0\x20\x02\0\0\x90\0\0\0\x60\x02\0\0\x0a\xf0\x05\0\
\x28\x02\0\0\x90\0\0\0\x7f\x02\0\0\x03\xf4\x05\0\x40\x02\0\0\x90\0\0\0\x60\x02\
\0\0\x0a\xf0\x05\0\x48\x02\0\0\x90\0\0\0\xc3\x02\0\0\x0b\xfc\x05\0\x68\x02\0\0\
\x90\0\0\0\xf6\x02\0\0\x06\x04\x06\0\x70\x02\0\0\x90\0\0\0\x05\x03\0\0\x05\x08\
\x06\0\x10\x03\0\0\x90\0\0\0\x36\x03\0\0\x49\x1c\x06\0\x18\x03\0\0\x90\0\0\0\
\x8c\x03\0\0\x22\x58\x04\0\x20\x03\0\0\x90\0\0\0\xf4\x03\0\0\x07\x5c\x04\0\x28\
\x03\0\0\x90\0\0\0\xf4\x03\0\0\x26\x5c\x04\0\x30\x03\0\0\x90\0\0\0\x43\x04\0\0\
\x07\x60\x04\0\x38\x03\0\0\x90\0\0\0\x43\x04\0\0\x1b\x60\x04\0\x40\x03\0\0\x90\
\0\0\0\x43\x04\0\0\x20\x60\x04\0\x48\x03\0\0\x90\0\0\0\x6a\x04\0\0\x07\x64\x04\
\0\x50\x03\0\0\x90\0\0\0\x6a\x04\0\0\x3a\x64\x04\0\x58\x03\0\0\x90\0\0\0\x6a\
\x04\0\0\x23\x64\x04\0\x60\x03\0\0\x90\0\0\0\x8c\x03\0\0\x06\x58\x04\0\x70\x03\
\0\0\x90\0\0\0\xa9\x04\0\0\x09\x6c\x04\0\xc8\x03\0\0\x90\0\0\0\xca\x04\0\0\x09\
\x70\x04\0\xf8\x03\0\0\x90\0\0\0\xa9\x04\0\0\x09\x6c\x04\0\0\x04\0\0\x90\0\0\0\
\xca\x04\0\0\x09\x70\x04\0\x18\x04\0\0\x90\0\0\0\x0e\x05\0\0\x09\x74\x04\0\x38\
\x04\0\0\x90\0\0\0\xa9\x04\0\0\x09\x6c\x04\0\x40\x04\0\0\x90\0\0\0\x0e\x05\0\0\
\x09\x74\x04\0\x58\x04\0\0\x90\0\0\0\x6b\x05\0\0\x09\x78\x04\0\x90\x04\0\0\x90\
\0\0\0\xa9\x04\0\0\x09\x6c\x04\0\x98\x04\0\0\x90\0\0\0\x6b\x05\0\0\x09\x78\x04\
\0\xb0\x04\0\0\x90\0\0\0\xa7\x05\0\0\x09\x7c\x04\0\xe0\x04\0\0\x90\0\0\0\xa9\
\x04\0\0\x09\x6c\x04\0\xe8\x04\0\0\x90\0\0\0\xa7\x05\0\0\x09\x7c\x04\0\0\x05\0\
\0\x90\0\0\0\xf8\x05\0\0\x09\x80\x04\0\x28\x05\0\0\x90\0\0\0\xa9\x04\0\0\x09\
\x6c\x04\0\x30\x05\0\0\x90\0\0\0\xf8\x05\0\0\x09\x80\x04\0\x48\x05\0\0\x90\0\0\
\0\x1d\x06\0\0\x09\x84\x04\0\x70\x05\0\0\x90\0\0\0\xa9\x04\0\0\x09\x6c\x04\0\
\x78\x05\0\0\x90\0\0\0\x1d\x06\0\0\x09\x84\x04\0\x88\x05\0\0\x90\0\0\0\x53\x06\
\0\0\x09\x8c\x04\0\xb8\x05\0\0\x90\0\0\0\xa9\x04\0\0\x09\x6c\x04\0\xc0\x05\0\0\
\x90\0\0\0\x53\x06\0\0\x09\x8c\x04\0\xe8\x05\0\0\x99\x06\0\0\0\0\0\0\0\0\0\0\
\xf0\x05\0\0\x99\x06\0\0\xd8\x06\0\0\x19\xa8\0\0\x08\x06\0\0\x99\x06\0\0\x19\
\x07\0\0\x06\xac\0\0\x18\x06\0\0\x99\x06\0\0\x26\x07\0\0\x12\xd0\0\0\x30\x06\0\
\0\x99\x06\0\0\x3b\x07\0\0\x2a\xd4\0\0\x38\x06\0\0\x99\x06\0\0\x3b\x07\0\0\x1a\
\xd4\0\0\x40\x06\0\0\x99\x06\0\0\x3b\x07\0\0\x23\xd4\0\0\x48\x06\0\0\x99\x06\0\
\0\x3b\x07\0\0\x14\xd4\0\0\x58\x06\0\0\x99\x06\0\0\x3b\x07\0\0\x11\xd4\0\0\x70\
\x06\0\0\x99\x06\0\0\x6b\x07\0\0\x0a\xdc\0\0\x90\x06\0\0\x99\x06\0\0\x7c\x07\0\
\0\x05\xb0\0\0\xf0\x06\0\0\x90\0\0\0\xa7\x07\0\0\x03\x44\x07\0\x08\x07\0\0\x90\
\0\0\0\xd8\x07\0\0\x03\xa4\x04\0\x90\x07\0\0\x90\0\0\0\x06\x08\0\0\x05\x20\x06\
\0\x40\x08\0\0\x90\0\0\0\xd8\x07\0\0\x03\xa4\x04\0\x48\x08\0\0\x90\0\0\0\x06\
\x08\0\0\x05\x20\x06\0\x58\x08\0\0\x90\0\0\0\x67\x08\0\0\x39\x2c\x06\0\x60\x08\
\0\0\x90\0\0\0\x67\x08\0\0\x0d\x2c\x06\0\x80\x08\0\0\x90\0\0\0\xa8\x08\0\0\x0c\
\x30\x06\0\xa8\x08\0\0\x90\0\0\0\xd8\x07\0\0\x03\xa4\x04\0\xb8\x08\0\0\x90\0\0\
\0\xa8\x08\0\0\x0c\x30\x06\0\xd0\x08\0\0\x99\x06\0\0\xd9\x08\0\0\x06\x90\0\0\
\xe0\x08\0\0\x99\x06\0\0\xfa\x08\0\0\x05\x94\0\0\x39\x09\0\0\x47\0\0\0\0\0\0\0\
\x90\0\0\0\x52\x09\0\0\0\x58\x07\0\x18\0\0\0\x90\0\0\0\x81\x09\0\0\x03\x60\x07\
\0\x70\0\0\0\x90\0\0\0\0\0\0\0\0\0\0\0\x78\0\0\0\x90\0\0\0\x81\x09\0\0\x03\x60\
\x07\0\x88\0\0\0\x90\0\0\0\xb5\x01\0\0\x2b\xa4\x06\0\x90\0\0\0\x90\0\0\0\xe9\
\x01\0\0\x27\xa0\x06\0\x98\0\0\0\x90\0\0\0\x15\x02\0\0\x0d\xb4\x06\0\xa8\0\0\0\
\x90\0\0\0\x15\x02\0\0\x06\xb4\x06\0\xb8\0\0\0\x90\0\0\0\x3a\x02\0\0\x05\xb8\
\x06\0\x20\x01\0\0\x90\0\0\0\xb2\x09\0\0\x14\xd4\x06\0\x28\x01\0\0\x90\0\0\0\
\xb2\x09\0\0\x0b\xd4\x06\0\x38\x01\0\0\x90\0\0\0\xcc\x09\0\0\x03\xd8\x06\0\xd0\
\x01\0\0\x90\0\0\0\xb2\x09\0\0\x14\xd4\x06\0\xd8\x01\0\0\x90\0\0\0\xcc\x09\0\0\
\x03\xd8\x06\0\xf0\x01\0\0\x90\0\0\0\xb2\x09\0\0\x14\xd4\x06\0\xf8\x01\0\0\x90\
\0\0\0\x10\x0a\0\0\x0b\xe0\x06\0\x18\x02\0\0\x90\0\0\0\xf6\x02\0\0\x06\xe8\x06\
\0\x20\x02\0\0\x90\0\0\0\x05\x03\0\0\x05\xec\x06\0\xc0\x02\0\0\x90\0\0\0\0\0\0\
\0\0\0\0\0\xc8\x02\0\0\x90\0\0\0\x46\x0a\0\0\x06\xe0\x04\0\xd8\x02\0\0\x90\0\0\
\0\x55\x0a\0\0\x05\xe4\x04\0\x28\x03\0\0\x90\0\0\0\0\0\0\0\0\0\0\0\x30\x03\0\0\
\x90\0\0\0\x67\x08\0\0\x39\x08\x07\0\x38\x03\0\0\x90\0\0\0\x67\x08\0\0\x0d\x08\
\x07\0\x68\x03\0\0\x90\0\0\0\x7b\x0a\0\0\x05\x0c\x07\0\x40\x04\0\0\x90\0\0\0\
\x67\x08\0\0\x39\x08\x07\0\x48\x04\0\0\x90\0\0\0\x7b\x0a\0\0\x05\x0c\x07\0\x60\
\x04\0\0\x90\0\0\0\xf4\x0a\0\0\x0c\x14\x07\0\x88\x04\0\0\x90\0\0\0\x67\x08\0\0\
\x39\x08\x07\0\x98\x04\0\0\x90\0\0\0\xf4\x0a\0\0\x0c\x14\x07\0\xb0\x04\0\0\x99\
\x06\0\0\xd9\x08\0\0\x06\x90\0\0\xc0\x04\0\0\x99\x06\0\0\xfa\x08\0\0\x05\x94\0\
\0\x48\x05\0\0\x90\0\0\0\x27\x0b\0\0\x22\xf8\x04\0\x50\x05\0\0\x90\0\0\0\x8a\
\x0b\0\0\x07\xfc\x04\0\x58\x05\0\0\x90\0\0\0\x8a\x0b\0\0\x26\xfc\x04\0\x60\x05\
\0\0\x90\0\0\0\xd7\x0b\0\0\x07\x08\x05\0\x68\x05\0\0\x90\0\0\0\xd7\x0b\0\0\x3a\
\x08\x05\0\x70\x05\0\0\x90\0\0\0\xd7\x0b\0\0\x23\x08\x05\0\x78\x05\0\0\x90\0\0\
\0\x27\x0b\0\0\x06\xf8\x04\0\x88\x05\0\0\x90\0\0\0\xd8\x07\0\0\x03\x48\x05\0\
\x10\x06\0\0\x90\0\0\0\xa9\x04\0\0\x09\x10\x05\0\x60\x06\0\0\x90\0\0\0\x16\x0c\
\0\0\x09\x14\x05\0\x88\x06\0\0\x90\0\0\0\xa9\x04\0\0\x09\x10\x05\0\x98\x06\0\0\
\x90\0\0\0\x16\x0c\0\0\x09\x14\x05\0\xb0\x06\0\0\x90\0\0\0\x0e\x05\0\0\x09\x18\
\x05\0\xe8\x06\0\0\x90\0\0\0\xa9\x04\0\0\x09\x10\x05\0\xf0\x06\0\0\x90\0\0\0\
\x0e\x05\0\0\x09\x18\x05\0\x08\x07\0\0\x90\0\0\0\x55\x0c\0\0\x09\x1c\x05\0\x40\
\x07\0\0\x90\0\0\0\xa9\x04\0\0\x09\x10\x05\0\x48\x07\0\0\x90\0\0\0\x55\x0c\0\0\
\x09\x1c\x05\0\x60\x07\0\0\x90\0\0\0\xa7\x05\0\0\x09\x20\x05\0\xa8\x07\0\0\x90\
\0\0\0\xa9\x04\0\0\x09\x10\x05\0\xb0\x07\0\0\x90\0\0\0\xa7\x05\0\0\x09\x20\x05\
\0\xc0\x07\0\0\x90\0\0\0\x8f\x0c\0\0\x09\x2c\x05\0\xf8\x07\0\0\x90\0\0\0\xa9\
\x04\0\0\x09\x10\x05\0\0\x08\0\0\x90\0\0\0\x8f\x0c\0\0\x09\x2c\x05\0\x10\x08\0\
\0\x90\0\0\0\x53\x06\0\0\x09\x30\x05\0\x48\x08\0\0\x90\0\0\0\xa9\x04\0\0\x09\
\x10\x05\0\x50\x08\0\0\x90\0\0\0\x53\x06\0\0\x09\x30\x05\0\x70\x08\0\0\x99\x06\
\0\0\0\0\0\0\0\0\0\0\x78\x08\0\0\x99\x06\0\0\xd8\x06\0\0\x19\xa8\0\0\x90\x08\0\
\0\x99\x06\0\0\x19\x07\0\0\x06\xac\0\0\xa8\x08\0\0\x99\x06\0\0\x7c\x07\0\0\x05\
\xb0\0\0\x10\x09\0\0\x99\x06\0\0\x26\x07\0\0\x12\xd0\0\0\x28\x09\0\0\x99\x06\0\
\0\x3b\x07\0\0\x2a\xd4\0\0\x30\x09\0\0\x99\x06\0\0\x3b\x07\0\0\x1a\xd4\0\0\x38\
\x09\0\0\x99\x06\0\0\x3b\x07\0\0\x23\xd4\0\0\x40\x09\0\0\x99\x06\0\0\x3b\x07\0\
\0\x14\xd4\0\0\x50\x09\0\0\x99\x06\0\0\x3b\x07\0\0\x11\xd4\0\0\x68\x09\0\0\x99\
\x06\0\0\x6b\x07\0\0\x0a\xdc\0\0\x70\x09\0\0\x90\0\0\0\xa7\x07\0\0\x03\x68\x07\
\0\x0d\x12\0\0\x76\0\0\0\0\0\0\0\x90\0\0\0\x13\x12\0\0\0\xa8\x02\0\x08\0\0\0\
\x90\0\0\0\xb5\x01\0\0\x2b\xb4\x02\0\x10\0\0\0\x90\0\0\0\xe9\x01\0\0\x27\xb0\
\x02\0\x18\0\0\0\x90\0\0\0\x75\x12\0\0\x06\xdc\x02\0\x28\0\0\0\x90\0\0\0\x75\
\x12\0\0\x06\xdc\x02\0\x40\0\0\0\x90\0\0\0\x9e\x12\0\0\x05\xe0\x02\0\x80\0\0\0\
\x90\0\0\0\xc0\x12\0\0\x06\xf4\x02\0\x90\0\0\0\x90\0\0\0\xcf\x12\0\0\x05\xf8\
\x02\0\xd8\0\0\0\x90\0\0\0\0\0\0\0\0\0\0\0\xe8\0\0\0\x90\0\0\0\xee\x12\0\0\x01\
\x08\x04\0\xf8\0\0\0\x90\0\0\0\xf0\x12\0\0\x1a\x18\x03\0\x08\x01\0\0\x90\0\0\0\
\xf0\x12\0\0\x06\x18\x03\0\x20\x01\0\0\x90\0\0\0\x11\x13\0\0\x47\x08\x03\0\x28\
\x01\0\0\x90\0\0\0\x68\x13\0\0\x08\x1c\x03\0\x50\x01\0\0\x90\0\0\0\x99\x13\0\0\
\x07\x24\x03\0\xe8\x01\0\0\x90\0\0\0\xd6\x13\0\0\x07\x2c\x03\0\x08\x02\0\0\x90\
\0\0\0\xfc\x13\0\0\x09\x34\x03\0\x80\x02\0\0\x90\0\0\0\x33\x14\0\0\x1f\x44\x03\
\0\x90\x02\0\0\x90\0\0\0\x33\x14\0\0\x0c\x44\x03\0\x98\x02\0\0\x90\0\0\0\0\0\0\
\0\0\0\0\0\xa8\x02\0\0\x90\0\0\0\x66\x14\0\0\x09\x50\x03\0\x88\x03\0\0\x90\0\0\
\0\xa2\x14\0\0\x1a\x64\x03\0\x98\x03\0\0\x90\0\0\0\xa2\x14\0\0\x0c\x64\x03\0\
\xa8\x03\0\0\x90\0\0\0\xd0\x14\0\0\x3c\xd0\0\0\xb0\x03\0\0\x90\0\0\0\xd0\x14\0\
\0\x13\xd0\0\0\xd0\x03\0\0\x90\0\0\0\x13\x15\0\0\x06\xd4\0\0\xe0\x03\0\0\x90\0\
\0\0\x2a\x15\0\0\x05\xd8\0\0\x48\x04\0\0\x90\0\0\0\x4e\x15\0\0\x05\xfc\x03\0\
\xd8\x04\0\0\x90\0\0\0\x75\x15\0\0\x07\xc0\x03\0\x88\x05\0\0\x90\0\0\0\xd6\x13\
\0\0\x07\xc4\x03\0\xa0\x05\0\0\x90\0\0\0\xb2\x15\0\0\x09\xcc\x03\0\x30\x06\0\0\
\x90\0\0\0\xec\x15\0\0\x03\xfc\0\0\x98\x06\0\0\x90\0\0\0\xb2\x15\0\0\x09\xcc\
\x03\0\xa0\x06\0\0\x90\0\0\0\xec\x15\0\0\x03\xfc\0\0\xb0\x06\0\0\x90\0\0\0\x1a\
\x16\0\0\x03\x28\x01\0\xd0\x06\0\0\x90\0\0\0\x59\x16\0\0\x25\x38\x01\0\xd8\x06\
\0\0\x90\0\0\0\x87\x16\0\0\x21\x34\x01\0\xe0\x06\0\0\x90\0\0\0\x75\x12\0\0\x06\
\x44\x01\0\xf0\x06\0\0\x90\0\0\0\x75\x12\0\0\x06\x44\x01\0\x08\x07\0\0\x90\0\0\
\0\x9e\x12\0\0\x05\x48\x01\0\x40\x07\0\0\x90\0\0\0\0\0\0\0\0\0\0\0\x50\x07\0\0\
\x90\0\0\0\xad\x16\0\0\x10\xd4\x03\0\x60\x07\0\0\x90\0\0\0\0\0\0\0\0\0\0\0\x90\
\x07\0\0\x90\0\0\0\xf4\x16\0\0\x09\xa0\x03\0\x10\x08\0\0\x90\0\0\0\x2b\x17\0\0\
\x09\xb0\x03\0\xc0\x08\0\0\x90\0\0\0\x84\x17\0\0\x09\xe0\x03\0\x58\x09\0\0\x90\
\0\0\0\xbe\x17\0\0\x09\xec\x03\0\x10\x0a\0\0\x90\0\0\0\x19\x18\0\0\x1a\x60\x01\
\0\x28\x0a\0\0\x90\0\0\0\x19\x18\0\0\x06\x60\x01\0\x30\x0a\0\0\x90\0\0\0\x47\
\x18\0\0\x03\x6c\x01\0\x10\x0b\0\0\x90\0\0\0\x74\x18\0\0\x14\x78\x01\0\x20\x0b\
\0\0\x90\0\0\0\x74\x18\0\0\x06\x78\x01\0\x28\x0b\0\0\x90\0\0\0\0\0\0\0\0\0\0\0\
\x38\x0b\0\0\x90\0\0\0\x74\x18\0\0\x06\x78\x01\0\x48\x0b\0\0\x90\0\0\0\x9c\x18\
\0\0\x0d\xb0\x01\0\x58\x0b\0\0\x90\0\0\0\xbb\x18\0\0\x0f\xd0\x01\0\x68\x0b\0\0\
\x90\0\0\0\xd5\x18\0\0\x0d\xc4\x01\0\x78\x0b\0\0\x90\0\0\0\xe7\x18\0\0\x0c\xbc\
\x01\0\x80\x0b\0\0\x90\0\0\0\x16\x19\0\0\x13\xb8\x01\0\xa8\x0b\0\0\x90\0\0\0\
\x16\x19\0\0\x11\xb8\x01\0\xb0\x0b\0\0\x90\0\0\0\x63\x19\0\0\x51\xd4\x01\0\xb8\
\x0b\0\0\x90\0\0\0\x63\x19\0\0\x0f\xd4\x01\0\xc0\x0b\0\0\x90\0\0\0\xbb\x19\0\0\
\x15\xe4\x01\0\xd0\x0b\0\0\x90\0\0\0\xbb\x19\0\0\x06\xe4\x01\0\0\x0c\0\0\x90\0\
\0\0\xe4\x19\0\0\x11\xf4\x01\0\x18\x0c\0\0\x90\0\0\0\x0b\x1a\0\0\x11\xf8\x01\0\
\x28\x0c\0\0\x90\0\0\0\x62\x1a\0\0\x10\0\x02\0\x30\x0c\0\0\x90\0\0\0\x76\x1a\0\
\0\x10\xfc\x01\0\x40\x0c\0\0\x90\0\0\0\x76\x1a\0\0\x0e\xfc\x01\0\x50\x0c\0\0\
\x90\0\0\0\x0b\x1a\0\0\x0f\xf8\x01\0\x60\x0c\0\0\x90\0\0\0\xd2\x1a\0\0\x03\x08\
\x02\0\xd0\x0c\0\0\x90\0\0\0\xe4\x19\0\0\x11\xf4\x01\0\xd8\x0c\0\0\x90\0\0\0\
\xd2\x1a\0\0\x03\x08\x02\0\xe8\x0c\0\0\x90\0\0\0\x33\x1b\0\0\x03\x0c\x02\0\x60\
\x0d\0\0\x90\0\0\0\xe4\x19\0\0\x11\xf4\x01\0\x68\x0d\0\0\x90\0\0\0\x33\x1b\0\0\
\x03\x0c\x02\0\x78\x0d\0\0\x90\0\0\0\xd0\x14\0\0\x13\x10\x02\0\x98\x0d\0\0\x90\
\0\0\0\x13\x15\0\0\x06\x14\x02\0\xa0\x0d\0\0\x90\0\0\0\x2a\x15\0\0\x05\x18\x02\
\0\0\x0e\0\0\x90\0\0\0\x94\x1b\0\0\x03\xe4\0\0\x60\x0e\0\0\x90\0\0\0\xd3\x1b\0\
\0\x09\x88\x03\0\x78\x0e\0\0\x90\0\0\0\xad\x16\0\0\x10\x90\x03\0\x98\x0e\0\0\
\x90\0\0\0\x94\x1b\0\0\x03\x28\x02\0\0\x0f\0\0\x90\0\0\0\xd2\x1a\0\0\x03\x2c\
\x02\0\x70\x0f\0\0\x90\0\0\0\x94\x1b\0\0\x03\x28\x02\0\x78\x0f\0\0\x90\0\0\0\
\xd2\x1a\0\0\x03\x2c\x02\0\x88\x0f\0\0\x90\0\0\0\x33\x1b\0\0\x03\x30\x02\0\0\
\x10\0\0\x90\0\0\0\x94\x1b\0\0\x03\x28\x02\0\x08\x10\0\0\x90\0\0\0\x33\x1b\0\0\
\x03\x30\x02\0\x18\x10\0\0\x90\0\0\0\x0e\x1c\0\0\x03\x34\x02\0\xa0\x10\0\0\x90\
\0\0\0\x94\x1b\0\0\x03\x28\x02\0\xa8\x10\0\0\x90\0\0\0\x0e\x1c\0\0\x03\x34\x02\
\0\xb8\x10\0\0\x90\0\0\0\x87\x1c\0\0\x17\x44\x02\0\xd0\x10\0\0\x90\0\0\0\x87\
\x1c\0\0\x06\x44\x02\0\xe8\x10\0\0\x90\0\0\0\xb2\x1c\0\0\x19\x5c\x02\0\xf8\x10\
\0\0\x90\0\0\0\xd8\x1c\0\0\x03\x58\x02\0\0\x11\0\0\x90\0\0\0\xff\x1c\0\0\x29\
\x60\x02\0\x08\x11\0\0\x90\0\0\0\xff\x1c\0\0\x1b\x60\x02\0\x20\x11\0\0\x90\0\0\
\0\x30\x1d\0\0\x46\x64\x02\0\x28\x11\0\0\x90\0\0\0\x30\x1d\0\0\x11\x64\x02\0\
\x70\x11\0\0\x7b\x1d\0\0\xb6\x1d\0\0\x0a\xd8\x01\0\xa0\x11\0\0\x7b\x1d\0\0\xf2\
\x1d\0\0\x28\x68\x01\0\xa8\x11\0\0\x7b\x1d\0\0\x23\x1e\0\0\x24\x64\x01\0\xb0\
\x11\0\0\x7b\x1d\0\0\x4c\x1e\0\0\x1a\x6c\x01\0\xc0\x11\0\0\x7b\x1d\0\0\x4c\x1e\
\0\0\x06\x6c\x01\0\xc8\x11\0\0\x7b\x1d\0\0\xb6\x1d\0\0\x0a\xd8\x01\0\xd8\x11\0\
\0\x7b\x1d\0\0\x83\x1e\0\0\x7c\x34\x01\0\xe0\x11\0\0\x7b\x1d\0\0\x83\x1e\0\0\
\x6b\x34\x01\0\xf8\x11\0\0\x7b\x1d\0\0\x09\x1f\0\0\x07\xfc\0\0\x30\x12\0\0\x7b\
\x1d\0\0\x1f\x1f\0\0\x17\0\x01\0\x58\x12\0\0\x7b\x1d\0\0\x4d\x1f\0\0\x0e\xdc\0\
\0\x60\x12\0\0\x7b\x1d\0\0\x4d\x1f\0\0\x1f\xdc\0\0\x68\x12\0\0\x7b\x1d\0\0\x4d\
\x1f\0\0\x18\xdc\0\0\x70\x12\0\0\x7b\x1d\0\0\x4d\x1f\0\0\x1f\xe0\0\0\x80\x12\0\
\0\x7b\x1d\0\0\x4d\x1f\0\0\x18\xe0\0\0\x88\x12\0\0\x7b\x1d\0\0\x73\x1f\0\0\x0a\
\xe4\0\0\x90\x12\0\0\x7b\x1d\0\0\x83\x1e\0\0\x48\x34\x01\0\xa0\x12\0\0\x90\0\0\
\0\x8b\x1f\0\0\x03\x7c\x02\0\0\0\0\0\0\0\0\x0c\0\0\0\xff\xff\xff\xff\x04\0\x08\
\0\x08\x7c\x0b\0\x14\0\0\0\0\0\0\0\0\0\0\0\0\0\0\0\x70\0\0\0\0\0\0\0\x14\0\0\0\
\0\0\0\0\0\0\0\0\0\0\0\0\x68\x09\0\0\0\0\0\0\x14\0\0\0\0\0\0\0\0\0\0\0\0\0\0\0\
\x80\x09\0\0\0\0\0\0\x14\0\0\0\0\0\0\0\0\0\0\0\0\0\0\0\x10\x13\0\0\0\0\0\0\x9c\
\x0d\0\0\x04\0\xcb\x07\0\0\x08\x01\x01\xfb\x0e\x0d\0\x01\x01\x01\x01\0\0\0\x01\
\0\0\x01\x2f\x68\x6f\x6d\x65\x2f\x72\x6f\x68\x61\x6e\x2f\x6f\x61\x69\x2d\x63\
\x6e\x35\x67\x2d\x75\x70\x66\x2d\x65\x62\x70\x66\0\x2f\x75\x73\x72\x2f\x69\x6e\
\x63\x6c\x75\x64\x65\x2f\x61\x73\x6d\x2d\x67\x65\x6e\x65\x72\x69\x63\0\x2f\x75\
\x73\x72\x2f\x69\x6e\x63\x6c\x75\x64\x65\x2f\x6c\x69\x6e\x75\x78\0\x2f\x75\x73\
\x72\x2f\x69\x6e\x63\x6c\x75\x64\x65\x2f\x62\x69\x74\x73\0\0\x73\x72\x63\x2f\
\x75\x70\x66\x5f\x61\x70\x70\x2f\x69\x6e\x63\x6c\x75\x64\x65\x2f\x62\x70\x66\
\x5f\x68\x65\x6c\x70\x65\x72\x73\x2e\x68\0\x01\0\0\x73\x72\x63\x2f\x75\x70\x66\
\x5f\x61\x70\x70\x2f\x62\x70\x66\x2f\x78\x64\x70\x5f\x73\x74\x61\x74\x73\x5f\
\x6b\x65\x72\x6e\x2e\x68\0\x01\0\0\x73\x72\x63\x2f\x75\x70\x66\x5f\x61\x70\x70\
\x2f\x62\x70\x66\x2f\x73\x65\x73\x73\x69\x6f\x6e\x5f\x62\x70\x66\x5f\x6d\x61\
\x70\x73\x2e\x68\0\x01\0\0\x73\x72\x63\x2f\x75\x70\x66\x5f\x61\x70\x70\x2f\x62\
\x70\x66\x2f\x73\x65\x73\x73\x69\x6f\x6e\x5f\x62\x70\x66\x2e\x63\0\x01\0\0\x69\
\x6e\x74\x2d\x6c\x6c\x36\x34\x2e\x68\0\x02\0\0\x73\x72\x63\x2f\x75\x70\x66\x5f\
\x61\x70\x70\x2f\x69\x6e\x63\x6c\x75\x64\x65\x2f\x62\x70\x66\x5f\x68\x65\x6c\
\x70\x65\x72\x5f\x64\x65\x66\x73\x2e\x68\0\x01\0\0\x73\x72\x63\x2f\x75\x70\x66\
\x5f\x61\x70\x70\x2f\x69\x6e\x63\x6c\x75\x64\x65\x2f\x6c\x69\x6e\x75\x78\x2f\
\x62\x70\x66\x2e\x68\0\x01\0\0\x74\x79\x70\x65\x73\x2e\x68\0\x03\0\0\x73\x72\
\x63\x2f\x75\x70\x66\x5f\x61\x70\x70\x2f\x69\x6e\x63\x6c\x75\x64\x65\x2f\x74\
\x79\x70\x65\x73\x2e\x68\0\x01\0\0\x73\x72\x63\x2f\x75\x70\x66\x5f\x61\x70\x70\
\x2f\x62\x70\x66\x2f\x69\x65\x2f\x64\x65\x73\x74\x69\x6e\x61\x74\x69\x6f\x6e\
\x5f\x69\x6e\x74\x65\x72\x66\x61\x63\x65\x2e\x68\0\x01\0\0\x69\x6e\x2e\x68\0\
\x03\0\0\x69\x70\x2e\x68\0\x03\0\0\x74\x79\x70\x65\x73\x2e\x68\0\x04\0\0\x73\
\x74\x64\x69\x6e\x74\x2d\x69\x6e\x74\x6e\x2e\x68\0\x04\0\0\x73\x72\x63\x2f\x75\
\x70\x66\x5f\x61\x70\x70\x2f\x62\x70\x66\x2f\x69\x65\x2f\x74\x65\x69\x64\x2e\
\x68\0\x01\0\0\x73\x72\x63\x2f\x75\x70\x66\x5f\x61\x70\x70\x2f\x62\x70\x66\x2f\
\x70\x72\x6f\x74\x6f\x63\x6f\x6c\x73\x2f\x67\x74\x70\x75\x2e\x68\0\x01\0\0\x73\
\x74\x64\x69\x6e\x74\x2d\x75\x69\x6e\x74\x6e\x2e\x68\0\x04\0\0\x73\x72\x63\x2f\
\x75\x70\x66\x5f\x61\x70\x70\x2f\x62\x70\x66\x2f\x69\x65\x2f\x69\x65\x5f\x62\
\x61\x73\x65\x2e\x68\0\x01\0\0\x73\x72\x63\x2f\x75\x70\x66\x5f\x61\x70\x70\x2f\
\x62\x70\x66\x2f\x69\x65\x2f\x70\x64\x72\x5f\x69\x64\x2e\x68\0\x01\0\0\x73\x72\
\x63\x2f\x75\x70\x66\x5f\x61\x70\x70\x2f\x62\x70\x66\x2f\x70\x66\x63\x70\x2f\
\x70\x66\x63\x70\x5f\x70\x64\x72\x2e\x68\0\x01\0\0\x73\x72\x63\x2f\x75\x70\x66\
\x5f\x61\x70\x70\x2f\x62\x70\x66\x2f\x69\x65\x2f\x70\x72\x65\x63\x65\x64\x65\
\x6e\x63\x65\x2e\x68\0\x01\0\0\x73\x72\x63\x2f\x75\x70\x66\x5f\x61\x70\x70\x2f\
\x62\x70\x66\x2f\x69\x65\x2f\x67\x72\x6f\x75\x70\x5f\x69\x65\x2f\x70\x64\x69\
\x2e\x68\0\x01\0\0\x73\x72\x63\x2f\x75\x70\x66\x5f\x61\x70\x70\x2f\x62\x70\x66\
\x2f\x69\x65\x2f\x73\x6f\x75\x72\x63\x65\x5f\x69\x6e\x74\x65\x72\x66\x61\x63\
\x65\x2e\x68\0\x01\0\0\x73\x72\x63\x2f\x75\x70\x66\x5f\x61\x70\x70\x2f\x62\x70\
\x66\x2f\x69\x65\x2f\x66\x74\x65\x69\x64\x2e\x68\0\x01\0\0\x73\x72\x63\x2f\x75\
\x70\x66\x5f\x61\x70\x70\x2f\x62\x70\x66\x2f\x69\x65\x2f\x6e\x65\x74\x77\x6f\
\x72\x6b\x5f\x69\x6e\x73\x74\x61\x6e\x63\x65\x2e\x68\0\x01\0\0\x73\x72\x63\x2f\
\x75\x70\x66\x5f\x61\x70\x70\x2f\x62\x70\x66\x2f\x69\x65\x2f\x75\x65\x5f\x69\
\x70\x5f\x61\x64\x64\x72\x65\x73\x73\x2e\x68\0\x01\0\0\x73\x72\x63\x2f\x75\x70\
\x66\x5f\x61\x70\x70\x2f\x62\x70\x66\x2f\x69\x65\x2f\x74\x72\x61\x66\x66\x69\
\x63\x5f\x65\x6e\x64\x70\x6f\x69\x6e\x74\x5f\x69\x64\x2e\x68\0\x01\0\0\x73\x72\
\x63\x2f\x75\x70\x66\x5f\x61\x70\x70\x2f\x62\x70\x66\x2f\x69\x65\x2f\x73\x64\
\x66\x5f\x66\x69\x6c\x74\x65\x72\x2e\x68\0\x01\0\0\x73\x72\x63\x2f\x75\x70\x66\
\x5f\x61\x70\x70\x2f\x62\x70\x66\x2f\x69\x65\x2f\x61\x70\x70\x6c\x69\x63\x61\
\x74\x69\x6f\x6e\x5f\x69\x64\x2e\x68\0\x01\0\0\x73\x72\x63\x2f\x75\x70\x66\x5f\
\x61\x70\x70\x2f\x62\x70\x66\x2f\x69\x65\x2f\x65\x74\x68\x65\x72\x6e\x65\x74\
\x5f\x70\x64\x75\x5f\x73\x65\x73\x73\x69\x6f\x6e\x5f\x69\x6e\x66\x6f\x72\x6d\
\x61\x74\x69\x6f\x6e\x2e\x68\0\x01\0\0\x73\x72\x63\x2f\x75\x70\x66\x5f\x61\x70\
\x70\x2f\x62\x70\x66\x2f\x69\x65\x2f\x71\x66\x69\x2e\x68\0\x01\0\0\x73\x72\x63\
\x2f\x75\x70\x66\x5f\x61\x70\x70\x2f\x62\x70\x66\x2f\x69\x65\x2f\x66\x72\x61\
\x6d\x65\x64\x5f\x72\x6f\x75\x74\x65\x2e\x68\0\x01\0\0\x73\x72\x63\x2f\x75\x70\
\x66\x5f\x61\x70\x70\x2f\x62\x70\x66\x2f\x69\x65\x2f\x66\x72\x61\x6d\x65\x64\
\x5f\x72\x6f\x75\x74\x69\x6e\x67\x2e\x68\0\x01\0\0\x73\x72\x63\x2f\x75\x70\x66\
\x5f\x61\x70\x70\x2f\x62\x70\x66\x2f\x69\x65\x2f\x66\x72\x61\x6d\x65\x64\x5f\
\x69\x70\x76\x36\x5f\x72\x6f\x75\x74\x69\x6e\x67\x2e\x68\0\x01\0\0\x73\x72\x63\
\x2f\x75\x70\x66\x5f\x61\x70\x70\x2f\x62\x70\x66\x2f\x69\x65\x2f\x6f\x75\x74\
\x65\x72\x5f\x68\x65\x61\x64\x65\x72\x5f\x72\x65\x6d\x6f\x76\x61\x6c\x2e\x68\0\
\x01\0\0\x73\x72\x63\x2f\x75\x70\x66\x5f\x61\x70\x70\x2f\x62\x70\x66\x2f\x69\
\x65\x2f\x66\x61\x72\x5f\x69\x64\x2e\x68\0\x01\0\0\x73\x72\x63\x2f\x75\x70\x66\
\x5f\x61\x70\x70\x2f\x62\x70\x66\x2f\x69\x65\x2f\x75\x72\x72\x5f\x69\x64\x2e\
\x68\0\x01\0\0\x73\x72\x63\x2f\x75\x70\x66\x5f\x61\x70\x70\x2f\x62\x70\x66\x2f\
\x69\x65\x2f\x71\x65\x72\x5f\x69\x64\x2e\x68\0\x01\0\0\x73\x72\x63\x2f\x75\x70\
\x66\x5f\x61\x70\x70\x2f\x62\x70\x66\x2f\x69\x65\x2f\x61\x63\x74\x69\x76\x61\
\x74\x65\x5f\x70\x72\x65\x64\x65\x66\x69\x6e\x65\x64\x5f\x72\x75\x6c\x65\x73\
\x2e\x68\0\x01\0\0\x73\x72\x63\x2f\x75\x70\x66\x5f\x61\x70\x70\x2f\x62\x70\x66\
\x2f\x70\x66\x63\x70\x2f\x70\x66\x63\x70\x5f\x66\x61\x72\x2e\x68\0\x01\0\0\x73\
\x72\x63\x2f\x75\x70\x66\x5f\x61\x70\x70\x2f\x62\x70\x66\x2f\x69\x65\x2f\x61\
\x70\x70\x6c\x79\x5f\x61\x63\x74\x69\x6f\x6e\x2e\x68\0\x01\0\0\x73\x72\x63\x2f\
\x75\x70\x66\x5f\x61\x70\x70\x2f\x62\x70\x66\x2f\x69\x65\x2f\x67\x72\x6f\x75\
\x70\x5f\x69\x65\x2f\x66\x6f\x72\x77\x61\x72\x64\x69\x6e\x67\x5f\x70\x61\x72\
\x61\x6d\x65\x74\x65\x72\x73\x2e\x68\0\x01\0\0\x73\x72\x63\x2f\x75\x70\x66\x5f\
\x61\x70\x70\x2f\x62\x70\x66\x2f\x69\x65\x2f\x72\x65\x64\x69\x72\x65\x63\x74\
\x5f\x69\x6e\x66\x6f\x72\x6d\x61\x74\x69\x6f\x6e\x2e\x68\0\x01\0\0\x73\x72\x63\
\x2f\x75\x70\x66\x5f\x61\x70\x70\x2f\x62\x70\x66\x2f\x69\x65\x2f\x6f\x75\x74\
\x65\x72\x5f\x68\x65\x61\x64\x65\x72\x5f\x63\x72\x65\x61\x74\x69\x6f\x6e\x2e\
\x68\0\x01\0\0\x69\x6e\x36\x2e\x68\0\x03\0\0\x73\x72\x63\x2f\x75\x70\x66\x5f\
\x61\x70\x70\x2f\x62\x70\x66\x2f\x69\x65\x2f\x74\x72\x61\x6e\x73\x70\x6f\x72\
\x74\x5f\x6c\x65\x76\x65\x6c\x5f\x6d\x61\x72\x6b\x69\x6e\x67\x2e\x68\0\x01\0\0\
\x73\x72\x63\x2f\x75\x70\x66\x5f\x61\x70\x70\x2f\x62\x70\x66\x2f\x69\x65\x2f\
\x66\x6f\x77\x61\x72\x64\x69\x6e\x67\x5f\x70\x6f\x6c\x69\x63\x79\x2e\x68\0\x01\
\0\0\x73\x72\x63\x2f\x75\x70\x66\x5f\x61\x70\x70\x2f\x62\x70\x66\x2f\x69\x65\
\x2f\x68\x65\x61\x64\x65\x72\x5f\x65\x6e\x72\x69\x63\x68\x6d\x65\x6e\x74\x2e\
\x68\0\x01\0\0\x73\x72\x63\x2f\x75\x70\x66\x5f\x61\x70\x70\x2f\x62\x70\x66\x2f\
\x69\x65\x2f\x70\x72\x6f\x78\x69\x6e\x67\x2e\x68\0\x01\0\0\x73\x72\x63\x2f\x75\
\x70\x66\x5f\x61\x70\x70\x2f\x62\x70\x66\x2f\x69\x65\x2f\x67\x72\x6f\x75\x70\
\x5f\x69\x65\x2f\x64\x75\x70\x6c\x69\x63\x61\x74\x69\x6e\x67\x5f\x70\x61\x72\
\x61\x6d\x65\x74\x65\x72\x73\x2e\x68\0\x01\0\0\x73\x72\x63\x2f\x75\x70\x66\x5f\
\x61\x70\x70\x2f\x62\x70\x66\x2f\x69\x65\x2f\x62\x61\x72\x5f\x69\x64\x2e\x68\0\
\x01\0\0\x73\x72\x63\x2f\x75\x70\x66\x5f\x61\x70\x70\x2f\x62\x70\x66\x2f\x69\
\x65\x2f\x66\x73\x65\x69\x64\x2e\x68\0\x01\0\0\x73\x72\x63\x2f\x75\x70\x66\x5f\
\x61\x70\x70\x2f\x62\x70\x66\x2f\x78\x64\x70\x5f\x73\x74\x61\x74\x73\x5f\x6b\
\x65\x72\x6e\x5f\x75\x73\x65\x72\x2e\x68\0\x01\0\0\x73\x72\x63\x2f\x75\x70\x66\
\x5f\x61\x70\x70\x2f\x62\x70\x66\x2f\x75\x74\x69\x6c\x73\x2f\x63\x73\x75\x6d\
\x2e\x68\0\x01\0\0\x69\x66\x5f\x65\x74\x68\x65\x72\x2e\x68\0\x03\0\0\x75\x64\
\x70\x2e\x68\0\x03\0\0\0\x04\x04\0\x09\x02\0\0\0\0\0\0\0\0\x03\x22\x01\x05\x03\
\x0a\x22\x05\0\x06\x03\x5b\x82\x05\x03\x03\x25\x20\x06\x2f\x02\x02\0\x01\x01\
\x04\x04\0\x09\x02\0\0\0\0\0\0\0\0\x03\xcd\x03\x01\x05\x03\x0a\x2f\x05\0\x06\
\x03\xb1\x7c\xc8\x05\x03\x03\xcf\x03\x20\x05\x2b\x06\x03\x9e\x7f\x2e\x05\x27\
\x1f\x05\x0d\x25\x05\x06\x06\x2e\x03\x8f\x7d\x20\x05\x05\x06\x03\xf2\x02\x20\
\x06\x03\x8e\x7d\xac\x05\x0a\x06\x03\xfc\x02\x20\x05\x08\x06\xac\x05\x03\x06\
\x2f\x05\x0a\x08\x2d\x05\x03\x21\x06\x03\x83\x7d\x2e\x05\x0a\x06\x03\xfc\x02\
\x20\x05\x0b\x23\x05\x06\x4c\x05\x05\x21\x06\x03\xfe\x7c\x08\x20\x05\x49\x06\
\x03\x87\x03\x2e\x05\x22\x03\x8f\x7f\x20\x05\x07\x21\x05\x26\x06\x20\x05\x07\
\x06\x21\x05\x1b\x06\x20\x05\x20\x20\x05\x07\x06\x21\x05\x3a\x06\x20\x05\x23\
\x20\x05\x06\x06\x1d\x06\x03\xea\x7d\x20\x05\x09\x06\x03\x9b\x02\x20\xad\x06\
\x03\xe4\x7d\x2e\x03\x9c\x02\x2e\x06\x2d\x21\x3d\x48\x22\x06\x03\xe3\x7d\x2e\
\x06\x03\x9e\x02\x20\x71\x23\x3d\x62\x24\x06\x03\xe1\x7d\x2e\x06\x03\xa0\x02\
\x20\x53\x25\x3d\x03\x7a\x58\x26\x30\x03\x78\x66\x28\x06\x03\xdd\x7d\x2e\x04\
\x02\x05\x19\x06\x03\x2a\x4a\x05\x06\x3d\x05\x12\x03\x09\x2e\x05\x2a\x3d\x05\
\x1a\x06\x20\x05\x23\x20\x05\x14\x20\x05\x11\x2e\x05\x0a\x06\x3e\x06\x03\x49\
\x20\x05\x05\x06\x03\x2c\x3c\x06\x03\x54\xac\x04\x04\x05\x03\x06\x03\xd1\x03\
\x20\x06\x03\xaf\x7c\x2e\x06\x03\xa9\x02\x20\x06\x03\xd7\x7d\xf2\x05\x05\x06\
\x03\x88\x03\x20\x05\x03\x03\xa1\x7f\x08\x58\x05\x05\x03\xdf\0\x20\x05\x39\x31\
\x05\x0d\x06\x20\x05\x0c\x06\x4b\x06\x03\xf4\x7c\x4a\x05\x03\x06\x03\xa9\x02\
\x20\x05\x0c\x03\xe3\0\x2e\x04\x02\x05\x06\x03\x98\x7d\x3c\x06\x03\x5c\x20\x05\
\x05\x06\x03\x25\x20\x06\x03\x5b\xd6\x03\x25\x20\x02\x02\0\x01\x01\x04\x04\0\
\x09\x02\0\0\0\0\0\0\0\0\x03\xd6\x03\x01\x05\x03\x0a\x3d\x05\0\x06\x03\xa8\x7c\
\xac\x05\x03\x03\xd8\x03\x20\x05\x2b\x06\x03\x51\x2e\x05\x27\x1f\x05\x0d\x25\
\x05\x06\x06\x2e\x03\xd3\x7c\x20\x05\x05\x06\x03\xae\x03\x20\x06\x03\xd2\x7c\
\xac\x05\x14\x06\x03\xb5\x03\x2e\x05\x0b\x06\x20\x05\x03\x06\x2f\x05\x14\x08\
\x2d\x05\x03\x21\x06\x03\xca\x7c\x2e\x05\x14\x06\x03\xb5\x03\x20\x05\x0b\x23\
\x05\x06\x4c\x05\x05\x21\x06\x03\xc5\x7c\x08\x20\x05\x06\x06\x03\xb8\x02\x3c\
\x06\x03\xc8\x7d\x20\x05\x05\x06\x03\xb9\x02\x20\x05\0\x06\x03\xc7\x7d\x9e\x05\
\x39\x06\x03\xc2\x03\x20\x05\x0d\x06\x20\x03\xbe\x7c\x58\x05\x05\x06\x03\xc3\
\x03\x20\x05\x39\x08\x9d\x05\x05\x21\x06\x03\xbd\x7c\x2e\x05\x0c\x06\x03\xc5\
\x03\x20\x06\x03\xbb\x7c\x4a\x05\x39\x06\x03\xc2\x03\x20\x05\x0c\x31\x04\x02\
\x05\x06\x03\xdf\x7c\x3c\x06\x03\x5c\x20\x05\x05\x06\x03\x25\x20\x06\x03\x5b\
\xd6\x03\x25\x20\x04\x04\x05\x22\x06\x03\x99\x02\x2e\x05\x07\x21\x05\x26\x06\
\x20\x05\x07\x06\x23\x05\x3a\x06\x20\x05\x23\x20\x05\x06\x06\x1c\x06\x03\xc2\
\x7d\x20\x05\x03\x06\x03\xd2\x02\x20\x06\x03\xae\x7d\xf2\x05\x09\x06\x03\xc4\
\x02\x20\x9f\x57\x2f\x3d\x72\x22\x06\x03\xba\x7d\x2e\x06\x03\xc7\x02\x20\x71\
\x23\x3d\x8c\x24\x31\x03\x79\x74\x27\x2f\x03\x78\x74\x28\x06\x03\xb4\x7d\x2e\
\x04\x02\x05\x19\x06\x03\x2a\x3c\x05\x06\x3d\x06\x03\x55\x20\x05\x05\x06\x03\
\x2c\x2e\x06\x03\x54\xac\x05\x12\x06\x03\x34\x2e\x05\x2a\x3d\x05\x1a\x06\x20\
\x05\x23\x20\x05\x14\x20\x05\x11\x2e\x05\x0a\x06\x3e\x04\x04\x05\x03\x03\xa3\
\x03\x20\x02\x02\0\x01\x01\x04\x04\0\x09\x02\0\0\0\0\0\0\0\0\x03\xaa\x01\x01\
\x05\x2b\x0a\x22\x05\x27\x1f\x05\x06\x03\x0b\x20\x06\x2e\x03\xc9\x7e\x20\x05\
\x05\x06\x03\xb8\x01\x2e\x06\x03\xc8\x7e\x74\x05\x06\x06\x03\xbd\x01\x20\x06\
\x03\xc3\x7e\x20\x05\x05\x06\x03\xbe\x01\x20\x05\0\x06\x03\xc2\x7e\x90\x05\x01\
\x06\x03\x82\x02\x2e\x05\x1a\x03\x44\x2e\x05\x06\x06\x2e\x03\xba\x7e\x20\x05\
\x47\x06\x03\xc2\x01\x2e\x05\x08\x25\x06\x03\xb9\x7e\x2e\x05\x07\x06\x03\xc9\
\x01\x3c\x06\x03\xb7\x7e\xf2\x03\xc9\x01\x20\x03\xb7\x7e\x20\x06\x03\xcb\x01\
\x20\x06\x03\xb5\x7e\x2e\x05\x09\x06\x03\xcd\x01\x2e\x06\x03\xb3\x7e\xd6\x05\
\x1f\x06\x03\xd1\x01\x20\x05\x0c\x06\x2e\x05\0\x03\xaf\x7e\x20\x05\x09\x06\x03\
\xd4\x01\x2e\x05\x1a\x08\xb1\x05\x0c\x06\x2e\x03\xa7\x7e\x20\x05\x3c\x06\x03\
\x34\x20\x05\x13\x06\x20\x05\x06\x06\x4b\x06\x03\x4b\x20\x05\x05\x06\x03\x36\
\x20\x06\x03\x4a\xac\x06\x03\xff\x01\x2e\x06\x03\x81\x7e\xc8\x05\x07\x06\x03\
\xf0\x01\x58\x06\x03\x90\x7e\x08\x2e\x03\xf0\x01\x20\x03\x90\x7e\x20\x06\x03\
\xf1\x01\x20\x06\x03\x8f\x7e\x2e\x05\x09\x06\x03\xf3\x01\x20\x06\x03\x8d\x7e\
\x08\x12\x05\x03\x06\x03\x3f\x20\x05\x09\x03\xb4\x01\xc8\x05\x03\x03\xcc\x7e\
\x20\x03\x0b\x2e\x05\x25\x4e\x05\x21\x1f\x05\x06\x24\x06\x2e\x03\xaf\x7f\x20\
\x05\x05\x06\x03\xd2\0\x2e\x05\0\x06\x03\xae\x7f\x74\x05\x10\x06\x03\xf5\x01\
\x2e\x05\0\x06\x03\x8b\x7e\x2e\x05\x09\x06\x03\xe8\x01\x66\x06\x03\x98\x7e\xd6\
\x06\x03\xec\x01\x2e\x06\x03\x94\x7e\x08\x3c\x06\x03\xf8\x01\x2e\x06\x03\x88\
\x7e\x08\x12\x06\x03\xfb\x01\x2e\x06\x03\x85\x7e\x08\x58\x05\x1a\x06\x03\xd8\0\
\x20\x05\x06\x06\x3c\x05\x03\x06\x23\x05\x14\x08\xaf\x05\x06\x06\x2e\x05\0\x03\
\xa2\x7f\x20\x05\x06\x03\xde\0\x2e\x03\xa2\x7f\x20\x05\x0d\x06\x03\xec\0\x20\
\x05\x0f\x36\x05\x0d\x2b\x05\x0c\x2c\x05\x13\x1f\x05\x11\x06\x58\x05\x51\x06\
\x27\x05\x0f\x06\x20\x05\x15\x06\x24\x05\x06\x06\x2e\x03\x87\x7f\x20\x05\x11\
\x06\x03\xfd\0\x58\x3d\x05\x10\x30\x1f\x05\x0e\x06\x2e\x05\x0f\x06\x2d\x05\x03\
\x32\x05\x11\xd1\x05\x03\x25\x2f\x05\x11\x03\x7a\xe4\x05\x03\x26\x05\x13\x2f\
\x05\x06\x4b\x05\x05\x21\x05\x03\x03\xb3\x7f\xba\x05\x09\x03\xa9\x01\xba\x05\
\x10\x3e\x05\x03\x03\xa6\x7f\x4a\xc9\xd5\x21\x2f\xe2\x22\x2f\xfd\x23\x05\x17\
\x32\x06\x03\xef\x7e\x2e\x05\x06\x03\x91\x01\x20\x03\xef\x7e\x2e\x05\x19\x06\
\x03\x97\x01\x20\x05\x03\x2d\x05\x29\x22\x05\x1b\x06\x20\x05\x46\x06\x3d\x05\
\x11\x06\x20\x04\x36\x05\x0a\x06\x03\x5d\x90\x05\x28\x03\x64\x66\x05\x24\x1f\
\x05\x1a\x22\x05\x06\x06\x2e\x05\x0a\x06\x03\x1b\x20\x05\x7c\x03\x57\x2e\x05\
\x6b\x06\x20\x05\x07\x06\x03\x72\x3c\x05\x17\x75\x06\x03\x40\x20\x03\xc0\0\x2e\
\x05\x0e\x06\x03\x77\x2e\x05\x1f\x06\x20\x05\x18\x20\x05\x1f\x06\x21\x05\x18\
\x06\x2e\x05\x0a\x06\x21\x05\x48\x03\x14\x20\x06\x03\xb3\x7f\x20\x04\x04\x05\
\x03\x06\x03\x9f\x01\x20\x02\x0e\0\x01\x01\0\0\0\0\0\0\0\0\0\0\0\0\0\0\0\0\0\0\
\0\0\0\0\0\0\x53\x01\0\0\x04\0\xf1\xff\0\0\0\0\0\0\0\0\0\0\0\0\0\0\0\0\0\0\0\0\
\0\0\x0c\0\0\0\0\0\0\0\0\0\0\0\0\0\0\0\0\0\0\0\0\0\0\0\x0c\0\x1f\0\0\0\0\0\0\0\
\0\0\0\0\0\0\0\0\0\0\0\0\0\0\x0c\0\x5b\0\0\0\0\0\0\0\0\0\0\0\0\0\0\0\0\0\0\0\0\
\0\x0c\0\x95\0\0\0\0\0\0\0\0\0\0\0\0\0\0\0\0\0\0\0\0\0\x0c\0\x9e\0\0\0\0\0\0\0\
\0\0\0\0\0\0\0\0\0\0\0\0\0\0\x0c\0\xa3\0\0\0\0\0\0\0\0\0\0\0\0\0\0\0\0\0\0\0\0\
\0\x0c\0\xb0\0\0\0\0\0\0\0\0\0\0\0\0\0\0\0\0\0\0\0\0\0\x0c\0\xb9\0\0\0\0\0\0\0\
\0\0\0\0\0\0\0\0\0\0\0\0\0\0\x0c\0\xc4\0\0\0\0\0\0\0\0\0\0\0\0\0\0\0\0\0\0\0\0\
\0\x0c\0\xd0\0\0\0\0\0\0\0\0\0\0\0\0\0\0\0\0\0\0\0\0\0\x0c\0\xda\0\0\0\0\0\0\0\
\0\0\0\0\0\0\0\0\0\0\0\0\0\0\x0c\0\xe6\0\0\0\0\0\0\0\0\0\0\0\0\0\0\0\0\0\0\0\0\
\0\x0c\0\xed\0\0\0\0\0\0\0\0\0\0\0\0\0\0\0\0\0\0\0\0\0\x0c\0\x03\x01\0\0\0\0\0\
\0\0\0\0\0\0\0\0\0\0\0\0\0\0\0\x0c\0\x0e\x01\0\0\0\0\0\0\0\0\0\0\0\0\0\0\0\0\0\
\0\0\0\x0c\0\x19\x01\0\0\0\0\0\0\0\0\0\0\0\0\0\0\0\0\0\0\0\0\x0c\0\x25\x01\0\0\
\0\0\0\0\0\0\0\0\0\0\0\0\0\0\0\0\0\0\x0c\0\x2e\x01\0\0\0\0\0\0\0\0\0\0\0\0\0\0\
\0\0\0\0\0\0\x0c\0\x33\x01\0\0\0\0\0\0\0\0\0\0\0\0\0\0\0\0\0\0\0\0\x0c\0\x47\
\x01\0\0\0\0\0\0\0\0\0\0\0\0\0\0\0\0\0\0\0\0\x0c\0\x58\x01\0\0\0\0\0\0\0\0\0\0\
\0\0\0\0\0\0\0\0\0\0\x0c\0\x61\x01\0\0\0\0\0\0\0\0\0\0\0\0\0\0\0\0\0\0\0\0\x0c\
\0\x67\x01\0\0\0\0\0\0\0\0\0\0\0\0\0\0\0\0\0\0\0\0\x0c\0\x7b\x01\0\0\0\0\0\0\0\
\0\0\0\0\0\0\0\0\0\0\0\0\0\x0c\0\x8f\x01\0\0\0\0\0\0\0\0\0\0\0\0\0\0\0\0\0\0\0\
\0\x0c\0\x94\x01\0\0\0\0\0\0\0\0\0\0\0\0\0\0\0\0\0\0\0\0\x0c\0\x9d\x01\0\0\0\0\
\0\0\0\0\0\0\0\0\0\0\0\0\0\0\0\0\x0c\0\xa7\x01\0\0\0\0\0\0\0\0\0\0\0\0\0\0\0\0\
\0\0\0\0\x0c\0\xb7\x01\0\0\0\0\0\0\0\0\0\0\0\0\0\0\0\0\0\0\0\0\x0c\0\xc6\x01\0\
\0\0\0\0\0\0\0\0\0\0\0\0\0\0\0\0\0\0\0\x0c\0\xd5\x01\0\0\0\0\0\0\0\0\0\0\0\0\0\
\0\0\0\0\0\0\0\x0c\0\xdc\x01\0\0\0\0\0\0\0\0\0\0\0\0\0\0\0\0\0\0\0\0\x0c\0\xe0\
\x01\0\0\0\0\0\0\0\0\0\0\0\0\0\0\0\0\0\0\0\0\x0c\0\xf1\x01\0\0\0\0\0\0\0\0\0\0\
\0\0\0\0\0\0\0\0\0\0\x0c\0\x08\x02\0\0\0\0\0\0\0\0\0\0\0\0\0\0\0\0\0\0\0\0\x0c\
\0\x0e\x02\0\0\0\0\0\0\0\0\0\0\0\0\0\0\0\0\0\0\0\0\x0c\0\x1c\x02\0\0\0\0\0\0\0\
\0\0\0\0\0\0\0\0\0\0\0\0\0\x0c\0\x2a\x02\0\0\0\0\0\0\0\0\0\0\0\0\0\0\0\0\0\0\0\
\0\x0c\0\x30\x02\0\0\0\0\0\0\0\0\0\0\0\0\0\0\0\0\0\0\0\0\x0c\0\x37\x02\0\0\0\0\
\0\0\0\0\0\0\0\0\0\0\0\0\0\0\0\0\x0c\0\x3e\x02\0\0\0\0\0\0\0\0\0\0\0\0\0\0\0\0\
\0\0\0\0\x0c\0\x4a\x02\0\0\0\0\0\0\0\0\0\0\0\0\0\0\0\0\0\0\0\0\x0c\0\x53\x02\0\
\0\0\0\0\0\0\0\0\0\0\0\0\0\0\0\0\0\0\0\x0c\0\x5c\x02\0\0\0\0\0\0\0\0\0\0\0\0\0\
\0\0\0\0\0\0\0\x0c\0\x63\x02\0\0\0\0\0\0\0\0\0\0\0\0\0\0\0\0\0\0\0\0\x0c\0\x70\
\x02\0\0\0\0\0\0\0\0\0\0\0\0\0\0\0\0\0\0\0\0\x0c\0\x7b\x02\0\0\0\0\0\0\0\0\0\0\
\0\0\0\0\0\0\0\0\0\0\x0c\0\x84\x02\0\0\0\0\0\0\0\0\0\0\0\0\0\0\0\0\0\0\0\0\x0c\
\0\x8b\x02\0\0\0\0\0\0\0\0\0\0\0\0\0\0\0\0\0\0\0\0\x0c\0\x99\x02\0\0\0\0\0\0\0\
\0\0\0\0\0\0\0\0\0\0\0\0\0\x0c\0\xb0\x02\0\0\0\0\0\0\0\0\0\0\0\0\0\0\0\0\0\0\0\
\0\x0c\0\xc5\x02\0\0\0\0\0\0\0\0\0\0\0\0\0\0\0\0\0\0\0\0\x0c\0\xe4\x02\0\0\0\0\
\0\0\0\0\0\0\0\0\0\0\0\0\0\0\0\0\x0c\0\0\x03\0\0\0\0\0\0\0\0\0\0\0\0\0\0\0\0\0\
\0\0\0\x0c\0\x1c\x03\0\0\0\0\0\0\0\0\0\0\0\0\0\0\0\0\0\0\0\0\x0c\0\x3a\x03\0\0\
\0\0\0\0\0\0\0\0\0\0\0\0\0\0\0\0\0\0\x0c\0\x45\x03\0\0\0\0\0\0\0\0\0\0\0\0\0\0\
\0\0\0\0\0\0\x0c\0\x52\x03\0\0\0\0\0\0\0\0\0\0\0\0\0\0\0\0\0\0\0\0\x0c\0\x5f\
\x03\0\0\0\0\0\0\0\0\0\0\0\0\0\0\0\0\0\0\0\0\x0c\0\x6c\x03\0\0\0\0\0\0\0\0\0\0\
\0\0\0\0\0\0\0\0\0\0\x0c\0\x78\x03\0\0\0\0\0\0\0\0\0\0\0\0\0\0\0\0\0\0\0\0\x0c\
\0\x84\x03\0\0\0\0\0\0\0\0\0\0\0\0\0\0\0\0\0\0\0\0\x0c\0\x90\x03\0\0\0\0\0\0\0\
\0\0\0\0\0\0\0\0\0\0\0\0\0\x0c\0\x9c\x03\0\0\0\0\0\0\0\0\0\0\0\0\0\0\0\0\0\0\0\
\0\x0c\0\xa8\x03\0\0\0\0\0\0\0\0\0\0\0\0\0\0\0\0\0\0\0\0\x0c\0\xb3\x03\0\0\0\0\
\0\0\0\0\0\0\0\0\0\0\0\0\0\0\0\0\x0c\0\xc0\x03\0\0\0\0\0\0\0\0\0\0\0\0\0\0\0\0\
\0\0\0\0\x0c\0\xcd\x03\0\0\0\0\0\0\0\0\0\0\0\0\0\0\0\0\0\0\0\0\x0c\0\xda\x03\0\
\0\0\0\0\0\0\0\0\0\0\0\0\0\0\0\0\0\0\0\x0c\0\xe6\x03\0\0\0\0\0\0\0\0\0\0\0\0\0\
\0\0\0\0\0\0\0\x0c\0\xf2\x03\0\0\0\0\0\0\0\0\0\0\0\0\0\0\0\0\0\0\0\0\x0c\0\xfd\
\x03\0\0\0\0\0\0\0\0\0\0\0\0\0\0\0\0\0\0\0\0\x0c\0\x09\x04\0\0\0\0\0\0\0\0\0\0\
\0\0\0\0\0\0\0\0\0\0\x0c\0\x18\x04\0\0\0\0\0\0\0\0\0\0\0\0\0\0\0\0\0\0\0\0\x0c\
\0\x26\x04\0\0\0\0\0\0\0\0\0\0\0\0\0\0\0\0\0\0\0\0\x0c\0\x32\x04\0\0\0\0\0\0\0\
\0\0\0\0\0\0\0\0\0\0\0\0\0\x0c\0\x3f\x04\0\0\0\0\0\0\0\0\0\0\0\0\0\0\0\0\0\0\0\
\0\x0c\0\x4c\x04\0\0\0\0\0\0\0\0\0\0\0\0\0\0\0\0\0\0\0\0\x0c\0\x5c\x04\0\0\0\0\
\0\0\0\0\0\0\0\0\0\0\0\0\0\0\0\0\x0c\0\x69\x04\0\0\0\0\0\0\0\0\0\0\0\0\0\0\0\0\
\0\0\0\0\x0c\0\x75\x04\0\0\0\0\0\0\0\0\0\0\0\0\0\0\0\0\0\0\0\0\x0c\0\x81\x04\0\
\0\0\0\0\0\0\0\0\0\0\0\0\0\0\0\0\0\0\0\x0c\0\x96\x04\0\0\0\0\0\0\0\0\0\0\0\0\0\
\0\0\0\0\0\0\0\x0c\0\xa4\x04\0\0\0\0\0\0\0\0\0\0\0\0\0\0\0\0\0\0\0\0\x0c\0\xa9\
\x04\0\0\0\0\0\0\0\0\0\0\0\0\0\0\0\0\0\0\0\0\x0c\0\xac\x04\0\0\0\0\0\0\0\0\0\0\
\0\0\0\0\0\0\0\0\0\0\x0c\0\xb0\x04\0\0\0\0\0\0\0\0\0\0\0\0\0\0\0\0\0\0\0\0\x0c\
\0\xb8\x04\0\0\0\0\0\0\0\0\0\0\0\0\0\0\0\0\0\0\0\0\x0c\0\xbc\x04\0\0\0\0\0\0\0\
\0\0\0\0\0\0\0\0\0\0\0\0\0\x0c\0\xc4\x04\0\0\0\0\0\0\0\0\0\0\0\0\0\0\0\0\0\0\0\
\0\x0c\0\xd3\x04\0\0\0\0\0\0\0\0\0\0\0\0\0\0\0\0\0\0\0\0\x0c\0\xd9\x04\0\0\0\0\
\0\0\0\0\0\0\0\0\0\0\0\0\0\0\0\0\x0c\0\xe0\x04\0\0\0\0\0\0\0\0\0\0\0\0\0\0\0\0\
\0\0\0\0\x0c\0\xe3\x04\0\0\0\0\0\0\0\0\0\0\0\0\0\0\0\0\0\0\0\0\x0c\0\xec\x04\0\
\0\0\0\0\0\0\0\0\0\0\0\0\0\0\0\0\0\0\0\x0c\0\xf0\x04\0\0\0\0\0\0\0\0\0\0\0\0\0\
\0\0\0\0\0\0\0\x0c\0\xf9\x04\0\0\0\0\0\0\0\0\0\0\0\0\0\0\0\0\0\0\0\0\x0c\0\xff\
\x04\0\0\0\0\0\0\0\0\0\0\0\0\0\0\0\0\0\0\0\0\x0c\0\x07\x05\0\0\0\0\0\0\0\0\0\0\
\0\0\0\0\0\0\0\0\0\0\x0c\0\x0d\x05\0\0\0\0\0\0\0\0\0\0\0\0\0\0\0\0\0\0\0\0\x0c\
\0\x13\x05\0\0\0\0\0\0\0\0\0\0\0\0\0\0\0\0\0\0\0\0\x0c\0\x19\x05\0\0\0\0\0\0\0\
\0\0\0\0\0\0\0\0\0\0\0\0\0\x0c\0\x23\x05\0\0\0\0\0\0\0\0\0\0\0\0\0\0\0\0\0\0\0\
\0\x0c\0\x2b\x05\0\0\0\0\0\0\0\0\0\0\0\0\0\0\0\0\0\0\0\0\x0c\0\x3d\x05\0\0\0\0\
\0\0\0\0\0\0\0\0\0\0\0\0\0\0\0\0\x0c\0\x41\x05\0\0\0\0\0\0\0\0\0\0\0\0\0\0\0\0\
\0\0\0\0\x0c\0\x45\x05\0\0\0\0\0\0\0\0\0\0\0\0\0\0\0\0\0\0\0\0\x0c\0\x5c\x05\0\
\0\0\0\0\0\0\0\0\0\0\0\0\0\0\0\0\0\0\0\x0c\0\x62\x05\0\0\0\0\0\0\0\0\0\0\0\0\0\
\0\0\0\0\0\0\0\x0c\0\x69\x05\0\0\0\0\0\0\0\0\0\0\0\0\0\0\0\0\0\0\0\0\x0c\0\x6f\
\x05\0\0\0\0\0\0\0\0\0\0\0\0\0\0\0\0\0\0\0\0\x0c\0\x7a\x05\0\0\0\0\0\0\0\0\0\0\
\0\0\0\0\0\0\0\0\0\0\x0c\0\x81\x05\0\0\0\0\0\0\0\0\0\0\0\0\0\0\0\0\0\0\0\0\x0c\
\0\x85\x05\0\0\0\0\0\0\0\0\0\0\0\0\0\0\0\0\0\0\0\0\x0c\0\x8a\x05\0\0\0\0\0\0\0\
\0\0\0\0\0\0\0\0\0\0\0\0\0\x0c\0\x92\x05\0\0\0\0\0\0\0\0\0\0\0\0\0\0\0\0\0\0\0\
\0\x0c\0\x98\x05\0\0\0\0\0\0\0\0\0\0\0\0\0\0\0\0\0\0\0\0\x0c\0\xa0\x05\0\0\0\0\
\0\0\0\0\0\0\0\0\0\0\0\0\0\0\0\0\x0c\0\xa3\x05\0\0\0\0\0\0\0\0\0\0\0\0\0\0\0\0\
\0\0\0\0\x0c\0\xa5\x05\0\0\0\0\0\0\0\0\0\0\0\0\0\0\0\0\0\0\0\0\x0c\0\xa7\x05\0\
\0\0\0\0\0\0\0\0\0\0\0\0\0\0\0\0\0\0\0\x0c\0\xad\x05\0\0\0\0\0\0\0\0\0\0\0\0\0\
\0\0\0\0\0\0\0\x0c\0\xb0\x05\0\0\0\0\0\0\0\0\0\0\0\0\0\0\0\0\0\0\0\0\x0c\0\xbd\
\x05\0\0\0\0\0\0\0\0\0\0\0\0\0\0\0\0\0\0\0\0\x0c\0\xc7\x05\0\0\0\0\0\0\0\0\0\0\
\0\0\0\0\0\0\0\0\0\0\x0c\0\xcf\x05\0\0\0\0\0\0\0\0\0\0\0\0\0\0\0\0\0\0\0\0\x0c\
\0\xde\x05\0\0\0\0\0\0\0\0\0\0\0\0\0\0\0\0\0\0\0\0\x0c\0\xe9\x05\0\0\0\0\0\0\0\
\0\0\0\0\0\0\0\0\0\0\0\0\0\x0c\0\xf2\x05\0\0\0\0\0\0\0\0\0\0\0\0\0\0\0\0\0\0\0\
\0\x0c\0\xfd\x05\0\0\0\0\0\0\0\0\0\0\0\0\0\0\0\0\0\0\0\0\x0c\0\x06\x06\0\0\0\0\
\0\0\0\0\0\0\0\0\0\0\0\0\0\0\0\0\x0c\0\x0e\x06\0\0\0\0\0\0\0\0\0\0\0\0\0\0\0\0\
\0\0\0\0\x0c\0\x14\x06\0\0\0\0\0\0\0\0\0\0\0\0\0\0\0\0\0\0\0\0\x0c\0\x1b\x06\0\
\0\0\0\0\0\0\0\0\0\0\0\0\0\0\0\0\0\0\0\x0c\0\x20\x06\0\0\0\0\0\0\0\0\0\0\0\0\0\
\0\0\0\0\0\0\0\x0c\0\x27\x06\0\0\0\0\0\0\0\0\0\0\0\0\0\0\0\0\0\0\0\0\x0c\0\x2f\
\x06\0\0\0\0\0\0\0\0\0\0\0\0\0\0\0\0\0\0\0\0\x0c\0\x3a\x06\0\0\0\0\0\0\0\0\0\0\
\0\0\0\0\0\0\0\0\0\0\x0c\0\x42\x06\0\0\0\0\0\0\0\0\0\0\0\0\0\0\0\0\0\0\0\0\x0c\
\0\x4b\x06\0\0\0\0\0\0\0\0\0\0\0\0\0\0\0\0\0\0\0\0\x0c\0\x55\x06\0\0\0\0\0\0\0\
\0\0\0\0\0\0\0\0\0\0\0\0\0\x0c\0\x60\x06\0\0\0\0\0\0\0\0\0\0\0\0\0\0\0\0\0\0\0\
\0\x0c\0\x6d\x06\0\0\0\0\0\0\0\0\0\0\0\0\0\0\0\0\0\0\0\0\x0c\0\x7b\x06\0\0\0\0\
\0\0\0\0\0\0\0\0\0\0\0\0\0\0\0\0\x0c\0\x7f\x06\0\0\0\0\0\0\0\0\0\0\0\0\0\0\0\0\
\0\0\0\0\x0c\0\x90\x06\0\0\0\0\0\0\0\0\0\0\0\0\0\0\0\0\0\0\0\0\x0c\0\xa0\x06\0\
\0\0\0\0\0\0\0\0\0\0\0\0\0\0\0\0\0\0\0\x0c\0\xb4\x06\0\0\0\0\0\0\0\0\0\0\0\0\0\
\0\0\0\0\0\0\0\x0c\0\xba\x06\0\0\0\0\0\0\0\0\0\0\0\0\0\0\0\0\0\0\0\0\x0c\0\xbf\
\x06\0\0\0\0\0\0\0\0\0\0\0\0\0\0\0\0\0\0\0\0\x0c\0\xc2\x06\0\0\0\0\0\0\0\0\0\0\
\0\0\0\0\0\0\0\0\0\0\x0c\0\xc5\x06\0\0\0\0\0\0\0\0\0\0\0\0\0\0\0\0\0\0\0\0\x0c\
\0\xc8\x06\0\0\0\0\0\0\0\0\0\0\0\0\0\0\0\0\0\0\0\0\x0c\0\xd5\x06\0\0\0\0\0\0\0\
\0\0\0\0\0\0\0\0\0\0\0\0\0\x0c\0\xe2\x06\0\0\0\0\0\0\0\0\0\0\0\0\0\0\0\0\0\0\0\
\0\x0c\0\xec\x06\0\0\0\0\0\0\0\0\0\0\0\0\0\0\0\0\0\0\0\0\x0c\0\xf6\x06\0\0\0\0\
\0\0\0\0\0\0\0\0\0\0\0\0\0\0\0\0\x0c\0\x07\x07\0\0\0\0\0\0\0\0\0\0\0\0\0\0\0\0\
\0\0\0\0\x0c\0\x1b\x07\0\0\0\0\0\0\0\0\0\0\0\0\0\0\0\0\0\0\0\0\x0c\0\x29\x07\0\
\0\0\0\0\0\0\0\0\0\0\0\0\0\0\0\0\0\0\0\x0c\0\x2f\x07\0\0\0\0\0\0\0\0\0\0\0\0\0\
\0\0\0\0\0\0\0\x0c\0\x32\x07\0\0\0\0\0\0\0\0\0\0\0\0\0\0\0\0\0\0\0\0\x0c\0\x4e\
\x07\0\0\0\0\0\0\0\0\0\0\0\0\0\0\0\0\0\0\0\0\x0c\0\x5f\x07\0\0\0\0\0\0\0\0\0\0\
\0\0\0\0\0\0\0\0\0\0\x0c\0\x73\x07\0\0\0\0\0\0\0\0\0\0\0\0\0\0\0\0\0\0\0\0\x0c\
\0\x8a\x07\0\0\0\0\0\0\0\0\0\0\0\0\0\0\0\0\0\0\0\0\x0c\0\x95\x07\0\0\0\0\0\0\0\
\0\0\0\0\0\0\0\0\0\0\0\0\0\x0c\0\x99\x07\0\0\0\0\0\0\0\0\0\0\0\0\0\0\0\0\0\0\0\
\0\x0c\0\x9c\x07\0\0\0\0\0\0\0\0\0\0\0\0\0\0\0\0\0\0\0\0\x0c\0\xa0\x07\0\0\0\0\
\0\0\0\0\0\0\0\0\0\0\0\0\0\0\0\0\x0c\0\xa4\x07\0\0\0\0\0\0\0\0\0\0\0\0\0\0\0\0\
\0\0\0\0\x0c\0\xa7\x07\0\0\0\0\0\0\0\0\0\0\0\0\0\0\0\0\0\0\0\0\x0c\0\xc2\x07\0\
\0\0\0\0\0\0\0\0\0\0\0\0\0\0\0\0\0\0\0\x0c\0\xd3\x07\0\0\0\0\0\0\0\0\0\0\0\0\0\
\0\0\0\0\0\0\0\x0c\0\xe5\x07\0\0\0\0\0\0\0\0\0\0\0\0\0\0\0\0\0\0\0\0\x0c\0\xfe\
\x07\0\0\0\0\0\0\0\0\0\0\0\0\0\0\0\0\0\0\0\0\x0c\0\x09\x08\0\0\0\0\0\0\0\0\0\0\
\0\0\0\0\0\0\0\0\0\0\x0c\0\x17\x08\0\0\0\0\0\0\0\0\0\0\0\0\0\0\0\0\0\0\0\0\x0c\
\0\x25\x08\0\0\0\0\0\0\0\0\0\0\0\0\0\0\0\0\0\0\0\0\x0c\0\x34\x08\0\0\0\0\0\0\0\
\0\0\0\0\0\0\0\0\0\0\0\0\0\x0c\0\x45\x08\0\0\0\0\0\0\0\0\0\0\0\0\0\0\0\0\0\0\0\
\0\x0c\0\x57\x08\0\0\0\0\0\0\0\0\0\0\0\0\0\0\0\0\0\0\0\0\x0c\0\x78\x08\0\0\0\0\
\0\0\0\0\0\0\0\0\0\0\0\0\0\0\0\0\x0c\0\x7d\x08\0\0\0\0\0\0\0\0\0\0\0\0\0\0\0\0\
\0\0\0\0\x0c\0\xa1\x08\0\0\0\0\0\0\0\0\0\0\0\0\0\0\0\0\0\0\0\0\x0c\0\xa5\x08\0\
\0\0\0\0\0\0\0\0\0\0\0\0\0\0\0\0\0\0\0\x0c\0\xac\x08\0\0\0\0\0\0\0\0\0\0\0\0\0\
\0\0\0\0\0\0\0\x0c\0\xb9\x08\0\0\0\0\0\0\0\0\0\0\0\0\0\0\0\0\0\0\0\0\x0c\0\xc9\
\x08\0\0\0\0\0\0\0\0\0\0\0\0\0\0\0\0\0\0\0\0\x0c\0\xd8\x08\0\0\0\0\0\0\0\0\0\0\
\0\0\0\0\0\0\0\0\0\0\x0c\0\xea\x08\0\0\0\0\0\0\0\0\0\0\0\0\0\0\0\0\0\0\0\0\x0c\
\0\xfc\x08\0\0\0\0\0\0\0\0\0\0\0\0\0\0\0\0\0\0\0\0\x0c\0\x11\x09\0\0\0\0\0\0\0\
\0\0\0\0\0\0\0\0\0\0\0\0\0\x0c\0\x18\x09\0\0\0\0\0\0\0\0\0\0\0\0\0\0\0\0\0\0\0\
\0\x0c\0\x2d\x09\0\0\0\0\0\0\0\0\0\0\0\0\0\0\0\0\0\0\0\0\x0c\0\x4e\x09\0\0\0\0\
\0\0\0\0\0\0\0\0\0\0\0\0\0\0\0\0\x0c\0\x65\x09\0\0\0\0\0\0\0\0\0\0\0\0\0\0\0\0\
\0\0\0\0\x0c\0\x7d\x09\0\0\0\0\0\0\0\0\0\0\0\0\0\0\0\0\0\0\0\0\x0c\0\x84\x09\0\
\0\0\0\0\0\0\0\0\0\0\0\0\0\0\0\0\0\0\0\x0c\0\x8d\x09\0\0\0\0\0\0\0\0\0\0\0\0\0\
\0\0\0\0\0\0\0\x0c\0\x97\x09\0\0\0\0\0\0\0\0\0\0\0\0\0\0\0\0\0\0\0\0\x0c\0\x9e\
\x09\0\0\0\0\0\0\0\0\0\0\0\0\0\0\0\0\0\0\0\0\x0c\0\xa7\x09\0\0\0\0\0\0\0\0\0\0\
\0\0\0\0\0\0\0\0\0\0\x0c\0\xb1\x09\0\0\0\0\0\0\0\0\0\0\0\0\0\0\0\0\0\0\0\0\x0c\
\0\xb8\x09\0\0\0\0\0\0\0\0\0\0\0\0\0\0\0\0\0\0\0\0\x0c\0\xc1\x09\0\0\0\0\0\0\0\
\0\0\0\0\0\0\0\0\0\0\0\0\0\x0c\0\xcb\x09\0\0\0\0\0\0\0\0\0\0\0\0\0\0\0\0\0\0\0\
\0\x0c\0\xe5\x09\0\0\0\0\0\0\0\0\0\0\0\0\0\0\0\0\0\0\0\0\x0c\0\xfb\x09\0\0\0\0\
\0\0\0\0\0\0\0\0\0\0\0\0\0\0\0\0\x0c\0\x17\x0a\0\0\0\0\0\0\0\0\0\0\0\0\0\0\0\0\
\0\0\0\0\x0c\0\x34\x0a\0\0\0\0\0\0\0\0\0\0\0\0\0\0\0\0\0\0\0\0\x0c\0\x3f\x0a\0\
\0\0\0\0\0\0\0\0\0\0\0\0\0\0\0\0\0\0\0\x0c\0\x4b\x0a\0\0\0\0\0\0\0\0\0\0\0\0\0\
\0\0\0\0\0\0\0\x0c\0\x51\x0a\0\0\0\0\0\0\0\0\0\0\0\0\0\0\0\0\0\0\0\0\x0c\0\x5e\
\x0a\0\0\0\0\0\0\0\0\0\0\0\0\0\0\0\0\0\0\0\0\x0c\0\x63\x0a\0\0\0\0\0\0\0\0\0\0\
\0\0\0\0\0\0\0\0\0\0\x0c\0\x68\x0a\0\0\0\0\0\0\0\0\0\0\0\0\0\0\0\0\0\0\0\0\x0c\
\0\x6d\x0a\0\0\0\0\0\0\0\0\0\0\0\0\0\0\0\0\0\0\0\0\x0c\0\x72\x0a\0\0\0\0\0\0\0\
\0\0\0\0\0\0\0\0\0\0\0\0\0\x0c\0\x77\x0a\0\0\0\0\0\0\0\0\0\0\0\0\0\0\0\0\0\0\0\
\0\x0c\0\x86\x0a\0\0\0\0\0\0\0\0\0\0\0\0\0\0\0\0\0\0\0\0\x0c\0\x96\x0a\0\0\0\0\
\0\0\0\0\0\0\0\0\0\0\0\0\0\0\0\0\x0c\0\xac\x0a\0\0\0\0\0\0\0\0\0\0\0\0\0\0\0\0\
\0\0\0\0\x0c\0\xc2\x0a\0\0\0\0\0\0\0\0\0\0\0\0\0\0\0\0\0\0\0\0\x0c\0\xda\x0a\0\
\0\0\0\0\0\0\0\0\0\0\0\0\0\0\0\0\0\0\0\x0c\0\xf3\x0a\0\0\0\0\0\0\0\0\0\0\0\0\0\
\0\0\0\0\0\0\0\x0c\0\x08\x0b\0\0\0\0\0\0\0\0\0\0\0\0\0\0\0\0\0\0\0\0\x0c\0\x1e\
\x0b\0\0\0\0\0\0\0\0\0\0\0\0\0\0\0\0\0\0\0\0\x0c\0\x3d\x0b\0\0\0\0\0\0\0\0\0\0\
\0\0\0\0\0\0\0\0\0\0\x0c\0\x54\x0b\0\0\0\0\0\0\0\0\0\0\0\0\0\0\0\0\0\0\0\0\x0c\
\0\x6c\x0b\0\0\0\0\0\0\0\0\0\0\0\0\0\0\0\0\0\0\0\0\x0c\0\x82\x0b\0\0\0\0\0\0\0\
\0\0\0\0\0\0\0\0\0\0\0\0\0\x0c\0\xa4\x0b\0\0\0\0\0\0\0\0\0\0\0\0\0\0\0\0\0\0\0\
\0\x0c\0\xab\x0b\0\0\0\0\0\0\0\0\0\0\0\0\0\0\0\0\0\0\0\0\x0c\0\xb3\x0b\0\0\0\0\
\0\0\0\0\0\0\0\0\0\0\0\0\0\0\0\0\x0c\0\xb9\x0b\0\0\0\0\0\0\0\0\0\0\0\0\0\0\0\0\
\0\0\0\0\x0c\0\xc2\x0b\0\0\0\0\0\0\0\0\0\0\0\0\0\0\0\0\0\0\0\0\x0c\0\xcc\x0b\0\
\0\0\0\0\0\0\0\0\0\0\0\0\0\0\0\0\0\0\0\x0c\0\xd6\x0b\0\0\0\0\0\0\0\0\0\0\0\0\0\
\0\0\0\0\0\0\0\x0c\0\xdf\x0b\0\0\0\0\0\0\0\0\0\0\0\0\0\0\0\0\0\0\0\0\x0c\0\xeb\
\x0b\0\0\0\0\0\0\0\0\0\0\0\0\0\0\0\0\0\0\0\0\x0c\0\x03\x0c\0\0\0\0\0\0\0\0\0\0\
\0\0\0\0\0\0\0\0\0\0\x0c\0\x1c\x0c\0\0\0\0\0\0\0\0\0\0\0\0\0\0\0\0\0\0\0\0\x0c\
\0\x34\x0c\0\0\0\0\0\0\0\0\0\0\0\0\0\0\0\0\0\0\0\0\x0c\0\x40\x0c\0\0\0\0\0\0\0\
\0\0\0\0\0\0\0\0\0\0\0\0\0\x0c\0\x45\x0c\0\0\0\0\0\0\0\0\0\0\0\0\0\0\0\0\0\0\0\
\0\x0c\0\x48\x0c\0\0\0\0\0\0\0\0\0\0\0\0\0\0\0\0\0\0\0\0\x0c\0\x62\x0c\0\0\0\0\
\0\0\0\0\0\0\0\0\0\0\0\0\0\0\0\0\x0c\0\x7d\x0c\0\0\0\0\0\0\0\0\0\0\0\0\0\0\0\0\
\0\0\0\0\x0c\0\x8f\x0c\0\0\0\0\0\0\0\0\0\0\0\0\0\0\0\0\0\0\0\0\x0c\0\xb3\x0c\0\
\0\0\0\0\0\0\0\0\0\0\0\0\0\0\0\0\0\0\0\x0c\0\xd0\x0c\0\0\0\0\0\0\0\0\0\0\0\0\0\
\0\0\0\0\0\0\0\x0c\0\xe4\x0c\0\0\0\0\0\0\0\0\0\0\0\0\0\0\0\0\0\0\0\0\x0c\0\xf9\
\x0c\0\0\0\0\0\0\0\0\0\0\0\0\0\0\0\0\0\0\0\0\x0c\0\x0b\x0d\0\0\0\0\0\0\0\0\0\0\
\0\0\0\0\0\0\0\0\0\0\x0c\0\x17\x0d\0\0\0\0\0\0\0\0\0\0\0\0\0\0\0\0\0\0\0\0\x0c\
\0\x33\x0d\0\0\0\0\0\0\0\0\0\0\0\0\0\0\0\0\0\0\0\0\x0c\0\x45\x0d\0\0\0\0\0\0\0\
\0\0\0\0\0\0\0\0\0\0\0\0\0\x0c\0\x62\x0d\0\0\0\0\0\0\0\0\0\0\0\0\0\0\0\0\0\0\0\
\0\x0c\0\x75\x0d\0\0\0\0\0\0\0\0\0\0\0\0\0\0\0\0\0\0\0\0\x0c\0\x89\x0d\0\0\0\0\
\0\0\0\0\0\0\0\0\0\0\0\0\0\0\0\0\x0c\0\x9e\x0d\0\0\0\0\0\0\0\0\0\0\0\0\0\0\0\0\
\0\0\0\0\x0c\0\xa7\x0d\0\0\0\0\0\0\0\0\0\0\0\0\0\0\0\0\0\0\0\0\x0c\0\xab\x0d\0\
\0\0\0\0\0\0\0\0\0\0\0\0\0\0\0\0\0\0\0\x0c\0\xaf\x0d\0\0\0\0\0\0\0\0\0\0\0\0\0\
\0\0\0\0\0\0\0\x0c\0\xba\x0d\0\0\0\0\0\0\0\0\0\0\0\0\0\0\0\0\0\0\0\0\x0c\0\xc6\
\x0d\0\0\0\0\0\0\0\0\0\0\0\0\0\0\0\0\0\0\0\0\x0c\0\xde\x0d\0\0\0\0\0\0\0\0\0\0\
\0\0\0\0\0\0\0\0\0\0\x0c\0\xf7\x0d\0\0\0\0\0\0\0\0\0\0\0\0\0\0\0\0\0\0\0\0\x0c\
\0\x0e\x0e\0\0\0\0\0\0\0\0\0\0\0\0\0\0\0\0\0\0\0\0\x0c\0\x27\x0e\0\0\0\0\0\0\0\
\0\0\0\0\0\0\0\0\0\0\0\0\0\x0c\0\x41\x0e\0\0\0\0\0\0\0\0\0\0\0\0\0\0\0\0\0\0\0\
\0\x0c\0\x48\x0e\0\0\0\0\0\0\0\0\0\0\0\0\0\0\0\0\0\0\0\0\x0c\0\x51\x0e\0\0\0\0\
\0\0\0\0\0\0\0\0\0\0\0\0\0\0\0\0\x0c\0\x5b\x0e\0\0\0\0\0\0\0\0\0\0\0\0\0\0\0\0\
\0\0\0\0\x0c\0\x66\x0e\0\0\0\0\0\0\0\0\0\0\0\0\0\0\0\0\0\0\0\0\x0c\0\x72\x0e\0\
\0\0\0\0\0\0\0\0\0\0\0\0\0\0\0\0\0\0\0\x0c\0\x77\x0e\0\0\0\0\0\0\0\0\0\0\0\0\0\
\0\0\0\0\0\0\0\x0c\0\x7f\x0e\0\0\0\0\0\0\0\0\0\0\0\0\0\0\0\0\0\0\0\0\x0c\0\x81\
\x0e\0\0\0\0\0\0\0\0\0\0\0\0\0\0\0\0\0\0\0\0\x0c\0\x89\x0e\0\0\0\0\0\0\0\0\0\0\
\0\0\0\0\0\0\0\0\0\0\x0c\0\xa3\x0e\0\0\0\0\0\0\0\0\0\0\0\0\0\0\0\0\0\0\0\0\x0c\
\0\xbb\x0e\0\0\0\0\0\0\0\0\0\0\0\0\0\0\0\0\0\0\0\0\x0c\0\xbf\x0e\0\0\0\0\0\0\0\
\0\0\0\0\0\0\0\0\0\0\0\0\0\x0c\0\xc6\x0e\0\0\0\0\0\0\0\0\0\0\0\0\0\0\0\0\0\0\0\
\0\x0c\0\xca\x0e\0\0\0\0\0\0\0\0\0\0\0\0\0\0\0\0\0\0\0\0\x0c\0\xd5\x0e\0\0\0\0\
\0\0\0\0\0\0\0\0\0\0\0\0\0\0\0\0\x0c\0\xde\x0e\0\0\0\0\0\0\0\0\0\0\0\0\0\0\0\0\
\0\0\0\0\x0c\0\xe6\x0e\0\0\0\0\0\0\0\0\0\0\0\0\0\0\0\0\0\0\0\0\x0c\0\xff\x0e\0\
\0\0\0\0\0\0\0\0\0\0\0\0\0\0\0\0\0\0\0\x0c\0\x07\x0f\0\0\0\0\0\0\0\0\0\0\0\0\0\
\0\0\0\0\0\0\0\x0c\0\x23\x0f\0\0\0\0\0\0\0\0\0\0\0\0\0\0\0\0\0\0\0\0\x0c\0\x3a\
\x0f\0\0\0\0\0\0\0\0\0\0\0\0\0\0\0\0\0\0\0\0\x0c\0\x3f\x0f\0\0\0\0\0\0\0\0\0\0\
\0\0\0\0\0\0\0\0\0\0\x0c\0\x45\x0f\0\0\0\0\0\0\0\0\0\0\0\0\0\0\0\0\0\0\0\0\x0c\
\0\x4c\x0f\0\0\0\0\0\0\0\0\0\0\0\0\0\0\0\0\0\0\0\0\x0c\0\x55\x0f\0\0\0\0\0\0\0\
\0\0\0\0\0\0\0\0\0\0\0\0\0\x0c\0\x5d\x0f\0\0\0\0\0\0\0\0\0\0\0\0\0\0\0\0\0\0\0\
\0\x0c\0\x64\x0f\0\0\0\0\0\0\0\0\0\0\0\0\0\0\0\0\0\0\0\0\x0c\0\x72\x0f\0\0\0\0\
\0\0\0\0\0\0\0\0\0\0\0\0\0\0\0\0\x0c\0\x90\x0f\0\0\0\0\0\0\0\0\0\0\0\0\0\0\0\0\
\0\0\0\0\x0c\0\x9b\x0f\0\0\0\0\0\0\0\0\0\0\0\0\0\0\0\0\0\0\0\0\x0c\0\xa6\x0f\0\
\0\0\0\0\0\0\0\0\0\0\0\0\0\0\0\0\0\0\0\x0c\0\xac\x0f\0\0\0\0\0\0\0\0\0\0\0\0\0\
\0\0\0\0\0\0\0\x0c\0\xb3\x0f\0\0\0\0\0\0\0\0\0\0\0\0\0\0\0\0\0\0\0\0\x0c\0\xb8\
\x0f\0\0\0\0\0\0\0\0\0\0\0\0\0\0\0\0\0\0\0\0\x0c\0\xbc\x0f\0\0\0\0\0\0\0\0\0\0\
\0\0\0\0\0\0\0\0\0\0\x0c\0\xc3\x0f\0\0\0\0\0\0\0\0\0\0\0\0\0\0\0\0\0\0\0\0\x0c\
\0\xc9\x0f\0\0\0\0\0\0\0\0\0\0\0\0\0\0\0\0\0\0\0\0\x0c\0\xcf\x0f\0\0\0\0\0\0\0\
\0\0\0\0\0\0\0\0\0\0\0\0\0\x0c\0\xda\x0f\0\0\0\0\0\0\0\0\0\0\0\0\0\0\0\0\0\0\0\
\0\x0c\0\xe1\x0f\0\0\0\0\0\0\0\0\0\0\0\0\0\0\0\0\0\0\0\0\x0c\0\xed\x0f\0\0\0\0\
\0\0\0\0\0\0\0\0\0\0\0\0\0\0\0\0\x0c\0\xf3\x0f\0\0\0\0\0\0\0\0\0\0\0\0\0\0\0\0\
\0\0\0\0\x0c\0\xf9\x0f\0\0\0\0\0\0\0\0\0\0\0\0\0\0\0\0\0\0\0\0\x0c\0\x01\x10\0\
\0\0\0\0\0\0\0\0\0\0\0\0\0\0\0\0\0\0\0\x0c\0\x0a\x10\0\0\0\0\0\0\0\0\0\0\0\0\0\
\0\0\0\0\0\0\0\x0c\0\x14\x10\0\0\0\0\0\0\0\0\0\0\0\0\0\0\0\0\0\0\0\0\x0c\0\x1d\
\x10\0\0\0\0\0\0\0\0\0\0\0\0\0\0\0\0\0\0\0\0\x0c\0\x26\x10\0\0\0\0\0\0\0\0\0\0\
\0\0\0\0\0\0\0\0\0\0\x0c\0\x2f\x10\0\0\0\0\0\0\0\0\0\0\0\0\0\0\0\0\0\0\0\0\x0c\
\0\x38\x10\0\0\0\0\0\0\0\0\0\0\0\0\0\0\0\0\0\0\0\0\x0c\0\x45\x10\0\0\0\0\0\0\0\
\0\0\0\0\0\0\0\0\0\0\0\0\0\x0c\0\x50\x10\0\0\0\0\0\0\0\0\0\0\0\0\0\0\0\0\0\0\0\
\0\x0c\0\x55\x10\0\0\0\0\0\0\0\0\0\0\0\0\0\0\0\0\0\0\0\0\x0c\0\x5a\x10\0\0\0\0\
\0\0\0\0\0\0\0\0\0\0\0\0\0\0\0\0\x0c\0\x69\x10\0\0\0\0\0\0\0\0\0\0\0\0\0\0\0\0\
\0\0\0\0\x0c\0\x77\x10\0\0\0\0\0\0\0\0\0\0\0\0\0\0\0\0\0\0\0\0\x0c\0\x7c\x10\0\
\0\0\0\0\0\0\0\0\0\0\0\0\0\0\0\0\0\0\0\x0c\0\x86\x10\0\0\0\0\0\0\0\0\0\0\0\0\0\
\0\0\0\0\0\0\0\x0c\0\x89\x10\0\0\0\0\0\0\0\0\0\0\0\0\0\0\0\0\0\0\0\0\x0c\0\x91\
\x10\0\0\0\0\0\0\0\0\0\0\0\0\0\0\0\0\0\0\0\0\x0c\0\x96\x10\0\0\0\0\0\0\0\0\0\0\
\0\0\0\0\0\0\0\0\0\0\x0c\0\xaa\x10\0\0\0\0\0\0\0\0\0\0\0\0\0\0\0\0\0\0\0\0\x0c\
\0\xb6\x10\0\0\0\0\0\0\0\0\0\0\0\0\0\0\0\0\0\0\0\0\x0c\0\xc0\x10\0\0\0\0\0\0\0\
\0\0\0\0\0\0\0\0\0\0\0\0\0\x0c\0\xca\x10\0\0\0\0\0\0\0\0\0\0\0\0\0\0\0\0\0\0\0\
\0\x0c\0\xd0\x10\0\0\0\0\0\0\0\0\0\0\0\0\0\0\0\0\0\0\0\0\x0c\0\xda\x10\0\0\0\0\
\0\0\0\0\0\0\0\0\0\0\0\0\0\0\0\0\x0c\0\xde\x10\0\0\0\0\0\0\0\0\0\0\0\0\0\0\0\0\
\0\0\0\0\x0c\0\xf7\x10\0\0\0\0\0\0\0\0\0\0\0\0\0\0\0\0\0\0\0\0\x0c\0\xfb\x10\0\
\0\0\0\0\0\0\0\0\0\0\0\0\0\0\0\0\0\0\0\x0c\0\0\x11\0\0\0\0\0\0\0\0\0\0\0\0\0\0\
\0\0\0\0\0\0\x0c\0\x0d\x11\0\0\0\0\0\0\0\0\0\0\0\0\0\0\0\0\0\0\0\0\x0c\0\x12\
\x11\0\0\0\0\0\0\0\0\0\0\0\0\0\0\0\0\0\0\0\0\x0c\0\x19\x11\0\0\0\0\0\0\0\0\0\0\
\0\0\0\0\0\0\0\0\0\0\x0c\0\x1d\x11\0\0\0\0\0\0\0\0\0\0\0\0\0\0\0\0\0\0\0\0\x0c\
\0\x2b\x11\0\0\0\0\0\0\0\0\0\0\0\0\0\0\0\0\0\0\0\0\x0c\0\x3d\x11\0\0\0\0\0\0\0\
\0\0\0\0\0\0\0\0\0\0\0\0\0\x0c\0\x50\x11\0\0\0\0\0\0\0\0\0\0\0\0\0\0\0\0\0\0\0\
\0\x0c\0\x65\x11\0\0\0\0\0\0\0\0\0\0\0\0\0\0\0\0\0\0\0\0\x0c\0\x74\x11\0\0\0\0\
\0\0\0\0\0\0\0\0\0\0\0\0\0\0\0\0\x0c\0\x7e\x11\0\0\0\0\0\0\0\0\0\0\0\0\0\0\0\0\
\0\0\0\0\x0c\0\x8d\x11\0\0\0\0\0\0\0\0\0\0\0\0\0\0\x9f\x02\0\0\0\0\x05\0\xd8\
\x05\0\0\0\0\0\0\0\0\0\0\0\0\0\0\x80\x02\0\0\0\0\x05\0\xf0\x05\0\0\0\0\0\0\0\0\
\0\0\0\0\0\0\x60\x02\0\0\0\0\x05\0\0\x07\0\0\0\0\0\0\0\0\0\0\0\0\0\0\x1c\x02\0\
\0\0\0\x05\0\x80\x06\0\0\0\0\0\0\0\0\0\0\0\0\0\0\xf6\x01\0\0\0\0\x05\0\x18\x06\
\0\0\0\0\0\0\0\0\0\0\0\0\0\0\xcf\x01\0\0\0\0\x05\0\xf0\x06\0\0\0\0\0\0\0\0\0\0\
\0\0\0\0\x49\x02\0\0\0\0\x05\0\x20\x01\0\0\0\0\0\0\0\0\0\0\0\0\0\0\x05\x02\0\0\
\0\0\x05\0\x10\x03\0\0\0\0\0\0\0\0\0\0\0\0\0\0\x89\x01\0\0\0\0\x05\0\x68\x03\0\
\0\0\0\0\0\0\0\0\0\0\0\0\0\x7a\x01\0\0\0\0\x05\0\xd0\x05\0\0\0\0\0\0\0\0\0\0\0\
\0\0\0\x97\x02\0\0\0\0\x07\0\x28\x03\0\0\0\0\0\0\0\0\0\0\0\0\0\0\x78\x02\0\0\0\
\0\x07\0\x08\x06\0\0\0\0\0\0\0\0\0\0\0\0\0\0\x58\x02\0\0\0\0\x07\0\x60\x08\0\0\
\0\0\0\0\0\0\0\0\0\0\0\0\x33\x02\0\0\0\0\x07\0\x78\x08\0\0\0\0\0\0\0\0\0\0\0\0\
\0\0\xee\x01\0\0\0\0\x07\0\x10\x09\0\0\0\0\0\0\0\0\0\0\0\0\0\0\xc7\x01\0\0\0\0\
\x07\0\x70\x09\0\0\0\0\0\0\0\0\0\0\0\0\0\0\x42\x02\0\0\0\0\x07\0\x20\x01\0\0\0\
\0\0\0\0\0\0\0\0\0\0\0\xfe\x01\0\0\0\0\x07\0\xc0\x02\0\0\0\0\0\0\0\0\0\0\0\0\0\
\0\xb0\x01\0\0\0\0\x07\0\x48\x05\0\0\0\0\0\0\0\0\0\0\0\0\0\0\x14\x02\0\0\0\0\
\x02\0\0\x0e\0\0\0\0\0\0\0\0\0\0\0\0\0\0\xe6\x01\0\0\0\0\x02\0\x80\x07\0\0\0\0\
\0\0\0\0\0\0\0\0\0\0\xbf\x01\0\0\0\0\x02\0\x08\x08\0\0\0\0\0\0\0\0\0\0\0\0\0\0\
\xa8\x01\0\0\0\0\x02\0\xc0\x04\0\0\0\0\0\0\0\0\0\0\0\0\0\0\x3b\x02\0\0\0\0\x02\
\0\xd8\0\0\0\0\0\0\0\0\0\0\0\0\0\0\0\x70\x02\0\0\0\0\x02\0\x10\x0a\0\0\0\0\0\0\
\0\0\0\0\0\0\0\0\xa0\x01\0\0\0\0\x02\0\x98\x0e\0\0\0\0\0\0\0\0\0\0\0\0\0\0\x24\
\x02\0\0\0\0\x02\0\x80\0\0\0\0\0\0\0\0\0\0\0\0\0\0\0\x68\x02\0\0\0\0\x02\0\x30\
\x12\0\0\0\0\0\0\0\0\0\0\0\0\0\0\x50\x02\0\0\0\0\x02\0\x98\x12\0\0\0\0\0\0\0\0\
\0\0\0\0\0\0\x2b\x02\0\0\0\0\x02\0\x40\x07\0\0\0\0\0\0\0\0\0\0\0\0\0\0\x0c\x02\
\0\0\0\0\x02\0\x50\x07\0\0\0\0\0\0\0\0\0\0\0\0\0\0\xde\x01\0\0\0\0\x02\0\x60\
\x07\0\0\0\0\0\0\0\0\0\0\0\0\0\0\xb7\x01\0\0\0\0\x02\0\xb8\x08\0\0\0\0\0\0\0\0\
\0\0\0\0\0\0\x98\x01\0\0\0\0\x02\0\x50\x09\0\0\0\0\0\0\0\0\0\0\0\0\0\0\x90\x01\
\0\0\0\0\x02\0\x40\x04\0\0\0\0\0\0\0\0\0\0\0\0\0\0\x81\x01\0\0\0\0\x02\0\xe8\0\
\0\0\0\0\0\0\0\0\0\0\0\0\0\0\xd7\x01\0\0\0\0\x02\0\xf8\0\0\0\0\0\0\0\0\0\0\0\0\
\0\0\0\x14\0\0\0\x02\0\x02\0\0\0\0\0\0\0\0\0\x10\x13\0\0\0\0\0\0\0\0\0\0\x03\0\
\x02\0\0\0\0\0\0\0\0\0\0\0\0\0\0\0\0\0\0\0\0\0\x03\0\x04\0\0\0\0\0\0\0\0\0\0\0\
\0\0\0\0\0\0\0\0\0\0\x03\0\x05\0\0\0\0\0\0\0\0\0\0\0\0\0\0\0\0\0\0\0\0\0\x03\0\
\x07\0\0\0\0\0\0\0\0\0\0\0\0\0\0\0\0\0\0\0\0\0\x03\0\x0d\0\0\0\0\0\0\0\0\0\0\0\
\0\0\0\0\0\0\0\0\0\0\x03\0\x0f\0\0\0\0\0\0\0\0\0\0\0\0\0\0\0\0\0\0\0\0\0\x03\0\
\x12\0\0\0\0\0\0\0\0\0\0\0\0\0\0\0\0\0\0\0\0\0\x03\0\x18\0\0\0\0\0\0\0\0\0\0\0\
\0\0\0\0\0\0\0\0\0\0\x03\0\x1a\0\0\0\0\0\0\0\0\0\0\0\0\0\0\0\0\0\x0e\x01\0\0\
\x11\0\x0b\0\0\0\0\0\0\0\0\0\x04\0\0\0\0\0\0\0\x7d\0\0\0\x12\0\x07\0\0\0\0\0\0\
\0\0\0\x80\x09\0\0\0\0\0\0\x38\x01\0\0\x11\0\x09\0\x64\0\0\0\0\0\0\0\x14\0\0\0\
\0\0\0\0\x9b\0\0\0\x11\0\x09\0\x14\0\0\0\0\0\0\0\x14\0\0\0\0\0\0\0\xb9\0\0\0\
\x11\0\x09\0\x28\0\0\0\0\0\0\0\x14\0\0\0\0\0\0\0\xe5\0\0\0\x11\0\x09\0\x3c\0\0\
\0\0\0\0\0\x14\0\0\0\0\0\0\0\xda\0\0\0\x11\0\x09\0\x50\0\0\0\0\0\0\0\x14\0\0\0\
\0\0\0\0\x92\0\0\0\x11\0\x09\0\0\0\0\0\0\0\0\0\x14\0\0\0\0\0\0\0\x62\0\0\0\x12\
\0\x05\0\0\0\0\0\0\0\0\0\x68\x09\0\0\0\0\0\0\x31\0\0\0\x12\0\x04\0\0\0\0\0\0\0\
\0\0\x70\0\0\0\0\0\0\0\xb0\x03\0\0\0\0\0\0\x01\0\0\0\x95\x01\0\0\x50\x07\0\0\0\
\0\0\0\x01\0\0\0\x97\x01\0\0\x78\x0d\0\0\0\0\0\0\x01\0\0\0\x95\x01\0\0\x78\x0e\
\0\0\0\0\0\0\x01\0\0\0\x97\x01\0\0\x48\x02\0\0\0\0\0\0\x01\0\0\0\x98\x01\0\0\
\xf0\x05\0\0\0\0\0\0\x01\0\0\0\x9a\x01\0\0\x60\x08\0\0\0\0\0\0\x01\0\0\0\x96\
\x01\0\0\x98\x08\0\0\0\0\0\0\x0a\0\0\0\x8a\x01\0\0\xf8\x01\0\0\0\0\0\0\x01\0\0\
\0\x99\x01\0\0\x38\x03\0\0\0\0\0\0\x01\0\0\0\x96\x01\0\0\x78\x04\0\0\0\0\0\0\
\x0a\0\0\0\x8a\x01\0\0\x78\x08\0\0\0\0\0\0\x01\0\0\0\x9a\x01\0\0\x08\0\0\0\0\0\
\0\0\x01\0\0\0\x8c\x01\0\0\x4e\0\0\0\0\0\0\0\x01\0\0\0\x8c\x01\0\0\x94\0\0\0\0\
\0\0\0\x01\0\0\0\x8c\x01\0\0\xdc\0\0\0\0\0\0\0\x01\0\0\0\x8c\x01\0\0\x22\x01\0\
\0\0\0\0\0\x01\0\0\0\x8c\x01\0\0\x6c\x01\0\0\0\0\0\0\x01\0\0\0\x8c\x01\0\0\xdb\
\x01\0\0\0\0\0\0\x01\0\0\0\x8c\x01\0\0\x3c\x02\0\0\0\0\0\0\x01\0\0\0\x8c\x01\0\
\0\x86\x02\0\0\0\0\0\0\x01\0\0\0\x8c\x01\0\0\xcc\x02\0\0\0\0\0\0\x01\0\0\0\x8c\
\x01\0\0\x12\x03\0\0\0\0\0\0\x01\0\0\0\x8c\x01\0\0\x5c\x03\0\0\0\0\0\0\x01\0\0\
\0\x8c\x01\0\0\xa2\x03\0\0\0\0\0\0\x01\0\0\0\x8c\x01\0\0\xfd\x03\0\0\0\0\0\0\
\x01\0\0\0\x8c\x01\0\0\x30\x04\0\0\0\0\0\0\x01\0\0\0\x8c\x01\0\0\x63\x04\0\0\0\
\0\0\0\x01\0\0\0\x8c\x01\0\0\x96\x04\0\0\0\0\0\0\x01\0\0\0\x8d\x01\0\0\xdc\x04\
\0\0\0\0\0\0\x01\0\0\0\x8d\x01\0\0\x22\x05\0\0\0\0\0\0\x01\0\0\0\x8d\x01\0\0\
\x6a\x05\0\0\0\0\0\0\x01\0\0\0\x8d\x01\0\0\xb0\x05\0\0\0\0\0\0\x01\0\0\0\x8d\
\x01\0\0\xfa\x05\0\0\0\0\0\0\x01\0\0\0\x8d\x01\0\0\x57\x06\0\0\0\0\0\0\x01\0\0\
\0\x8d\x01\0\0\xb6\x06\0\0\0\0\0\0\x01\0\0\0\x8d\x01\0\0\x22\x07\0\0\0\0\0\0\
\x01\0\0\0\x8d\x01\0\0\x68\x07\0\0\0\0\0\0\x01\0\0\0\x8d\x01\0\0\x9c\x07\0\0\0\
\0\0\0\x01\0\0\0\x8d\x01\0\0\xcf\x07\0\0\0\0\0\0\x01\0\0\0\x8d\x01\0\0\x17\x08\
\0\0\0\0\0\0\x01\0\0\0\x8d\x01\0\0\x5d\x08\0\0\0\0\0\0\x01\0\0\0\x8d\x01\0\0\
\xa3\x08\0\0\0\0\0\0\x01\0\0\0\x8a\x01\0\0\xe9\x08\0\0\0\0\0\0\x01\0\0\0\x8a\
\x01\0\0\x68\x09\0\0\0\0\0\0\x01\0\0\0\x8a\x01\0\0\xd4\x09\0\0\0\0\0\0\x01\0\0\
\0\x8a\x01\0\0\x40\x0a\0\0\0\0\0\0\x01\0\0\0\x8a\x01\0\0\xac\x0a\0\0\0\0\0\0\
\x01\0\0\0\x8a\x01\0\0\xf2\x0a\0\0\0\0\0\0\x01\0\0\0\x8a\x01\0\0\x38\x0b\0\0\0\
\0\0\0\x01\0\0\0\x8a\x01\0\0\x6b\x0b\0\0\0\0\0\0\x01\0\0\0\x8a\x01\0\0\xa0\x0b\
\0\0\0\0\0\0\x01\0\0\0\x8a\x01\0\0\xf9\x0b\0\0\0\0\0\0\x01\0\0\0\x8a\x01\0\0\
\x3f\x0c\0\0\0\0\0\0\x01\0\0\0\x8a\x01\0\0\x98\x0c\0\0\0\0\0\0\x01\0\0\0\x8a\
\x01\0\0\xf1\x0c\0\0\0\0\0\0\x01\0\0\0\x8a\x01\0\0\x37\x0d\0\0\0\0\0\0\x01\0\0\
\0\x8a\x01\0\0\x90\x0d\0\0\0\0\0\0\x01\0\0\0\x8a\x01\0\0\xda\x0d\0\0\0\0\0\0\
\x01\0\0\0\x8a\x01\0\0\x20\x0e\0\0\0\0\0\0\x01\0\0\0\x8a\x01\0\0\x6a\x0e\0\0\0\
\0\0\0\x01\0\0\0\x8a\x01\0\0\xb4\x0e\0\0\0\0\0\0\x01\0\0\0\x8a\x01\0\0\xfa\x0e\
\0\0\0\0\0\0\x01\0\0\0\x8a\x01\0\0\x44\x0f\0\0\0\0\0\0\x01\0\0\0\x8a\x01\0\0\
\x79\x0f\0\0\0\0\0\0\x01\0\0\0\x8a\x01\0\0\xad\x0f\0\0\0\0\0\0\x01\0\0\0\x8a\
\x01\0\0\xe1\x0f\0\0\0\0\0\0\x01\0\0\0\x8a\x01\0\0\x15\x10\0\0\0\0\0\0\x01\0\0\
\0\x8a\x01\0\0\x49\x10\0\0\0\0\0\0\x01\0\0\0\x8a\x01\0\0\x7c\x10\0\0\0\0\0\0\
\x01\0\0\0\x8a\x01\0\0\xc4\x10\0\0\0\0\0\0\x01\0\0\0\x8a\x01\0\0\x0c\x11\0\0\0\
\0\0\0\x01\0\0\0\x8a\x01\0\0\x40\x11\0\0\0\0\0\0\x01\0\0\0\x8a\x01\0\0\x74\x11\
\0\0\0\0\0\0\x01\0\0\0\x8a\x01\0\0\xa7\x11\0\0\0\0\0\0\x01\0\0\0\x8a\x01\0\0\
\xda\x11\0\0\0\0\0\0\x01\0\0\0\x8a\x01\0\0\x0f\x12\0\0\0\0\0\0\x01\0\0\0\x8a\
\x01\0\0\x42\x12\0\0\0\0\0\0\x01\0\0\0\x8a\x01\0\0\x77\x12\0\0\0\0\0\0\x01\0\0\
\0\x8a\x01\0\0\xaa\x12\0\0\0\0\0\0\x01\0\0\0\x8a\x01\0\0\xf0\x12\0\0\0\0\0\0\
\x01\0\0\0\x8a\x01\0\0\x23\x13\0\0\0\0\0\0\x01\0\0\0\x8a\x01\0\0\x7c\x13\0\0\0\
\0\0\0\x01\0\0\0\x8a\x01\0\0\x06\0\0\0\0\0\0\0\x0a\0\0\0\x8f\x01\0\0\x0c\0\0\0\
\0\0\0\0\x0a\0\0\0\x02\0\0\0\x12\0\0\0\0\0\0\0\x0a\0\0\0\x03\0\0\0\x16\0\0\0\0\
\0\0\0\x0a\0\0\0\x92\x01\0\0\x1a\0\0\0\0\0\0\0\x0a\0\0\0\x04\0\0\0\x26\0\0\0\0\
\0\0\0\x0a\0\0\0\x90\x01\0\0\x2b\0\0\0\0\0\0\0\x0a\0\0\0\x05\0\0\0\x37\0\0\0\0\
\0\0\0\x01\0\0\0\x9a\x01\0\0\x40\0\0\0\0\0\0\0\x0a\0\0\0\x0c\0\0\0\x48\0\0\0\0\
\0\0\0\x0a\0\0\0\x06\0\0\0\x54\0\0\0\0\0\0\0\x0a\0\0\0\x08\0\0\0\x60\0\0\0\0\0\
\0\0\x0a\0\0\0\x09\0\0\0\x6c\0\0\0\0\0\0\0\x0a\0\0\0\x0a\0\0\0\x78\0\0\0\0\0\0\
\0\x0a\0\0\0\x0b\0\0\0\x85\0\0\0\0\0\0\0\x0a\0\0\0\x07\0\0\0\x8c\0\0\0\0\0\0\0\
\x0a\0\0\0\x0d\0\0\0\x98\0\0\0\0\0\0\0\x01\0\0\0\x96\x01\0\0\xa1\0\0\0\0\0\0\0\
\x0a\0\0\0\x0e\0\0\0\xad\0\0\0\0\0\0\0\x01\0\0\0\x97\x01\0\0\xb6\0\0\0\0\0\0\0\
\x0a\0\0\0\x0f\0\0\0\xc2\0\0\0\0\0\0\0\x01\0\0\0\x98\x01\0\0\xcb\0\0\0\0\0\0\0\
\x0a\0\0\0\x10\0\0\0\xd7\0\0\0\0\0\0\0\x01\0\0\0\x99\x01\0\0\xe0\0\0\0\0\0\0\0\
\x0a\0\0\0\x11\0\0\0\xec\0\0\0\0\0\0\0\x01\0\0\0\x95\x01\0\0\xf5\0\0\0\0\0\0\0\
\x0a\0\0\0\x12\0\0\0\x02\x01\0\0\0\0\0\0\x01\0\0\0\x93\x01\0\0\x17\x01\0\0\0\0\
\0\0\x0a\0\0\0\x13\0\0\0\x1e\x01\0\0\0\0\0\0\x0a\0\0\0\x14\0\0\0\x25\x01\0\0\0\
\0\0\0\x0a\0\0\0\x15\0\0\0\x46\x01\0\0\0\0\0\0\x0a\0\0\0\x16\0\0\0\x5b\x01\0\0\
\0\0\0\0\x0a\0\0\0\x17\0\0\0\x62\x01\0\0\0\0\0\0\x0a\0\0\0\x18\0\0\0\x89\x01\0\
\0\0\0\0\0\x0a\0\0\0\x19\0\0\0\xaf\x01\0\0\0\0\0\0\x0a\0\0\0\x20\0\0\0\xb8\x01\
\0\0\0\0\0\0\x0a\0\0\0\x1a\0\0\0\xc5\x01\0\0\0\0\0\0\x0a\0\0\0\x1b\0\0\0\xd2\
\x01\0\0\0\0\0\0\x0a\0\0\0\x1c\0\0\0\xdf\x01\0\0\0\0\0\0\x0a\0\0\0\x1d\0\0\0\
\xec\x01\0\0\0\0\0\0\x0a\0\0\0\x1e\0\0\0\xf9\x01\0\0\0\0\0\0\x0a\0\0\0\x1f\0\0\
\0\x07\x02\0\0\0\0\0\0\x0a\0\0\0\x21\0\0\0\x0e\x02\0\0\0\0\0\0\x0a\0\0\0\x22\0\
\0\0\x38\x02\0\0\0\0\0\0\x0a\0\0\0\x24\0\0\0\x3f\x02\0\0\0\0\0\0\x0a\0\0\0\x23\
\0\0\0\x46\x02\0\0\0\0\0\0\x0a\0\0\0\x25\0\0\0\x7a\x02\0\0\0\0\0\0\x0a\0\0\0\
\x27\0\0\0\x81\x02\0\0\0\0\0\0\x0a\0\0\0\x26\0\0\0\x91\x02\0\0\0\0\0\0\x0a\0\0\
\0\x28\0\0\0\x9c\x02\0\0\0\0\0\0\x0a\0\0\0\x29\0\0\0\xa7\x02\0\0\0\0\0\0\x0a\0\
\0\0\x2f\0\0\0\xb0\x02\0\0\0\0\0\0\x0a\0\0\0\x2a\0\0\0\xb6\x02\0\0\0\0\0\0\x0a\
\0\0\0\x2b\0\0\0\xbc\x02\0\0\0\0\0\0\x0a\0\0\0\x2c\0\0\0\xc2\x02\0\0\0\0\0\0\
\x0a\0\0\0\x2d\0\0\0\xc8\x02\0\0\0\0\0\0\x0a\0\0\0\x2e\0\0\0\xd3\x02\0\0\0\0\0\
\0\x0a\0\0\0\x32\0\0\0\xdb\x02\0\0\0\0\0\0\x0a\0\0\0\x30\0\0\0\xe1\x02\0\0\0\0\
\0\0\x0a\0\0\0\x31\0\0\0\xec\x02\0\0\0\0\0\0\x0a\0\0\0\x38\0\0\0\xf4\x02\0\0\0\
\0\0\0\x0a\0\0\0\x33\0\0\0\xfa\x02\0\0\0\0\0\0\x0a\0\0\0\x34\0\0\0\0\x03\0\0\0\
\0\0\0\x0a\0\0\0\x35\0\0\0\x06\x03\0\0\0\0\0\0\x0a\0\0\0\x36\0\0\0\x0c\x03\0\0\
\0\0\0\0\x0a\0\0\0\x37\0\0\0\x1b\x03\0\0\0\0\0\0\x0a\0\0\0\x39\0\0\0\x21\x03\0\
\0\0\0\0\0\x0a\0\0\0\x3a\0\0\0\x27\x03\0\0\0\0\0\0\x0a\0\0\0\x3b\0\0\0\x2d\x03\
\0\0\0\0\0\0\x0a\0\0\0\x3c\0\0\0\x33\x03\0\0\0\0\0\0\x0a\0\0\0\x3d\0\0\0\x39\
\x03\0\0\0\0\0\0\x0a\0\0\0\x3e\0\0\0\x3f\x03\0\0\0\0\0\0\x0a\0\0\0\x3f\0\0\0\
\x45\x03\0\0\0\0\0\0\x0a\0\0\0\x40\0\0\0\x4b\x03\0\0\0\0\0\0\x0a\0\0\0\x41\0\0\
\0\x51\x03\0\0\0\0\0\0\x0a\0\0\0\x42\0\0\0\x57\x03\0\0\0\0\0\0\x0a\0\0\0\x43\0\
\0\0\x5d\x03\0\0\0\0\0\0\x0a\0\0\0\x44\0\0\0\x63\x03\0\0\0\0\0\0\x0a\0\0\0\x45\
\0\0\0\x69\x03\0\0\0\0\0\0\x0a\0\0\0\x46\0\0\0\x6f\x03\0\0\0\0\0\0\x0a\0\0\0\
\x47\0\0\0\x75\x03\0\0\0\0\0\0\x0a\0\0\0\x48\0\0\0\x7b\x03\0\0\0\0\0\0\x0a\0\0\
\0\x49\0\0\0\x81\x03\0\0\0\0\0\0\x0a\0\0\0\x4a\0\0\0\x87\x03\0\0\0\0\0\0\x0a\0\
\0\0\x4b\0\0\0\x8d\x03\0\0\0\0\0\0\x0a\0\0\0\x4c\0\0\0\x93\x03\0\0\0\0\0\0\x0a\
\0\0\0\x4d\0\0\0\x99\x03\0\0\0\0\0\0\x0a\0\0\0\x4e\0\0\0\xa0\x03\0\0\0\0\0\0\
\x0a\0\0\0\x4f\0\0\0\xa7\x03\0\0\0\0\0\0\x0a\0\0\0\x50\0\0\0\xae\x03\0\0\0\0\0\
\0\x0a\0\0\0\x51\0\0\0\xb5\x03\0\0\0\0\0\0\x0a\0\0\0\x52\0\0\0\xc6\x03\0\0\0\0\
\0\0\x0a\0\0\0\x53\0\0\0\xd6\x03\0\0\0\0\0\0\x0a\0\0\0\x56\0\0\0\xe1\x03\0\0\0\
\0\0\0\x0a\0\0\0\x55\0\0\0\xe8\x03\0\0\0\0\0\0\x0a\0\0\0\x54\0\0\0\xf4\x03\0\0\
\0\0\0\0\x0a\0\0\0\x66\0\0\0\xfc\x03\0\0\0\0\0\0\x0a\0\0\0\x57\0\0\0\x0b\x04\0\
\0\0\0\0\0\x0a\0\0\0\x58\0\0\0\x1a\x04\0\0\0\0\0\0\x0a\0\0\0\x59\0\0\0\x26\x04\
\0\0\0\0\0\0\x0a\0\0\0\x5a\0\0\0\x32\x04\0\0\0\0\0\0\x0a\0\0\0\x5e\0\0\0\x3e\
\x04\0\0\0\0\0\0\x0a\0\0\0\x5f\0\0\0\x4a\x04\0\0\0\0\0\0\x0a\0\0\0\x60\0\0\0\
\x56\x04\0\0\0\0\0\0\x0a\0\0\0\x61\0\0\0\x62\x04\0\0\0\0\0\0\x0a\0\0\0\x62\0\0\
\0\x6e\x04\0\0\0\0\0\0\x0a\0\0\0\x64\0\0\0\x7a\x04\0\0\0\0\0\0\x0a\0\0\0\x65\0\
\0\0\x8b\x04\0\0\0\0\0\0\x0a\0\0\0\x5d\0\0\0\x96\x04\0\0\0\0\0\0\x0a\0\0\0\x5c\
\0\0\0\x9d\x04\0\0\0\0\0\0\x0a\0\0\0\x5b\0\0\0\xa8\x04\0\0\0\0\0\0\x0a\0\0\0\
\x63\0\0\0\xb3\x04\0\0\0\0\0\0\x0a\0\0\0\x68\0\0\0\xbe\x04\0\0\0\0\0\0\x0a\0\0\
\0\x67\0\0\0\xc5\x04\0\0\0\0\0\0\x0a\0\0\0\x69\0\0\0\xd5\x04\0\0\0\0\0\0\x0a\0\
\0\0\x6a\0\0\0\xe0\x04\0\0\0\0\0\0\x0a\0\0\0\x6b\0\0\0\xe7\x04\0\0\0\0\0\0\x01\
\0\0\0\x8b\x01\0\0\xf5\x04\0\0\0\0\0\0\x0a\0\0\0\x5d\x01\0\0\0\x05\0\0\0\0\0\0\
\x0a\0\0\0\x6d\0\0\0\x0b\x05\0\0\0\0\0\0\x0a\0\0\0\x90\x01\0\0\x13\x05\0\0\0\0\
\0\0\x0a\0\0\0\x19\x01\0\0\x20\x05\0\0\0\0\0\0\x0a\0\0\0\x6c\0\0\0\x2d\x05\0\0\
\0\0\0\0\x0a\0\0\0\x6d\0\0\0\x39\x05\0\0\0\0\0\0\x0a\0\0\0\x6e\0\0\0\x45\x05\0\
\0\0\0\0\0\x0a\0\0\0\x6f\0\0\0\x51\x05\0\0\0\0\0\0\x0a\0\0\0\x70\0\0\0\x5d\x05\
\0\0\0\0\0\0\x0a\0\0\0\x71\0\0\0\x69\x05\0\0\0\0\0\0\x0a\0\0\0\x73\0\0\0\x75\
\x05\0\0\0\0\0\0\x0a\0\0\0\x75\0\0\0\x81\x05\0\0\0\0\0\0\x0a\0\0\0\x76\0\0\0\
\x8d\x05\0\0\0\0\0\0\x0a\0\0\0\x85\0\0\0\x99\x05\0\0\0\0\0\0\x0a\0\0\0\xd6\0\0\
\0\xa5\x05\0\0\0\0\0\0\x0a\0\0\0\x16\x01\0\0\xb1\x05\0\0\0\0\0\0\x0a\0\0\0\x18\
\x01\0\0\xbe\x05\0\0\0\0\0\0\x0a\0\0\0\x19\x01\0\0\xcc\x05\0\0\0\0\0\0\x0a\0\0\
\0\x19\x01\0\0\xda\x05\0\0\0\0\0\0\x0a\0\0\0\x19\x01\0\0\xe8\x05\0\0\0\0\0\0\
\x0a\0\0\0\x19\x01\0\0\xfa\x05\0\0\0\0\0\0\x0a\0\0\0\x72\0\0\0\x05\x06\0\0\0\0\
\0\0\x0a\0\0\0\x74\0\0\0\x11\x06\0\0\0\0\0\0\x0a\0\0\0\x84\0\0\0\x19\x06\0\0\0\
\0\0\0\x0a\0\0\0\x77\0\0\0\x28\x06\0\0\0\0\0\0\x0a\0\0\0\x78\0\0\0\x37\x06\0\0\
\0\0\0\0\x0a\0\0\0\x79\0\0\0\x46\x06\0\0\0\0\0\0\x0a\0\0\0\x7a\0\0\0\x55\x06\0\
\0\0\0\0\0\x0a\0\0\0\x7b\0\0\0\x64\x06\0\0\0\0\0\0\x0a\0\0\0\x58\0\0\0\x73\x06\
\0\0\0\0\0\0\x0a\0\0\0\x7c\0\0\0\x7f\x06\0\0\0\0\0\0\x0a\0\0\0\x7f\0\0\0\x8b\
\x06\0\0\0\0\0\0\x0a\0\0\0\x73\0\0\0\x9c\x06\0\0\0\0\0\0\x0a\0\0\0\x7e\0\0\0\
\xa7\x06\0\0\0\0\0\0\x0a\0\0\0\x7d\0\0\0\xb2\x06\0\0\0\0\0\0\x0a\0\0\0\x81\0\0\
\0\xbd\x06\0\0\0\0\0\0\x0a\0\0\0\x80\0\0\0\xc8\x06\0\0\0\0\0\0\x0a\0\0\0\x83\0\
\0\0\xd3\x06\0\0\0\0\0\0\x0a\0\0\0\x82\0\0\0\xe3\x06\0\0\0\0\0\0\x0a\0\0\0\xd5\
\0\0\0\xea\x06\0\0\0\0\0\0\x0a\0\0\0\xd4\0\0\0\xf3\x06\0\0\0\0\0\0\x0a\0\0\0\
\x86\0\0\0\xff\x06\0\0\0\0\0\0\x0a\0\0\0\x8e\0\0\0\x0b\x07\0\0\0\0\0\0\x0a\0\0\
\0\x91\0\0\0\x17\x07\0\0\0\0\0\0\x0a\0\0\0\xc3\0\0\0\x24\x07\0\0\0\0\0\0\x0a\0\
\0\0\xc7\0\0\0\x31\x07\0\0\0\0\0\0\x0a\0\0\0\xca\0\0\0\x3e\x07\0\0\0\0\0\0\x0a\
\0\0\0\xcd\0\0\0\x4b\x07\0\0\0\0\0\0\x0a\0\0\0\xd0\0\0\0\x5d\x07\0\0\0\0\0\0\
\x0a\0\0\0\x8d\0\0\0\x64\x07\0\0\0\0\0\0\x0a\0\0\0\x8c\0\0\0\x6c\x07\0\0\0\0\0\
\0\x0a\0\0\0\x87\0\0\0\x78\x07\0\0\0\0\0\0\x0a\0\0\0\x8b\0\0\0\x89\x07\0\0\0\0\
\0\0\x0a\0\0\0\x8a\0\0\0\x90\x07\0\0\0\0\0\0\x0a\0\0\0\x89\0\0\0\x98\x07\0\0\0\
\0\0\0\x0a\0\0\0\x06\0\0\0\xa4\x07\0\0\0\0\0\0\x0a\0\0\0\x88\0\0\0\xb5\x07\0\0\
\0\0\0\0\x0a\0\0\0\x90\0\0\0\xbc\x07\0\0\0\0\0\0\x0a\0\0\0\x8f\0\0\0\xc4\x07\0\
\0\0\0\0\0\x0a\0\0\0\x8e\0\0\0\xd5\x07\0\0\0\0\0\0\x0a\0\0\0\xc2\0\0\0\xdc\x07\
\0\0\0\0\0\0\x0a\0\0\0\x91\0\0\0\xe5\x07\0\0\0\0\0\0\x0a\0\0\0\x87\0\0\0\xf1\
\x07\0\0\0\0\0\0\x0a\0\0\0\x92\0\0\0\xfd\x07\0\0\0\0\0\0\x0a\0\0\0\x95\0\0\0\
\x09\x08\0\0\0\0\0\0\x0a\0\0\0\x9e\0\0\0\x15\x08\0\0\0\0\0\0\x0a\0\0\0\xa0\0\0\
\0\x21\x08\0\0\0\0\0\0\x0a\0\0\0\xa5\0\0\0\x2d\x08\0\0\0\0\0\0\x0a\0\0\0\xa7\0\
\0\0\x39\x08\0\0\0\0\0\0\x0a\0\0\0\xb4\0\0\0\x45\x08\0\0\0\0\0\0\x0a\0\0\0\xb7\
\0\0\0\x51\x08\0\0\0\0\0\0\x0a\0\0\0\xba\0\0\0\x5d\x08\0\0\0\0\0\0\x0a\0\0\0\
\xbc\0\0\0\x69\x08\0\0\0\0\0\0\x0a\0\0\0\xbe\0\0\0\x75\x08\0\0\0\0\0\0\x0a\0\0\
\0\xc0\0\0\0\x87\x08\0\0\0\0\0\0\x0a\0\0\0\x94\0\0\0\x8e\x08\0\0\0\0\0\0\x0a\0\
\0\0\x92\0\0\0\x96\x08\0\0\0\0\0\0\x0a\0\0\0\x87\0\0\0\xa2\x08\0\0\0\0\0\0\x0a\
\0\0\0\x93\0\0\0\xb3\x08\0\0\0\0\0\0\x0a\0\0\0\x9d\0\0\0\xba\x08\0\0\0\0\0\0\
\x0a\0\0\0\x95\0\0\0\xc2\x08\0\0\0\0\0\0\x0a\0\0\0\x87\0\0\0\xce\x08\0\0\0\0\0\
\0\x0a\0\0\0\x96\0\0\0\xdd\x08\0\0\0\0\0\0\x0a\0\0\0\x97\0\0\0\xec\x08\0\0\0\0\
\0\0\x0a\0\0\0\x98\0\0\0\xfb\x08\0\0\0\0\0\0\x0a\0\0\0\x99\0\0\0\x0a\x09\0\0\0\
\0\0\0\x0a\0\0\0\x73\0\0\0\x16\x09\0\0\0\0\0\0\x0a\0\0\0\x9a\0\0\0\x22\x09\0\0\
\0\0\0\0\x0a\0\0\0\x9b\0\0\0\x2e\x09\0\0\0\0\0\0\x0a\0\0\0\x9c\0\0\0\x4b\x09\0\
\0\0\0\0\0\x0a\0\0\0\x9f\0\0\0\x52\x09\0\0\0\0\0\0\x0a\0\0\0\x9e\0\0\0\x5a\x09\
\0\0\0\0\0\0\x0a\0\0\0\x87\0\0\0\x66\x09\0\0\0\0\0\0\x0a\0\0\0\x9e\0\0\0\x83\
\x09\0\0\0\0\0\0\x0a\0\0\0\xa4\0\0\0\x8a\x09\0\0\0\0\0\0\x0a\0\0\0\xa0\0\0\0\
\x92\x09\0\0\0\0\0\0\x0a\0\0\0\x87\0\0\0\x9e\x09\0\0\0\0\0\0\x0a\0\0\0\xa1\0\0\
\0\xad\x09\0\0\0\0\0\0\x0a\0\0\0\xa2\0\0\0\xbc\x09\0\0\0\0\0\0\x0a\0\0\0\x98\0\
\0\0\xcb\x09\0\0\0\0\0\0\x0a\0\0\0\x99\0\0\0\xda\x09\0\0\0\0\0\0\x0a\0\0\0\x9a\
\0\0\0\xe6\x09\0\0\0\0\0\0\x0a\0\0\0\x9b\0\0\0\xf2\x09\0\0\0\0\0\0\x0a\0\0\0\
\xa3\0\0\0\x03\x0a\0\0\0\0\0\0\x0a\0\0\0\xa6\0\0\0\x0a\x0a\0\0\0\0\0\0\x0a\0\0\
\0\xa5\0\0\0\x12\x0a\0\0\0\0\0\0\x0a\0\0\0\x87\0\0\0\x1e\x0a\0\0\0\0\0\0\x0a\0\
\0\0\xa5\0\0\0\x2f\x0a\0\0\0\0\0\0\x0a\0\0\0\xb3\0\0\0\x36\x0a\0\0\0\0\0\0\x0a\
\0\0\0\xa7\0\0\0\x3e\x0a\0\0\0\0\0\0\x0a\0\0\0\x87\0\0\0\x4a\x0a\0\0\0\0\0\0\
\x0a\0\0\0\x7a\0\0\0\x59\x0a\0\0\0\0\0\0\x0a\0\0\0\xa8\0\0\0\x68\x0a\0\0\0\0\0\
\0\x0a\0\0\0\xa9\0\0\0\x77\x0a\0\0\0\0\0\0\x0a\0\0\0\xaa\0\0\0\x86\x0a\0\0\0\0\
\0\0\x0a\0\0\0\xab\0\0\0\x95\x0a\0\0\0\0\0\0\x0a\0\0\0\xac\0\0\0\xa4\x0a\0\0\0\
\0\0\0\x0a\0\0\0\xad\0\0\0\xb0\x0a\0\0\0\0\0\0\x0a\0\0\0\xae\0\0\0\xbc\x0a\0\0\
\0\0\0\0\x0a\0\0\0\xaf\0\0\0\xc8\x0a\0\0\0\0\0\0\x0a\0\0\0\xb0\0\0\0\xd4\x0a\0\
\0\0\0\0\0\x0a\0\0\0\xb1\0\0\0\xe0\x0a\0\0\0\0\0\0\x0a\0\0\0\xb2\0\0\0\x15\x0b\
\0\0\0\0\0\0\x0a\0\0\0\xb6\0\0\0\x1c\x0b\0\0\0\0\0\0\x0a\0\0\0\xb5\0\0\0\x24\
\x0b\0\0\0\0\0\0\x0a\0\0\0\x87\0\0\0\x30\x0b\0\0\0\0\0\0\x0a\0\0\0\xb4\0\0\0\
\x4d\x0b\0\0\0\0\0\0\x0a\0\0\0\xb9\0\0\0\x54\x0b\0\0\0\0\0\0\x0a\0\0\0\xb7\0\0\
\0\x5c\x0b\0\0\0\0\0\0\x0a\0\0\0\x87\0\0\0\x68\x0b\0\0\0\0\0\0\x0a\0\0\0\x7a\0\
\0\0\x77\x0b\0\0\0\0\0\0\x0a\0\0\0\xb8\0\0\0\x8b\x0b\0\0\0\0\0\0\x0a\0\0\0\xbb\
\0\0\0\x92\x0b\0\0\0\0\0\0\x0a\0\0\0\xba\0\0\0\x9a\x0b\0\0\0\0\0\0\x0a\0\0\0\
\x87\0\0\0\xa6\x0b\0\0\0\0\0\0\x0a\0\0\0\x7a\0\0\0\xb5\x0b\0\0\0\0\0\0\x0a\0\0\
\0\xba\0\0\0\xc9\x0b\0\0\0\0\0\0\x0a\0\0\0\xbd\0\0\0\xd0\x0b\0\0\0\0\0\0\x0a\0\
\0\0\xbc\0\0\0\xd8\x0b\0\0\0\0\0\0\x0a\0\0\0\x87\0\0\0\xe4\x0b\0\0\0\0\0\0\x0a\
\0\0\0\xbc\0\0\0\xf5\x0b\0\0\0\0\0\0\x0a\0\0\0\xbf\0\0\0\xfc\x0b\0\0\0\0\0\0\
\x0a\0\0\0\xbe\0\0\0\x04\x0c\0\0\0\0\0\0\x0a\0\0\0\x87\0\0\0\x10\x0c\0\0\0\0\0\
\0\x0a\0\0\0\xbe\0\0\0\x21\x0c\0\0\0\0\0\0\x0a\0\0\0\xc1\0\0\0\x28\x0c\0\0\0\0\
\0\0\x0a\0\0\0\xc0\0\0\0\x30\x0c\0\0\0\0\0\0\x0a\0\0\0\x87\0\0\0\x3c\x0c\0\0\0\
\0\0\0\x0a\0\0\0\xc0\0\0\0\x59\x0c\0\0\0\0\0\0\x0a\0\0\0\xc6\0\0\0\x60\x0c\0\0\
\0\0\0\0\x0a\0\0\0\xc5\0\0\0\x68\x0c\0\0\0\0\0\0\x0a\0\0\0\x89\0\0\0\x74\x0c\0\
\0\0\0\0\0\x0a\0\0\0\xc4\0\0\0\x85\x0c\0\0\0\0\0\0\x0a\0\0\0\xc9\0\0\0\x8c\x0c\
\0\0\0\0\0\0\x0a\0\0\0\xc8\0\0\0\x94\x0c\0\0\0\0\0\0\x0a\0\0\0\x87\0\0\0\xa0\
\x0c\0\0\0\0\0\0\x0a\0\0\0\xc7\0\0\0\xb1\x0c\0\0\0\0\0\0\x0a\0\0\0\xcc\0\0\0\
\xb8\x0c\0\0\0\0\0\0\x0a\0\0\0\xcb\0\0\0\xc0\x0c\0\0\0\0\0\0\x0a\0\0\0\x87\0\0\
\0\xcc\x0c\0\0\0\0\0\0\x0a\0\0\0\xca\0\0\0\xdd\x0c\0\0\0\0\0\0\x0a\0\0\0\xcf\0\
\0\0\xe4\x0c\0\0\0\0\0\0\x0a\0\0\0\xce\0\0\0\xec\x0c\0\0\0\0\0\0\x0a\0\0\0\x87\
\0\0\0\xf8\x0c\0\0\0\0\0\0\x0a\0\0\0\xcd\0\0\0\x09\x0d\0\0\0\0\0\0\x0a\0\0\0\
\xd3\0\0\0\x10\x0d\0\0\0\0\0\0\x0a\0\0\0\xd2\0\0\0\x18\x0d\0\0\0\0\0\0\x0a\0\0\
\0\x87\0\0\0\x24\x0d\0\0\0\0\0\0\x0a\0\0\0\xd1\0\0\0\x3a\x0d\0\0\0\0\0\0\x0a\0\
\0\0\x15\x01\0\0\x41\x0d\0\0\0\0\0\0\x0a\0\0\0\x14\x01\0\0\x4a\x0d\0\0\0\0\0\0\
\x0a\0\0\0\xc7\0\0\0\x56\x0d\0\0\0\0\0\0\x0a\0\0\0\xd7\0\0\0\x62\x0d\0\0\0\0\0\
\0\x0a\0\0\0\xdf\0\0\0\x6e\x0d\0\0\0\0\0\0\x0a\0\0\0\x0e\x01\0\0\x7b\x0d\0\0\0\
\0\0\0\x0a\0\0\0\x11\x01\0\0\x8d\x0d\0\0\0\0\0\0\x0a\0\0\0\xde\0\0\0\x94\x0d\0\
\0\0\0\0\0\x0a\0\0\0\xdd\0\0\0\x9c\x0d\0\0\0\0\0\0\x0a\0\0\0\x7a\0\0\0\xab\x0d\
\0\0\0\0\0\0\x0a\0\0\0\xd8\0\0\0\xba\x0d\0\0\0\0\0\0\x0a\0\0\0\xd9\0\0\0\xc9\
\x0d\0\0\0\0\0\0\x0a\0\0\0\xda\0\0\0\xd8\x0d\0\0\0\0\0\0\x0a\0\0\0\xdb\0\0\0\
\xe7\x0d\0\0\0\0\0\0\x0a\0\0\0\xdc\0\0\0\xfb\x0d\0\0\0\0\0\0\x0a\0\0\0\x0d\x01\
\0\0\x02\x0e\0\0\0\0\0\0\x0a\0\0\0\x0c\x01\0\0\x0b\x0e\0\0\0\0\0\0\x0a\0\0\0\
\x87\0\0\0\x17\x0e\0\0\0\0\0\0\x0a\0\0\0\xe0\0\0\0\x23\x0e\0\0\0\0\0\0\x0a\0\0\
\0\xe3\0\0\0\x2f\x0e\0\0\0\0\0\0\x0a\0\0\0\xe8\0\0\0\x3b\x0e\0\0\0\0\0\0\x0a\0\
\0\0\xf4\0\0\0\x47\x0e\0\0\0\0\0\0\x0a\0\0\0\xfa\0\0\0\x53\x0e\0\0\0\0\0\0\x0a\
\0\0\0\xff\0\0\0\x5f\x0e\0\0\0\0\0\0\x0a\0\0\0\xa5\0\0\0\x6c\x0e\0\0\0\0\0\0\
\x0a\0\0\0\x07\x01\0\0\x7e\x0e\0\0\0\0\0\0\x0a\0\0\0\xe2\0\0\0\x85\x0e\0\0\0\0\
\0\0\x0a\0\0\0\xe1\0\0\0\x8d\x0e\0\0\0\0\0\0\x0a\0\0\0\x87\0\0\0\x99\x0e\0\0\0\
\0\0\0\x0a\0\0\0\x93\0\0\0\xaa\x0e\0\0\0\0\0\0\x0a\0\0\0\xe7\0\0\0\xb1\x0e\0\0\
\0\0\0\0\x0a\0\0\0\xe6\0\0\0\xb9\x0e\0\0\0\0\0\0\x0a\0\0\0\x87\0\0\0\xc5\x0e\0\
\0\0\0\0\0\x0a\0\0\0\xe4\0\0\0\xd4\x0e\0\0\0\0\0\0\x0a\0\0\0\x7a\0\0\0\xe3\x0e\
\0\0\0\0\0\0\x0a\0\0\0\xe5\0\0\0\xf4\x0e\0\0\0\0\0\0\x0a\0\0\0\xf3\0\0\0\xfb\
\x0e\0\0\0\0\0\0\x0a\0\0\0\xf2\0\0\0\x03\x0f\0\0\0\0\0\0\x0a\0\0\0\x87\0\0\0\
\x0f\x0f\0\0\0\0\0\0\x0a\0\0\0\xe9\0\0\0\x1b\x0f\0\0\0\0\0\0\x0a\0\0\0\x73\0\0\
\0\x27\x0f\0\0\0\0\0\0\x0a\0\0\0\x9a\0\0\0\x33\x0f\0\0\0\0\0\0\x0a\0\0\0\x9b\0\
\0\0\x3f\x0f\0\0\0\0\0\0\x0a\0\0\0\xf1\0\0\0\x4c\x0f\0\0\0\0\0\0\x0a\0\0\0\xeb\
\0\0\0\x54\x0f\0\0\0\0\0\0\x0a\0\0\0\xea\0\0\0\x61\x0f\0\0\0\0\0\0\x0a\0\0\0\
\xf0\0\0\0\x69\x0f\0\0\0\0\0\0\x0a\0\0\0\xec\0\0\0\x79\x0f\0\0\0\0\0\0\x0a\0\0\
\0\xed\0\0\0\x85\x0f\0\0\0\0\0\0\x0a\0\0\0\xee\0\0\0\x91\x0f\0\0\0\0\0\0\x0a\0\
\0\0\xef\0\0\0\xc7\x0f\0\0\0\0\0\0\x0a\0\0\0\xf9\0\0\0\xce\x0f\0\0\0\0\0\0\x0a\
\0\0\0\xf8\0\0\0\xd6\x0f\0\0\0\0\0\0\x0a\0\0\0\x87\0\0\0\xe2\x0f\0\0\0\0\0\0\
\x0a\0\0\0\xf4\0\0\0\xff\x0f\0\0\0\0\0\0\x0a\0\0\0\xf7\0\0\0\x0a\x10\0\0\0\0\0\
\0\x0a\0\0\0\xf6\0\0\0\x11\x10\0\0\0\0\0\0\x0a\0\0\0\xf5\0\0\0\x1c\x10\0\0\0\0\
\0\0\x0a\0\0\0\xfe\0\0\0\x23\x10\0\0\0\0\0\0\x0a\0\0\0\xfd\0\0\0\x2b\x10\0\0\0\
\0\0\0\x0a\0\0\0\xfb\0\0\0\x37\x10\0\0\0\0\0\0\x0a\0\0\0\xfc\0\0\0\x54\x10\0\0\
\0\0\0\0\x0a\0\0\0\x06\x01\0\0\x5b\x10\0\0\0\0\0\0\x0a\0\0\0\x05\x01\0\0\x63\
\x10\0\0\0\0\0\0\x0a\0\0\0\x7a\0\0\0\x72\x10\0\0\0\0\0\0\x0a\0\0\0\0\x01\0\0\
\x81\x10\0\0\0\0\0\0\x0a\0\0\0\x01\x01\0\0\x8d\x10\0\0\0\0\0\0\x0a\0\0\0\x02\
\x01\0\0\x99\x10\0\0\0\0\0\0\x0a\0\0\0\x03\x01\0\0\xa5\x10\0\0\0\0\0\0\x0a\0\0\
\0\x04\x01\0\0\xb6\x10\0\0\0\0\0\0\x0a\0\0\0\x0b\x01\0\0\xbd\x10\0\0\0\0\0\0\
\x0a\0\0\0\x0a\x01\0\0\xc5\x10\0\0\0\0\0\0\x0a\0\0\0\x7a\0\0\0\xd4\x10\0\0\0\0\
\0\0\x0a\0\0\0\x08\x01\0\0\xe3\x10\0\0\0\0\0\0\x0a\0\0\0\x09\x01\0\0\xf7\x10\0\
\0\0\0\0\0\x0a\0\0\0\x10\x01\0\0\xfe\x10\0\0\0\0\0\0\x0a\0\0\0\x0f\x01\0\0\x06\
\x11\0\0\0\0\0\0\x0a\0\0\0\x87\0\0\0\x12\x11\0\0\0\0\0\0\x0a\0\0\0\xe0\0\0\0\
\x1e\x11\0\0\0\0\0\0\x0a\0\0\0\xe8\0\0\0\x2a\x11\0\0\0\0\0\0\x0a\0\0\0\xf4\0\0\
\0\x36\x11\0\0\0\0\0\0\x0a\0\0\0\xfa\0\0\0\x47\x11\0\0\0\0\0\0\x0a\0\0\0\x13\
\x01\0\0\x4e\x11\0\0\0\0\0\0\x0a\0\0\0\x12\x01\0\0\x56\x11\0\0\0\0\0\0\x0a\0\0\
\0\x11\x01\0\0\x67\x11\0\0\0\0\0\0\x0a\0\0\0\x17\x01\0\0\x9e\x11\0\0\0\0\0\0\
\x0a\0\0\0\x1a\x01\0\0\xab\x11\0\0\0\0\0\0\x0a\0\0\0\x6d\0\0\0\xb7\x11\0\0\0\0\
\0\0\x0a\0\0\0\x85\0\0\0\xc3\x11\0\0\0\0\0\0\x0a\0\0\0\x75\0\0\0\xcf\x11\0\0\0\
\0\0\0\x0a\0\0\0\x73\0\0\0\xdc\x11\0\0\0\0\0\0\x0a\0\0\0\x19\x01\0\0\xea\x11\0\
\0\0\0\0\0\x0a\0\0\0\x19\x01\0\0\xf8\x11\0\0\0\0\0\0\x0a\0\0\0\x19\x01\0\0\x06\
\x12\0\0\0\0\0\0\x0a\0\0\0\x19\x01\0\0\x14\x12\0\0\0\0\0\0\x0a\0\0\0\x19\x01\0\
\0\x22\x12\0\0\0\0\0\0\x0a\0\0\0\x19\x01\0\0\x30\x12\0\0\0\0\0\0\x0a\0\0\0\x19\
\x01\0\0\x3e\x12\0\0\0\0\0\0\x0a\0\0\0\x19\x01\0\0\x4c\x12\0\0\0\0\0\0\x0a\0\0\
\0\x19\x01\0\0\x5a\x12\0\0\0\0\0\0\x0a\0\0\0\x19\x01\0\0\x98\x12\0\0\0\0\0\0\
\x0a\0\0\0\x1b\x01\0\0\xa4\x12\0\0\0\0\0\0\x0a\0\0\0\x1c\x01\0\0\xaf\x12\0\0\0\
\0\0\0\x0a\0\0\0\x1d\x01\0\0\xba\x12\0\0\0\0\0\0\x0a\0\0\0\x1e\x01\0\0\xc6\x12\
\0\0\0\0\0\0\x0a\0\0\0\x19\x01\0\0\xd3\x12\0\0\0\0\0\0\x0a\0\0\0\x19\x01\0\0\
\xe5\x12\0\0\0\0\0\0\x0a\0\0\0\x21\x01\0\0\xed\x12\0\0\0\0\0\0\x0a\0\0\0\x1f\
\x01\0\0\xf9\x12\0\0\0\0\0\0\x0a\0\0\0\x20\x01\0\0\x1e\x13\0\0\0\0\0\0\x01\0\0\
\0\x8c\x01\0\0\x2c\x13\0\0\0\0\0\0\x0a\0\0\0\x5e\x01\0\0\x38\x13\0\0\0\0\0\0\
\x0a\0\0\0\x8e\x01\0\0\x3c\x13\0\0\0\0\0\0\x0a\0\0\0\x6d\0\0\0\x48\x13\0\0\0\0\
\0\0\x0a\0\0\0\x8e\x01\0\0\x4c\x13\0\0\0\0\0\0\x0a\0\0\0\x1d\x01\0\0\x58\x13\0\
\0\0\0\0\0\x0a\0\0\0\x90\x01\0\0\x60\x13\0\0\0\0\0\0\x0a\0\0\0\x19\x01\0\0\x71\
\x13\0\0\0\0\0\0\x0a\0\0\0\x90\x01\0\0\x7a\x13\0\0\0\0\0\0\x0a\0\0\0\x8e\x01\0\
\0\x88\x13\0\0\0\0\0\0\x0a\0\0\0\x8e\x01\0\0\x91\x13\0\0\0\0\0\0\x0a\0\0\0\x8e\
\x01\0\0\x9a\x13\0\0\0\0\0\0\x0a\0\0\0\x8e\x01\0\0\xa3\x13\0\0\0\0\0\0\x0a\0\0\
\0\x8e\x01\0\0\xac\x13\0\0\0\0\0\0\x0a\0\0\0\x8e\x01\0\0\xb5\x13\0\0\0\0\0\0\
\x0a\0\0\0\x8e\x01\0\0\xbe\x13\0\0\0\0\0\0\x0a\0\0\0\x8e\x01\0\0\xc7\x13\0\0\0\
\0\0\0\x0a\0\0\0\x8e\x01\0\0\xd0\x13\0\0\0\0\0\0\x01\0\0\0\x8c\x01\0\0\xe6\x13\
\0\0\0\0\0\0\x0a\0\0\0\x90\x01\0\0\xf4\x13\0\0\0\0\0\0\x01\0\0\0\x8c\x01\0\0\
\x0e\x14\0\0\0\0\0\0\x0a\0\0\0\x90\x01\0\0\x1c\x14\0\0\0\0\0\0\x0a\0\0\0\x8e\
\x01\0\0\x25\x14\0\0\0\0\0\0\x0a\0\0\0\x8e\x01\0\0\x33\x14\0\0\0\0\0\0\x0a\0\0\
\0\x90\x01\0\0\x41\x14\0\0\0\0\0\0\x0a\0\0\0\x90\x01\0\0\x4f\x14\0\0\0\0\0\0\
\x0a\0\0\0\x90\x01\0\0\x5d\x14\0\0\0\0\0\0\x0a\0\0\0\x90\x01\0\0\x6b\x14\0\0\0\
\0\0\0\x0a\0\0\0\x90\x01\0\0\x79\x14\0\0\0\0\0\0\x0a\0\0\0\x90\x01\0\0\x87\x14\
\0\0\0\0\0\0\x0a\0\0\0\x90\x01\0\0\x95\x14\0\0\0\0\0\0\x0a\0\0\0\x90\x01\0\0\
\xa3\x14\0\0\0\0\0\0\x0a\0\0\0\x90\x01\0\0\xb2\x14\0\0\0\0\0\0\x0a\0\0\0\x90\
\x01\0\0\xc5\x14\0\0\0\0\0\0\x0a\0\0\0\x90\x01\0\0\xce\x14\0\0\0\0\0\0\x0a\0\0\
\0\x8e\x01\0\0\xd7\x14\0\0\0\0\0\0\x0a\0\0\0\x8e\x01\0\0\xe0\x14\0\0\0\0\0\0\
\x0a\0\0\0\x8e\x01\0\0\xe9\x14\0\0\0\0\0\0\x01\0\0\0\x8c\x01\0\0\xff\x14\0\0\0\
\0\0\0\x01\0\0\0\x8c\x01\0\0\x1a\x15\0\0\0\0\0\0\x01\0\0\0\x8c\x01\0\0\x24\x15\
\0\0\0\0\0\0\x01\0\0\0\x8a\x01\0\0\x32\x15\0\0\0\0\0\0\x0a\0\0\0\x60\x01\0\0\
\x3d\x15\0\0\0\0\0\0\x0a\0\0\0\x8e\x01\0\0\x41\x15\0\0\0\0\0\0\x0a\0\0\0\x6d\0\
\0\0\x4c\x15\0\0\0\0\0\0\x0a\0\0\0\x8e\x01\0\0\x50\x15\0\0\0\0\0\0\x0a\0\0\0\
\xd6\0\0\0\x5b\x15\0\0\0\0\0\0\x0a\0\0\0\x8e\x01\0\0\x5f\x15\0\0\0\0\0\0\x0a\0\
\0\0\x61\x01\0\0\x6a\x15\0\0\0\0\0\0\x0a\0\0\0\x6e\0\0\0\x75\x15\0\0\0\0\0\0\
\x0a\0\0\0\x8e\x01\0\0\x79\x15\0\0\0\0\0\0\x0a\0\0\0\x27\x01\0\0\x84\x15\0\0\0\
\0\0\0\x0a\0\0\0\x8e\x01\0\0\x88\x15\0\0\0\0\0\0\x0a\0\0\0\x70\0\0\0\x93\x15\0\
\0\0\0\0\0\x0a\0\0\0\x8e\x01\0\0\x97\x15\0\0\0\0\0\0\x0a\0\0\0\x62\x01\0\0\xa2\
\x15\0\0\0\0\0\0\x0a\0\0\0\x8e\x01\0\0\xa6\x15\0\0\0\0\0\0\x0a\0\0\0\xe8\0\0\0\
\xb1\x15\0\0\0\0\0\0\x0a\0\0\0\x2c\x01\0\0\xbc\x15\0\0\0\0\0\0\x01\0\0\0\x8a\
\x01\0\0\xcc\x15\0\0\0\0\0\0\x0a\0\0\0\x19\x01\0\0\xd8\x15\0\0\0\0\0\0\x01\0\0\
\0\x8a\x01\0\0\xe8\x15\0\0\0\0\0\0\x0a\0\0\0\x19\x01\0\0\xf4\x15\0\0\0\0\0\0\
\x01\0\0\0\x8a\x01\0\0\x04\x16\0\0\0\0\0\0\x0a\0\0\0\x19\x01\0\0\x10\x16\0\0\0\
\0\0\0\x0a\0\0\0\x90\x01\0\0\x15\x16\0\0\0\0\0\0\x0a\0\0\0\x8e\x01\0\0\x19\x16\
\0\0\0\0\0\0\x0a\0\0\0\x63\x01\0\0\x24\x16\0\0\0\0\0\0\x0a\0\0\0\x8e\x01\0\0\
\x28\x16\0\0\0\0\0\0\x0a\0\0\0\x26\x01\0\0\x33\x16\0\0\0\0\0\0\x01\0\0\0\x8a\
\x01\0\0\x43\x16\0\0\0\0\0\0\x0a\0\0\0\x19\x01\0\0\x53\x16\0\0\0\0\0\0\x0a\0\0\
\0\x90\x01\0\0\x60\x16\0\0\0\0\0\0\x0a\0\0\0\x8e\x01\0\0\x69\x16\0\0\0\0\0\0\
\x0a\0\0\0\x8e\x01\0\0\x72\x16\0\0\0\0\0\0\x01\0\0\0\x8a\x01\0\0\x89\x16\0\0\0\
\0\0\0\x01\0\0\0\x8a\x01\0\0\x99\x16\0\0\0\0\0\0\x0a\0\0\0\x19\x01\0\0\xa5\x16\
\0\0\0\0\0\0\x01\0\0\0\x8a\x01\0\0\xb5\x16\0\0\0\0\0\0\x0a\0\0\0\x19\x01\0\0\
\xc2\x16\0\0\0\0\0\0\x01\0\0\0\x8a\x01\0\0\xd2\x16\0\0\0\0\0\0\x0a\0\0\0\x19\
\x01\0\0\xde\x16\0\0\0\0\0\0\x0a\0\0\0\x90\x01\0\0\xe6\x16\0\0\0\0\0\0\x0a\0\0\
\0\x19\x01\0\0\xf6\x16\0\0\0\0\0\0\x0a\0\0\0\x90\x01\0\0\xfe\x16\0\0\0\0\0\0\
\x0a\0\0\0\x8e\x01\0\0\x07\x17\0\0\0\0\0\0\x0a\0\0\0\x8e\x01\0\0\x10\x17\0\0\0\
\0\0\0\x0a\0\0\0\x8e\x01\0\0\x1e\x17\0\0\0\0\0\0\x0a\0\0\0\x8e\x01\0\0\x27\x17\
\0\0\0\0\0\0\x0a\0\0\0\x8e\x01\0\0\x30\x17\0\0\0\0\0\0\x0a\0\0\0\x8e\x01\0\0\
\x39\x17\0\0\0\0\0\0\x0a\0\0\0\x8e\x01\0\0\x42\x17\0\0\0\0\0\0\x0a\0\0\0\x8e\
\x01\0\0\x4b\x17\0\0\0\0\0\0\x0a\0\0\0\x8e\x01\0\0\x54\x17\0\0\0\0\0\0\x0a\0\0\
\0\x8e\x01\0\0\x5d\x17\0\0\0\0\0\0\x0a\0\0\0\x8e\x01\0\0\x66\x17\0\0\0\0\0\0\
\x0a\0\0\0\x8e\x01\0\0\x6f\x17\0\0\0\0\0\0\x0a\0\0\0\x90\x01\0\0\x7d\x17\0\0\0\
\0\0\0\x01\0\0\0\x8a\x01\0\0\x93\x17\0\0\0\0\0\0\x0a\0\0\0\x90\x01\0\0\xa1\x17\
\0\0\0\0\0\0\x0a\0\0\0\x90\x01\0\0\xaf\x17\0\0\0\0\0\0\x01\0\0\0\x8a\x01\0\0\
\xc5\x17\0\0\0\0\0\0\x0a\0\0\0\x90\x01\0\0\xd3\x17\0\0\0\0\0\0\x0a\0\0\0\x90\
\x01\0\0\xe1\x17\0\0\0\0\0\0\x0a\0\0\0\x90\x01\0\0\xf3\x17\0\0\0\0\0\0\x0a\0\0\
\0\x90\x01\0\0\xfb\x17\0\0\0\0\0\0\x0a\0\0\0\x8e\x01\0\0\x04\x18\0\0\0\0\0\0\
\x0a\0\0\0\x8e\x01\0\0\x0d\x18\0\0\0\0\0\0\x0a\0\0\0\x8e\x01\0\0\x16\x18\0\0\0\
\0\0\0\x0a\0\0\0\x8e\x01\0\0\x1f\x18\0\0\0\0\0\0\x0a\0\0\0\x8e\x01\0\0\x2d\x18\
\0\0\0\0\0\0\x0a\0\0\0\x90\x01\0\0\x35\x18\0\0\0\0\0\0\x0a\0\0\0\x8e\x01\0\0\
\x43\x18\0\0\0\0\0\0\x0a\0\0\0\x8e\x01\0\0\x4c\x18\0\0\0\0\0\0\x0a\0\0\0\x8e\
\x01\0\0\x55\x18\0\0\0\0\0\0\x0a\0\0\0\x8e\x01\0\0\x63\x18\0\0\0\0\0\0\x0a\0\0\
\0\x8e\x01\0\0\x6c\x18\0\0\0\0\0\0\x0a\0\0\0\x8e\x01\0\0\x79\x18\0\0\0\0\0\0\
\x01\0\0\0\x8a\x01\0\0\x89\x18\0\0\0\0\0\0\x0a\0\0\0\x8e\x01\0\0\x92\x18\0\0\0\
\0\0\0\x0a\0\0\0\x8e\x01\0\0\x9f\x18\0\0\0\0\0\0\x01\0\0\0\x8a\x01\0\0\xaf\x18\
\0\0\0\0\0\0\x0a\0\0\0\x8e\x01\0\0\xb8\x18\0\0\0\0\0\0\x0a\0\0\0\x8e\x01\0\0\
\xc1\x18\0\0\0\0\0\0\x0a\0\0\0\x8e\x01\0\0\xcf\x18\0\0\0\0\0\0\x01\0\0\0\x8a\
\x01\0\0\xdf\x18\0\0\0\0\0\0\x0a\0\0\0\x8e\x01\0\0\xe8\x18\0\0\0\0\0\0\x0a\0\0\
\0\x8e\x01\0\0\xf4\x18\0\0\0\0\0\0\x01\0\0\0\x8a\x01\0\0\x0b\x19\0\0\0\0\0\0\
\x01\0\0\0\x8a\x01\0\0\x1b\x19\0\0\0\0\0\0\x0a\0\0\0\x19\x01\0\0\x27\x19\0\0\0\
\0\0\0\x01\0\0\0\x8a\x01\0\0\x37\x19\0\0\0\0\0\0\x0a\0\0\0\x19\x01\0\0\x43\x19\
\0\0\0\0\0\0\x01\0\0\0\x8a\x01\0\0\x53\x19\0\0\0\0\0\0\x0a\0\0\0\x19\x01\0\0\
\x60\x19\0\0\0\0\0\0\x0a\0\0\0\x22\x01\0\0\x6d\x19\0\0\0\0\0\0\x0a\0\0\0\x6d\0\
\0\0\x79\x19\0\0\0\0\0\0\x0a\0\0\0\x6e\0\0\0\x85\x19\0\0\0\0\0\0\x0a\0\0\0\x6f\
\0\0\0\x91\x19\0\0\0\0\0\0\x0a\0\0\0\x70\0\0\0\x9d\x19\0\0\0\0\0\0\x0a\0\0\0\
\x71\0\0\0\xa9\x19\0\0\0\0\0\0\x0a\0\0\0\x23\x01\0\0\xb5\x19\0\0\0\0\0\0\x0a\0\
\0\0\x75\0\0\0\xc1\x19\0\0\0\0\0\0\x0a\0\0\0\x85\0\0\0\xcd\x19\0\0\0\0\0\0\x0a\
\0\0\0\xd6\0\0\0\xd9\x19\0\0\0\0\0\0\x0a\0\0\0\x16\x01\0\0\xe5\x19\0\0\0\0\0\0\
\x0a\0\0\0\x18\x01\0\0\xf2\x19\0\0\0\0\0\0\x0a\0\0\0\x19\x01\0\0\0\x1a\0\0\0\0\
\0\0\x0a\0\0\0\x19\x01\0\0\x0e\x1a\0\0\0\0\0\0\x0a\0\0\0\x19\x01\0\0\x1c\x1a\0\
\0\0\0\0\0\x0a\0\0\0\x19\x01\0\0\x42\x1a\0\0\0\0\0\0\x0a\0\0\0\x24\x01\0\0\x4f\
\x1a\0\0\0\0\0\0\x0a\0\0\0\x85\0\0\0\x5b\x1a\0\0\0\0\0\0\x0a\0\0\0\x75\0\0\0\
\x68\x1a\0\0\0\0\0\0\x0a\0\0\0\x19\x01\0\0\x76\x1a\0\0\0\0\0\0\x0a\0\0\0\x19\
\x01\0\0\x84\x1a\0\0\0\0\0\0\x0a\0\0\0\x19\x01\0\0\x92\x1a\0\0\0\0\0\0\x0a\0\0\
\0\x19\x01\0\0\xa0\x1a\0\0\0\0\0\0\x0a\0\0\0\x19\x01\0\0\xae\x1a\0\0\0\0\0\0\
\x0a\0\0\0\x19\x01\0\0\xbc\x1a\0\0\0\0\0\0\x0a\0\0\0\x19\x01\0\0\xca\x1a\0\0\0\
\0\0\0\x0a\0\0\0\x19\x01\0\0\xd8\x1a\0\0\0\0\0\0\x0a\0\0\0\x19\x01\0\0\xe6\x1a\
\0\0\0\0\0\0\x01\0\0\0\x8d\x01\0\0\xf4\x1a\0\0\0\0\0\0\x0a\0\0\0\x5f\x01\0\0\0\
\x1b\0\0\0\0\0\0\x0a\0\0\0\x8e\x01\0\0\x04\x1b\0\0\0\0\0\0\x0a\0\0\0\x6d\0\0\0\
\x10\x1b\0\0\0\0\0\0\x0a\0\0\0\x8e\x01\0\0\x14\x1b\0\0\0\0\0\0\x0a\0\0\0\x1d\
\x01\0\0\x20\x1b\0\0\0\0\0\0\x0a\0\0\0\x90\x01\0\0\x28\x1b\0\0\0\0\0\0\x0a\0\0\
\0\x19\x01\0\0\x39\x1b\0\0\0\0\0\0\x0a\0\0\0\x90\x01\0\0\x42\x1b\0\0\0\0\0\0\
\x0a\0\0\0\x8e\x01\0\0\x50\x1b\0\0\0\0\0\0\x0a\0\0\0\x8e\x01\0\0\x59\x1b\0\0\0\
\0\0\0\x0a\0\0\0\x8e\x01\0\0\x62\x1b\0\0\0\0\0\0\x0a\0\0\0\x8e\x01\0\0\x6b\x1b\
\0\0\0\0\0\0\x0a\0\0\0\x8e\x01\0\0\x74\x1b\0\0\0\0\0\0\x0a\0\0\0\x8e\x01\0\0\
\x7d\x1b\0\0\0\0\0\0\x0a\0\0\0\x8e\x01\0\0\x86\x1b\0\0\0\0\0\0\x0a\0\0\0\x8e\
\x01\0\0\x8f\x1b\0\0\0\0\0\0\x01\0\0\0\x8d\x01\0\0\xa5\x1b\0\0\0\0\0\0\x0a\0\0\
\0\x90\x01\0\0\xb3\x1b\0\0\0\0\0\0\x01\0\0\0\x8d\x01\0\0\xcd\x1b\0\0\0\0\0\0\
\x0a\0\0\0\x90\x01\0\0\xd6\x1b\0\0\0\0\0\0\x0a\0\0\0\x8e\x01\0\0\xe4\x1b\0\0\0\
\0\0\0\x01\0\0\0\x8d\x01\0\0\xfa\x1b\0\0\0\0\0\0\x0a\0\0\0\x90\x01\0\0\x08\x1c\
\0\0\0\0\0\0\x0a\0\0\0\x90\x01\0\0\x16\x1c\0\0\0\0\0\0\x0a\0\0\0\x90\x01\0\0\
\x24\x1c\0\0\0\0\0\0\x0a\0\0\0\x90\x01\0\0\x32\x1c\0\0\0\0\0\0\x0a\0\0\0\x90\
\x01\0\0\x40\x1c\0\0\0\0\0\0\x0a\0\0\0\x90\x01\0\0\x4e\x1c\0\0\0\0\0\0\x0a\0\0\
\0\x90\x01\0\0\x5c\x1c\0\0\0\0\0\0\x01\0\0\0\x8d\x01\0\0\x73\x1c\0\0\0\0\0\0\
\x0a\0\0\0\x90\x01\0\0\x86\x1c\0\0\0\0\0\0\x0a\0\0\0\x90\x01\0\0\x8f\x1c\0\0\0\
\0\0\0\x0a\0\0\0\x8e\x01\0\0\x98\x1c\0\0\0\0\0\0\x0a\0\0\0\x8e\x01\0\0\xa1\x1c\
\0\0\0\0\0\0\x0a\0\0\0\x8e\x01\0\0\xaa\x1c\0\0\0\0\0\0\x01\0\0\0\x8d\x01\0\0\
\xc0\x1c\0\0\0\0\0\0\x01\0\0\0\x8d\x01\0\0\xdb\x1c\0\0\0\0\0\0\x01\0\0\0\x8d\
\x01\0\0\xe5\x1c\0\0\0\0\0\0\x0a\0\0\0\x25\x01\0\0\xf1\x1c\0\0\0\0\0\0\x0a\0\0\
\0\x26\x01\0\0\xfc\x1c\0\0\0\0\0\0\x0a\0\0\0\x27\x01\0\0\x07\x1d\0\0\0\0\0\0\
\x0a\0\0\0\x2c\x01\0\0\x13\x1d\0\0\0\0\0\0\x0a\0\0\0\x19\x01\0\0\x25\x1d\0\0\0\
\0\0\0\x0a\0\0\0\x2b\x01\0\0\x2d\x1d\0\0\0\0\0\0\x0a\0\0\0\x28\x01\0\0\x39\x1d\
\0\0\0\0\0\0\x0a\0\0\0\x29\x01\0\0\x45\x1d\0\0\0\0\0\0\x0a\0\0\0\x2a\x01\0\0\
\x6a\x1d\0\0\0\0\0\0\x0a\0\0\0\x2d\x01\0\0\x76\x1d\0\0\0\0\0\0\x0a\0\0\0\x6d\0\
\0\0\x81\x1d\0\0\0\0\0\0\x0a\0\0\0\xd6\0\0\0\x8c\x1d\0\0\0\0\0\0\x0a\0\0\0\x70\
\0\0\0\x97\x1d\0\0\0\0\0\0\x0a\0\0\0\x6e\0\0\0\xa2\x1d\0\0\0\0\0\0\x0a\0\0\0\
\x27\x01\0\0\xad\x1d\0\0\0\0\0\0\x0a\0\0\0\x2e\x01\0\0\xb8\x1d\0\0\0\0\0\0\x0a\
\0\0\0\x26\x01\0\0\xc3\x1d\0\0\0\0\0\0\x0a\0\0\0\x2f\x01\0\0\xce\x1d\0\0\0\0\0\
\0\x0a\0\0\0\x30\x01\0\0\xd9\x1d\0\0\0\0\0\0\x0a\0\0\0\x2c\x01\0\0\xe4\x1d\0\0\
\0\0\0\0\x0a\0\0\0\x76\0\0\0\xef\x1d\0\0\0\0\0\0\x0a\0\0\0\x35\x01\0\0\xfa\x1d\
\0\0\0\0\0\0\x0a\0\0\0\x36\x01\0\0\x05\x1e\0\0\0\0\0\0\x0a\0\0\0\x37\x01\0\0\
\x11\x1e\0\0\0\0\0\0\x0a\0\0\0\x19\x01\0\0\x1e\x1e\0\0\0\0\0\0\x0a\0\0\0\x19\
\x01\0\0\x2b\x1e\0\0\0\0\0\0\x0a\0\0\0\x19\x01\0\0\x38\x1e\0\0\0\0\0\0\x0a\0\0\
\0\x19\x01\0\0\x45\x1e\0\0\0\0\0\0\x0a\0\0\0\x19\x01\0\0\x52\x1e\0\0\0\0\0\0\
\x0a\0\0\0\x19\x01\0\0\x5f\x1e\0\0\0\0\0\0\x0a\0\0\0\x19\x01\0\0\x6c\x1e\0\0\0\
\0\0\0\x0a\0\0\0\x19\x01\0\0\x79\x1e\0\0\0\0\0\0\x0a\0\0\0\x19\x01\0\0\x8b\x1e\
\0\0\0\0\0\0\x0a\0\0\0\x34\x01\0\0\x93\x1e\0\0\0\0\0\0\x0a\0\0\0\x31\x01\0\0\
\x9f\x1e\0\0\0\0\0\0\x0a\0\0\0\x32\x01\0\0\xab\x1e\0\0\0\0\0\0\x0a\0\0\0\x33\
\x01\0\0\xb7\x1e\0\0\0\0\0\0\x0a\0\0\0\x62\0\0\0\xc4\x1e\0\0\0\0\0\0\x0a\0\0\0\
\x47\x01\0\0\xcd\x1e\0\0\0\0\0\0\x0a\0\0\0\x38\x01\0\0\xda\x1e\0\0\0\0\0\0\x0a\
\0\0\0\x39\x01\0\0\xe7\x1e\0\0\0\0\0\0\x0a\0\0\0\x3a\x01\0\0\xf4\x1e\0\0\0\0\0\
\0\x0a\0\0\0\x3b\x01\0\0\x01\x1f\0\0\0\0\0\0\x0a\0\0\0\x5a\0\0\0\x0e\x1f\0\0\0\
\0\0\0\x0a\0\0\0\x3c\x01\0\0\x29\x1f\0\0\0\0\0\0\x0a\0\0\0\x59\0\0\0\x36\x1f\0\
\0\0\0\0\0\x0a\0\0\0\x3d\x01\0\0\x43\x1f\0\0\0\0\0\0\x0a\0\0\0\x3e\x01\0\0\x5f\
\x1f\0\0\0\0\0\0\x0a\0\0\0\x3f\x01\0\0\x6c\x1f\0\0\0\0\0\0\x0a\0\0\0\x40\x01\0\
\0\x88\x1f\0\0\0\0\0\0\x0a\0\0\0\x41\x01\0\0\x95\x1f\0\0\0\0\0\0\x0a\0\0\0\x42\
\x01\0\0\xa3\x1f\0\0\0\0\0\0\x0a\0\0\0\x43\x01\0\0\xb0\x1f\0\0\0\0\0\0\x0a\0\0\
\0\x44\x01\0\0\xbd\x1f\0\0\0\0\0\0\x0a\0\0\0\x45\x01\0\0\xca\x1f\0\0\0\0\0\0\
\x0a\0\0\0\x46\x01\0\0\x20\x20\0\0\0\0\0\0\x0a\0\0\0\x48\x01\0\0\x2c\x20\0\0\0\
\0\0\0\x0a\0\0\0\x49\x01\0\0\x37\x20\0\0\0\0\0\0\x0a\0\0\0\x4a\x01\0\0\x42\x20\
\0\0\0\0\0\0\x0a\0\0\0\x4b\x01\0\0\x4d\x20\0\0\0\0\0\0\x0a\0\0\0\x4c\x01\0\0\
\x58\x20\0\0\0\0\0\0\x0a\0\0\0\x4d\x01\0\0\x64\x20\0\0\0\0\0\0\x0a\0\0\0\x4e\
\x01\0\0\x70\x20\0\0\0\0\0\0\x0a\0\0\0\x1c\x01\0\0\x7b\x20\0\0\0\0\0\0\x0a\0\0\
\0\x4f\x01\0\0\x86\x20\0\0\0\0\0\0\x0a\0\0\0\x50\x01\0\0\x91\x20\0\0\0\0\0\0\
\x0a\0\0\0\x51\x01\0\0\x9c\x20\0\0\0\0\0\0\x0a\0\0\0\x35\x01\0\0\xa7\x20\0\0\0\
\0\0\0\x0a\0\0\0\x52\x01\0\0\xb2\x20\0\0\0\0\0\0\x0a\0\0\0\x53\x01\0\0\xbd\x20\
\0\0\0\0\0\0\x0a\0\0\0\x54\x01\0\0\xc9\x20\0\0\0\0\0\0\x0a\0\0\0\x55\x01\0\0\
\xd1\x20\0\0\0\0\0\0\x0a\0\0\0\x56\x01\0\0\xdc\x20\0\0\0\0\0\0\x0a\0\0\0\x57\
\x01\0\0\xe8\x20\0\0\0\0\0\0\x0a\0\0\0\x58\x01\0\0\xf4\x20\0\0\0\0\0\0\x0a\0\0\
\0\x59\x01\0\0\xff\x20\0\0\0\0\0\0\x0a\0\0\0\x5a\x01\0\0\x0a\x21\0\0\0\0\0\0\
\x0a\0\0\0\x5b\x01\0\0\x16\x21\0\0\0\0\0\0\x0a\0\0\0\x5c\x01\0\0\x22\x21\0\0\0\
\0\0\0\x0a\0\0\0\x59\x01\0\0\x2d\x21\0\0\0\0\0\0\x0a\0\0\0\x56\x01\0\0\0\0\0\0\
\0\0\0\0\x01\0\0\0\x8b\x01\0\0\x08\0\0\0\0\0\0\0\x01\0\0\0\x8b\x01\0\0\x10\0\0\
\0\0\0\0\0\x01\0\0\0\x8b\x01\0\0\x18\0\0\0\0\0\0\0\x01\0\0\0\x8b\x01\0\0\x30\0\
\0\0\0\0\0\0\x01\0\0\0\x8c\x01\0\0\x38\0\0\0\0\0\0\0\x01\0\0\0\x8c\x01\0\0\x40\
\0\0\0\0\0\0\0\x01\0\0\0\x8c\x01\0\0\x48\0\0\0\0\0\0\0\x01\0\0\0\x8c\x01\0\0\
\x60\0\0\0\0\0\0\0\x01\0\0\0\x8c\x01\0\0\x68\0\0\0\0\0\0\0\x01\0\0\0\x8c\x01\0\
\0\x70\0\0\0\0\0\0\0\x01\0\0\0\x8c\x01\0\0\x78\0\0\0\0\0\0\0\x01\0\0\0\x8c\x01\
\0\0\x90\0\0\0\0\0\0\0\x01\0\0\0\x8c\x01\0\0\x98\0\0\0\0\0\0\0\x01\0\0\0\x8c\
\x01\0\0\xa0\0\0\0\0\0\0\0\x01\0\0\0\x8c\x01\0\0\xa8\0\0\0\0\0\0\0\x01\0\0\0\
\x8c\x01\0\0\xc0\0\0\0\0\0\0\0\x01\0\0\0\x8c\x01\0\0\xc8\0\0\0\0\0\0\0\x01\0\0\
\0\x8c\x01\0\0\xd0\0\0\0\0\0\0\0\x01\0\0\0\x8c\x01\0\0\xd8\0\0\0\0\0\0\0\x01\0\
\0\0\x8c\x01\0\0\xe0\0\0\0\0\0\0\0\x01\0\0\0\x8c\x01\0\0\xe8\0\0\0\0\0\0\0\x01\
\0\0\0\x8c\x01\0\0\xf0\0\0\0\0\0\0\0\x01\0\0\0\x8c\x01\0\0\xf8\0\0\0\0\0\0\0\
\x01\0\0\0\x8c\x01\0\0\x10\x01\0\0\0\0\0\0\x01\0\0\0\x8c\x01\0\0\x18\x01\0\0\0\
\0\0\0\x01\0\0\0\x8c\x01\0\0\x20\x01\0\0\0\0\0\0\x01\0\0\0\x8c\x01\0\0\x28\x01\
\0\0\0\0\0\0\x01\0\0\0\x8c\x01\0\0\x30\x01\0\0\0\0\0\0\x01\0\0\0\x8c\x01\0\0\
\x38\x01\0\0\0\0\0\0\x01\0\0\0\x8c\x01\0\0\x40\x01\0\0\0\0\0\0\x01\0\0\0\x8c\
\x01\0\0\x48\x01\0\0\0\0\0\0\x01\0\0\0\x8c\x01\0\0\x50\x01\0\0\0\0\0\0\x01\0\0\
\0\x8c\x01\0\0\x58\x01\0\0\0\0\0\0\x01\0\0\0\x8c\x01\0\0\x60\x01\0\0\0\0\0\0\
\x01\0\0\0\x8c\x01\0\0\x68\x01\0\0\0\0\0\0\x01\0\0\0\x8c\x01\0\0\x70\x01\0\0\0\
\0\0\0\x01\0\0\0\x8c\x01\0\0\x78\x01\0\0\0\0\0\0\x01\0\0\0\x8c\x01\0\0\x80\x01\
\0\0\0\0\0\0\x01\0\0\0\x8c\x01\0\0\x88\x01\0\0\0\0\0\0\x01\0\0\0\x8c\x01\0\0\
\xa0\x01\0\0\0\0\0\0\x01\0\0\0\x8c\x01\0\0\xa8\x01\0\0\0\0\0\0\x01\0\0\0\x8c\
\x01\0\0\xb0\x01\0\0\0\0\0\0\x01\0\0\0\x8c\x01\0\0\xb8\x01\0\0\0\0\0\0\x01\0\0\
\0\x8c\x01\0\0\xd0\x01\0\0\0\0\0\0\x01\0\0\0\x8c\x01\0\0\xd8\x01\0\0\0\0\0\0\
\x01\0\0\0\x8c\x01\0\0\xe0\x01\0\0\0\0\0\0\x01\0\0\0\x8c\x01\0\0\xe8\x01\0\0\0\
\0\0\0\x01\0\0\0\x8c\x01\0\0\0\x02\0\0\0\0\0\0\x01\0\0\0\x8c\x01\0\0\x08\x02\0\
\0\0\0\0\0\x01\0\0\0\x8c\x01\0\0\x10\x02\0\0\0\0\0\0\x01\0\0\0\x8c\x01\0\0\x18\
\x02\0\0\0\0\0\0\x01\0\0\0\x8c\x01\0\0\x30\x02\0\0\0\0\0\0\x01\0\0\0\x8c\x01\0\
\0\x38\x02\0\0\0\0\0\0\x01\0\0\0\x8c\x01\0\0\x40\x02\0\0\0\0\0\0\x01\0\0\0\x8c\
\x01\0\0\x48\x02\0\0\0\0\0\0\x01\0\0\0\x8c\x01\0\0\x60\x02\0\0\0\0\0\0\x01\0\0\
\0\x8c\x01\0\0\x68\x02\0\0\0\0\0\0\x01\0\0\0\x8c\x01\0\0\x70\x02\0\0\0\0\0\0\
\x01\0\0\0\x8c\x01\0\0\x78\x02\0\0\0\0\0\0\x01\0\0\0\x8c\x01\0\0\x90\x02\0\0\0\
\0\0\0\x01\0\0\0\x8c\x01\0\0\x98\x02\0\0\0\0\0\0\x01\0\0\0\x8c\x01\0\0\xa0\x02\
\0\0\0\0\0\0\x01\0\0\0\x8c\x01\0\0\xa8\x02\0\0\0\0\0\0\x01\0\0\0\x8c\x01\0\0\
\xc0\x02\0\0\0\0\0\0\x01\0\0\0\x8c\x01\0\0\xc8\x02\0\0\0\0\0\0\x01\0\0\0\x8c\
\x01\0\0\xd0\x02\0\0\0\0\0\0\x01\0\0\0\x8c\x01\0\0\xd8\x02\0\0\0\0\0\0\x01\0\0\
\0\x8c\x01\0\0\xf0\x02\0\0\0\0\0\0\x01\0\0\0\x8c\x01\0\0\xf8\x02\0\0\0\0\0\0\
\x01\0\0\0\x8c\x01\0\0\0\x03\0\0\0\0\0\0\x01\0\0\0\x8c\x01\0\0\x08\x03\0\0\0\0\
\0\0\x01\0\0\0\x8c\x01\0\0\x10\x03\0\0\0\0\0\0\x01\0\0\0\x8c\x01\0\0\x18\x03\0\
\0\0\0\0\0\x01\0\0\0\x8c\x01\0\0\x30\x03\0\0\0\0\0\0\x01\0\0\0\x8c\x01\0\0\x38\
\x03\0\0\0\0\0\0\x01\0\0\0\x8c\x01\0\0\x40\x03\0\0\0\0\0\0\x01\0\0\0\x8c\x01\0\
\0\x48\x03\0\0\0\0\0\0\x01\0\0\0\x8c\x01\0\0\x60\x03\0\0\0\0\0\0\x01\0\0\0\x8c\
\x01\0\0\x68\x03\0\0\0\0\0\0\x01\0\0\0\x8c\x01\0\0\x70\x03\0\0\0\0\0\0\x01\0\0\
\0\x8c\x01\0\0\x78\x03\0\0\0\0\0\0\x01\0\0\0\x8c\x01\0\0\x90\x03\0\0\0\0\0\0\
\x01\0\0\0\x8d\x01\0\0\x98\x03\0\0\0\0\0\0\x01\0\0\0\x8d\x01\0\0\xa0\x03\0\0\0\
\0\0\0\x01\0\0\0\x8d\x01\0\0\xa8\x03\0\0\0\0\0\0\x01\0\0\0\x8d\x01\0\0\xc0\x03\
\0\0\0\0\0\0\x01\0\0\0\x8d\x01\0\0\xc8\x03\0\0\0\0\0\0\x01\0\0\0\x8d\x01\0\0\
\xd0\x03\0\0\0\0\0\0\x01\0\0\0\x8d\x01\0\0\xd8\x03\0\0\0\0\0\0\x01\0\0\0\x8d\
\x01\0\0\xf0\x03\0\0\0\0\0\0\x01\0\0\0\x8d\x01\0\0\xf8\x03\0\0\0\0\0\0\x01\0\0\
\0\x8d\x01\0\0\0\x04\0\0\0\0\0\0\x01\0\0\0\x8d\x01\0\0\x08\x04\0\0\0\0\0\0\x01\
\0\0\0\x8d\x01\0\0\x20\x04\0\0\0\0\0\0\x01\0\0\0\x8d\x01\0\0\x28\x04\0\0\0\0\0\
\0\x01\0\0\0\x8d\x01\0\0\x30\x04\0\0\0\0\0\0\x01\0\0\0\x8d\x01\0\0\x38\x04\0\0\
\0\0\0\0\x01\0\0\0\x8d\x01\0\0\x50\x04\0\0\0\0\0\0\x01\0\0\0\x8d\x01\0\0\x58\
\x04\0\0\0\0\0\0\x01\0\0\0\x8d\x01\0\0\x60\x04\0\0\0\0\0\0\x01\0\0\0\x8d\x01\0\
\0\x68\x04\0\0\0\0\0\0\x01\0\0\0\x8d\x01\0\0\x70\x04\0\0\0\0\0\0\x01\0\0\0\x8d\
\x01\0\0\x78\x04\0\0\0\0\0\0\x01\0\0\0\x8d\x01\0\0\x80\x04\0\0\0\0\0\0\x01\0\0\
\0\x8d\x01\0\0\x88\x04\0\0\0\0\0\0\x01\0\0\0\x8d\x01\0\0\x90\x04\0\0\0\0\0\0\
\x01\0\0\0\x8d\x01\0\0\x98\x04\0\0\0\0\0\0\x01\0\0\0\x8d\x01\0\0\xa0\x04\0\0\0\
\0\0\0\x01\0\0\0\x8d\x01\0\0\xa8\x04\0\0\0\0\0\0\x01\0\0\0\x8d\x01\0\0\xb0\x04\
\0\0\0\0\0\0\x01\0\0\0\x8d\x01\0\0\xb8\x04\0\0\0\0\0\0\x01\0\0\0\x8d\x01\0\0\
\xd0\x04\0\0\0\0\0\0\x01\0\0\0\x8d\x01\0\0\xd8\x04\0\0\0\0\0\0\x01\0\0\0\x8d\
\x01\0\0\xe0\x04\0\0\0\0\0\0\x01\0\0\0\x8d\x01\0\0\xe8\x04\0\0\0\0\0\0\x01\0\0\
\0\x8d\x01\0\0\0\x05\0\0\0\0\0\0\x01\0\0\0\x8d\x01\0\0\x08\x05\0\0\0\0\0\0\x01\
\0\0\0\x8d\x01\0\0\x10\x05\0\0\0\0\0\0\x01\0\0\0\x8d\x01\0\0\x18\x05\0\0\0\0\0\
\0\x01\0\0\0\x8d\x01\0\0\x30\x05\0\0\0\0\0\0\x01\0\0\0\x8d\x01\0\0\x38\x05\0\0\
\0\0\0\0\x01\0\0\0\x8d\x01\0\0\x40\x05\0\0\0\0\0\0\x01\0\0\0\x8d\x01\0\0\x48\
\x05\0\0\0\0\0\0\x01\0\0\0\x8d\x01\0\0\x60\x05\0\0\0\0\0\0\x01\0\0\0\x8d\x01\0\
\0\x68\x05\0\0\0\0\0\0\x01\0\0\0\x8d\x01\0\0\x70\x05\0\0\0\0\0\0\x01\0\0\0\x8d\
\x01\0\0\x78\x05\0\0\0\0\0\0\x01\0\0\0\x8d\x01\0\0\x90\x05\0\0\0\0\0\0\x01\0\0\
\0\x8d\x01\0\0\x98\x05\0\0\0\0\0\0\x01\0\0\0\x8d\x01\0\0\xa0\x05\0\0\0\0\0\0\
\x01\0\0\0\x8d\x01\0\0\xa8\x05\0\0\0\0\0\0\x01\0\0\0\x8d\x01\0\0\xc0\x05\0\0\0\
\0\0\0\x01\0\0\0\x8d\x01\0\0\xc8\x05\0\0\0\0\0\0\x01\0\0\0\x8d\x01\0\0\xd0\x05\
\0\0\0\0\0\0\x01\0\0\0\x8d\x01\0\0\xd8\x05\0\0\0\0\0\0\x01\0\0\0\x8d\x01\0\0\
\xf0\x05\0\0\0\0\0\0\x01\0\0\0\x8d\x01\0\0\xf8\x05\0\0\0\0\0\0\x01\0\0\0\x8d\
\x01\0\0\0\x06\0\0\0\0\0\0\x01\0\0\0\x8d\x01\0\0\x08\x06\0\0\0\0\0\0\x01\0\0\0\
\x8d\x01\0\0\x20\x06\0\0\0\0\0\0\x01\0\0\0\x8d\x01\0\0\x28\x06\0\0\0\0\0\0\x01\
\0\0\0\x8d\x01\0\0\x30\x06\0\0\0\0\0\0\x01\0\0\0\x8d\x01\0\0\x38\x06\0\0\0\0\0\
\0\x01\0\0\0\x8d\x01\0\0\x50\x06\0\0\0\0\0\0\x01\0\0\0\x8a\x01\0\0\x58\x06\0\0\
\0\0\0\0\x01\0\0\0\x8a\x01\0\0\x60\x06\0\0\0\0\0\0\x01\0\0\0\x8a\x01\0\0\x68\
\x06\0\0\0\0\0\0\x01\0\0\0\x8a\x01\0\0\x80\x06\0\0\0\0\0\0\x01\0\0\0\x8a\x01\0\
\0\x88\x06\0\0\0\0\0\0\x01\0\0\0\x8a\x01\0\0\x90\x06\0\0\0\0\0\0\x01\0\0\0\x8a\
\x01\0\0\x98\x06\0\0\0\0\0\0\x01\0\0\0\x8a\x01\0\0\xa0\x06\0\0\0\0\0\0\x01\0\0\
\0\x8a\x01\0\0\xa8\x06\0\0\0\0\0\0\x01\0\0\0\x8a\x01\0\0\xc0\x06\0\0\0\0\0\0\
\x01\0\0\0\x8a\x01\0\0\xc8\x06\0\0\0\0\0\0\x01\0\0\0\x8a\x01\0\0\xd0\x06\0\0\0\
\0\0\0\x01\0\0\0\x8a\x01\0\0\xd8\x06\0\0\0\0\0\0\x01\0\0\0\x8a\x01\0\0\xf0\x06\
\0\0\0\0\0\0\x01\0\0\0\x8a\x01\0\0\xf8\x06\0\0\0\0\0\0\x01\0\0\0\x8a\x01\0\0\0\
\x07\0\0\0\0\0\0\x01\0\0\0\x8a\x01\0\0\x08\x07\0\0\0\0\0\0\x01\0\0\0\x8a\x01\0\
\0\x10\x07\0\0\0\0\0\0\x01\0\0\0\x8a\x01\0\0\x18\x07\0\0\0\0\0\0\x01\0\0\0\x8a\
\x01\0\0\x20\x07\0\0\0\0\0\0\x01\0\0\0\x8a\x01\0\0\x28\x07\0\0\0\0\0\0\x01\0\0\
\0\x8a\x01\0\0\x40\x07\0\0\0\0\0\0\x01\0\0\0\x8a\x01\0\0\x48\x07\0\0\0\0\0\0\
\x01\0\0\0\x8a\x01\0\0\x50\x07\0\0\0\0\0\0\x01\0\0\0\x8a\x01\0\0\x58\x07\0\0\0\
\0\0\0\x01\0\0\0\x8a\x01\0\0\x70\x07\0\0\0\0\0\0\x01\0\0\0\x8a\x01\0\0\x78\x07\
\0\0\0\0\0\0\x01\0\0\0\x8a\x01\0\0\x80\x07\0\0\0\0\0\0\x01\0\0\0\x8a\x01\0\0\
\x88\x07\0\0\0\0\0\0\x01\0\0\0\x8a\x01\0\0\xa0\x07\0\0\0\0\0\0\x01\0\0\0\x8a\
\x01\0\0\xa8\x07\0\0\0\0\0\0\x01\0\0\0\x8a\x01\0\0\xb0\x07\0\0\0\0\0\0\x01\0\0\
\0\x8a\x01\0\0\xb8\x07\0\0\0\0\0\0\x01\0\0\0\x8a\x01\0\0\xd0\x07\0\0\0\0\0\0\
\x01\0\0\0\x8a\x01\0\0\xd8\x07\0\0\0\0\0\0\x01\0\0\0\x8a\x01\0\0\xe0\x07\0\0\0\
\0\0\0\x01\0\0\0\x8a\x01\0\0\xe8\x07\0\0\0\0\0\0\x01\0\0\0\x8a\x01\0\0\0\x08\0\
\0\0\0\0\0\x01\0\0\0\x8a\x01\0\0\x08\x08\0\0\0\0\0\0\x01\0\0\0\x8a\x01\0\0\x10\
\x08\0\0\0\0\0\0\x01\0\0\0\x8a\x01\0\0\x18\x08\0\0\0\0\0\0\x01\0\0\0\x8a\x01\0\
\0\x30\x08\0\0\0\0\0\0\x01\0\0\0\x8a\x01\0\0\x38\x08\0\0\0\0\0\0\x01\0\0\0\x8a\
\x01\0\0\x40\x08\0\0\0\0\0\0\x01\0\0\0\x8a\x01\0\0\x48\x08\0\0\0\0\0\0\x01\0\0\
\0\x8a\x01\0\0\x60\x08\0\0\0\0\0\0\x01\0\0\0\x8a\x01\0\0\x68\x08\0\0\0\0\0\0\
\x01\0\0\0\x8a\x01\0\0\x70\x08\0\0\0\0\0\0\x01\0\0\0\x8a\x01\0\0\x78\x08\0\0\0\
\0\0\0\x01\0\0\0\x8a\x01\0\0\x90\x08\0\0\0\0\0\0\x01\0\0\0\x8a\x01\0\0\x98\x08\
\0\0\0\0\0\0\x01\0\0\0\x8a\x01\0\0\xa0\x08\0\0\0\0\0\0\x01\0\0\0\x8a\x01\0\0\
\xa8\x08\0\0\0\0\0\0\x01\0\0\0\x8a\x01\0\0\xc0\x08\0\0\0\0\0\0\x01\0\0\0\x8b\
\x01\0\0\xc8\x08\0\0\0\0\0\0\x01\0\0\0\x8b\x01\0\0\xd0\x08\0\0\0\0\0\0\x01\0\0\
\0\x8c\x01\0\0\xd8\x08\0\0\0\0\0\0\x01\0\0\0\x8c\x01\0\0\xe0\x08\0\0\0\0\0\0\
\x01\0\0\0\x8d\x01\0\0\xe8\x08\0\0\0\0\0\0\x01\0\0\0\x8d\x01\0\0\xf0\x08\0\0\0\
\0\0\0\x01\0\0\0\x8a\x01\0\0\xf8\x08\0\0\0\0\0\0\x01\0\0\0\x8a\x01\0\0\xe4\x07\
\0\0\0\0\0\0\0\0\0\0\x93\x01\0\0\xfc\x07\0\0\0\0\0\0\0\0\0\0\x9a\x01\0\0\x08\
\x08\0\0\0\0\0\0\0\0\0\0\x96\x01\0\0\x14\x08\0\0\0\0\0\0\0\0\0\0\x97\x01\0\0\
\x20\x08\0\0\0\0\0\0\0\0\0\0\x98\x01\0\0\x2c\x08\0\0\0\0\0\0\0\0\0\0\x99\x01\0\
\0\x38\x08\0\0\0\0\0\0\0\0\0\0\x95\x01\0\0\x2c\0\0\0\0\0\0\0\0\0\0\0\x8b\x01\0\
\0\x3c\0\0\0\0\0\0\0\0\0\0\0\x8c\x01\0\0\x4c\0\0\0\0\0\0\0\0\0\0\0\x8d\x01\0\0\
\x5c\0\0\0\0\0\0\0\0\0\0\0\x8a\x01\0\0\x70\0\0\0\0\0\0\0\0\0\0\0\x8b\x01\0\0\
\x80\0\0\0\0\0\0\0\0\0\0\0\x8b\x01\0\0\x90\0\0\0\0\0\0\0\0\0\0\0\x8b\x01\0\0\
\xa0\0\0\0\0\0\0\0\0\0\0\0\x8b\x01\0\0\xb0\0\0\0\0\0\0\0\0\0\0\0\x8b\x01\0\0\
\xc8\0\0\0\0\0\0\0\0\0\0\0\x8c\x01\0\0\xd8\0\0\0\0\0\0\0\0\0\0\0\x8c\x01\0\0\
\xe8\0\0\0\0\0\0\0\0\0\0\0\x8c\x01\0\0\xf8\0\0\0\0\0\0\0\0\0\0\0\x8c\x01\0\0\
\x08\x01\0\0\0\0\0\0\0\0\0\0\x8c\x01\0\0\x18\x01\0\0\0\0\0\0\0\0\0\0\x8c\x01\0\
\0\x28\x01\0\0\0\0\0\0\0\0\0\0\x8c\x01\0\0\x38\x01\0\0\0\0\0\0\0\0\0\0\x8c\x01\
\0\0\x48\x01\0\0\0\0\0\0\0\0\0\0\x8c\x01\0\0\x58\x01\0\0\0\0\0\0\0\0\0\0\x8c\
\x01\0\0\x68\x01\0\0\0\0\0\0\0\0\0\0\x8c\x01\0\0\x78\x01\0\0\0\0\0\0\0\0\0\0\
\x8c\x01\0\0\x88\x01\0\0\0\0\0\0\0\0\0\0\x8c\x01\0\0\x98\x01\0\0\0\0\0\0\0\0\0\
\0\x8c\x01\0\0\xa8\x01\0\0\0\0\0\0\0\0\0\0\x8c\x01\0\0\xb8\x01\0\0\0\0\0\0\0\0\
\0\0\x8c\x01\0\0\xc8\x01\0\0\0\0\0\0\0\0\0\0\x8c\x01\0\0\xd8\x01\0\0\0\0\0\0\0\
\0\0\0\x8c\x01\0\0\xe8\x01\0\0\0\0\0\0\0\0\0\0\x8c\x01\0\0\xf8\x01\0\0\0\0\0\0\
\0\0\0\0\x8c\x01\0\0\x08\x02\0\0\0\0\0\0\0\0\0\0\x8c\x01\0\0\x18\x02\0\0\0\0\0\
\0\0\0\0\0\x8c\x01\0\0\x28\x02\0\0\0\0\0\0\0\0\0\0\x8c\x01\0\0\x38\x02\0\0\0\0\
\0\0\0\0\0\0\x8c\x01\0\0\x48\x02\0\0\0\0\0\0\0\0\0\0\x8c\x01\0\0\x58\x02\0\0\0\
\0\0\0\0\0\0\0\x8c\x01\0\0\x68\x02\0\0\0\0\0\0\0\0\0\0\x8c\x01\0\0\x78\x02\0\0\
\0\0\0\0\0\0\0\0\x8c\x01\0\0\x88\x02\0\0\0\0\0\0\0\0\0\0\x8c\x01\0\0\x98\x02\0\
\0\0\0\0\0\0\0\0\0\x8c\x01\0\0\xa8\x02\0\0\0\0\0\0\0\0\0\0\x8c\x01\0\0\xb8\x02\
\0\0\0\0\0\0\0\0\0\0\x8c\x01\0\0\xc8\x02\0\0\0\0\0\0\0\0\0\0\x8c\x01\0\0\xd8\
\x02\0\0\0\0\0\0\0\0\0\0\x8c\x01\0\0\xe8\x02\0\0\0\0\0\0\0\0\0\0\x8c\x01\0\0\
\xf8\x02\0\0\0\0\0\0\0\0\0\0\x8c\x01\0\0\x08\x03\0\0\0\0\0\0\0\0\0\0\x8c\x01\0\
\0\x18\x03\0\0\0\0\0\0\0\0\0\0\x8c\x01\0\0\x28\x03\0\0\0\0\0\0\0\0\0\0\x8c\x01\
\0\0\x38\x03\0\0\0\0\0\0\0\0\0\0\x8c\x01\0\0\x48\x03\0\0\0\0\0\0\0\0\0\0\x8c\
\x01\0\0\x58\x03\0\0\0\0\0\0\0\0\0\0\x8c\x01\0\0\x68\x03\0\0\0\0\0\0\0\0\0\0\
\x8c\x01\0\0\x78\x03\0\0\0\0\0\0\0\0\0\0\x8c\x01\0\0\x88\x03\0\0\0\0\0\0\0\0\0\
\0\x8c\x01\0\0\x98\x03\0\0\0\0\0\0\0\0\0\0\x8c\x01\0\0\xa8\x03\0\0\0\0\0\0\0\0\
\0\0\x8c\x01\0\0\xb8\x03\0\0\0\0\0\0\0\0\0\0\x8c\x01\0\0\xc8\x03\0\0\0\0\0\0\0\
\0\0\0\x8c\x01\0\0\xd8\x03\0\0\0\0\0\0\0\0\0\0\x8c\x01\0\0\xe8\x03\0\0\0\0\0\0\
\0\0\0\0\x8c\x01\0\0\xf8\x03\0\0\0\0\0\0\0\0\0\0\x8c\x01\0\0\x08\x04\0\0\0\0\0\
\0\0\0\0\0\x8c\x01\0\0\x18\x04\0\0\0\0\0\0\0\0\0\0\x8c\x01\0\0\x28\x04\0\0\0\0\
\0\0\0\0\0\0\x8c\x01\0\0\x38\x04\0\0\0\0\0\0\0\0\0\0\x8c\x01\0\0\x48\x04\0\0\0\
\0\0\0\0\0\0\0\x8c\x01\0\0\x58\x04\0\0\0\0\0\0\0\0\0\0\x8c\x01\0\0\x68\x04\0\0\
\0\0\0\0\0\0\0\0\x8c\x01\0\0\x78\x04\0\0\0\0\0\0\0\0\0\0\x8c\x01\0\0\x88\x04\0\
\0\0\0\0\0\0\0\0\0\x8c\x01\0\0\x98\x04\0\0\0\0\0\0\0\0\0\0\x8c\x01\0\0\xa8\x04\
\0\0\0\0\0\0\0\0\0\0\x8c\x01\0\0\xb8\x04\0\0\0\0\0\0\0\0\0\0\x8c\x01\0\0\xc8\
\x04\0\0\0\0\0\0\0\0\0\0\x8c\x01\0\0\xd8\x04\0\0\0\0\0\0\0\0\0\0\x8c\x01\0\0\
\xe8\x04\0\0\0\0\0\0\0\0\0\0\x8c\x01\0\0\xf8\x04\0\0\0\0\0\0\0\0\0\0\x8c\x01\0\
\0\x08\x05\0\0\0\0\0\0\0\0\0\0\x8c\x01\0\0\x18\x05\0\0\0\0\0\0\0\0\0\0\x8c\x01\
\0\0\x28\x05\0\0\0\0\0\0\0\0\0\0\x8c\x01\0\0\x38\x05\0\0\0\0\0\0\0\0\0\0\x8c\
\x01\0\0\x48\x05\0\0\0\0\0\0\0\0\0\0\x8c\x01\0\0\x58\x05\0\0\0\0\0\0\0\0\0\0\
\x8c\x01\0\0\x70\x05\0\0\0\0\0\0\0\0\0\0\x8d\x01\0\0\x80\x05\0\0\0\0\0\0\0\0\0\
\0\x8d\x01\0\0\x90\x05\0\0\0\0\0\0\0\0\0\0\x8d\x01\0\0\xa0\x05\0\0\0\0\0\0\0\0\
\0\0\x8d\x01\0\0\xb0\x05\0\0\0\0\0\0\0\0\0\0\x8d\x01\0\0\xc0\x05\0\0\0\0\0\0\0\
\0\0\0\x8d\x01\0\0\xd0\x05\0\0\0\0\0\0\0\0\0\0\x8d\x01\0\0\xe0\x05\0\0\0\0\0\0\
\0\0\0\0\x8d\x01\0\0\xf0\x05\0\0\0\0\0\0\0\0\0\0\x8d\x01\0\0\0\x06\0\0\0\0\0\0\
\0\0\0\0\x8d\x01\0\0\x10\x06\0\0\0\0\0\0\0\0\0\0\x8d\x01\0\0\x20\x06\0\0\0\0\0\
\0\0\0\0\0\x8d\x01\0\0\x30\x06\0\0\0\0\0\0\0\0\0\0\x8d\x01\0\0\x40\x06\0\0\0\0\
\0\0\0\0\0\0\x8d\x01\0\0\x50\x06\0\0\0\0\0\0\0\0\0\0\x8d\x01\0\0\x60\x06\0\0\0\
\0\0\0\0\0\0\0\x8d\x01\0\0\x70\x06\0\0\0\0\0\0\0\0\0\0\x8d\x01\0\0\x80\x06\0\0\
\0\0\0\0\0\0\0\0\x8d\x01\0\0\x90\x06\0\0\0\0\0\0\0\0\0\0\x8d\x01\0\0\xa0\x06\0\
\0\0\0\0\0\0\0\0\0\x8d\x01\0\0\xb0\x06\0\0\0\0\0\0\0\0\0\0\x8d\x01\0\0\xc0\x06\
\0\0\0\0\0\0\0\0\0\0\x8d\x01\0\0\xd0\x06\0\0\0\0\0\0\0\0\0\0\x8d\x01\0\0\xe0\
\x06\0\0\0\0\0\0\0\0\0\0\x8d\x01\0\0\xf0\x06\0\0\0\0\0\0\0\0\0\0\x8d\x01\0\0\0\
\x07\0\0\0\0\0\0\0\0\0\0\x8d\x01\0\0\x10\x07\0\0\0\0\0\0\0\0\0\0\x8d\x01\0\0\
\x20\x07\0\0\0\0\0\0\0\0\0\0\x8d\x01\0\0\x30\x07\0\0\0\0\0\0\0\0\0\0\x8d\x01\0\
\0\x40\x07\0\0\0\0\0\0\0\0\0\0\x8d\x01\0\0\x50\x07\0\0\0\0\0\0\0\0\0\0\x8d\x01\
\0\0\x60\x07\0\0\0\0\0\0\0\0\0\0\x8d\x01\0\0\x70\x07\0\0\0\0\0\0\0\0\0\0\x8d\
\x01\0\0\x80\x07\0\0\0\0\0\0\0\0\0\0\x8d\x01\0\0\x90\x07\0\0\0\0\0\0\0\0\0\0\
\x8d\x01\0\0\xa0\x07\0\0\0\0\0\0\0\0\0\0\x8d\x01\0\0\xb0\x07\0\0\0\0\0\0\0\0\0\
\0\x8d\x01\0\0\xc0\x07\0\0\0\0\0\0\0\0\0\0\x8d\x01\0\0\xd0\x07\0\0\0\0\0\0\0\0\
\0\0\x8d\x01\0\0\xe0\x07\0\0\0\0\0\0\0\0\0\0\x8d\x01\0\0\xf0\x07\0\0\0\0\0\0\0\
\0\0\0\x8d\x01\0\0\0\x08\0\0\0\0\0\0\0\0\0\0\x8d\x01\0\0\x10\x08\0\0\0\0\0\0\0\
\0\0\0\x8d\x01\0\0\x20\x08\0\0\0\0\0\0\0\0\0\0\x8d\x01\0\0\x30\x08\0\0\0\0\0\0\
\0\0\0\0\x8d\x01\0\0\x40\x08\0\0\0\0\0\0\0\0\0\0\x8d\x01\0\0\x50\x08\0\0\0\0\0\
\0\0\0\0\0\x8d\x01\0\0\x60\x08\0\0\0\0\0\0\0\0\0\0\x8d\x01\0\0\x70\x08\0\0\0\0\
\0\0\0\0\0\0\x8d\x01\0\0\x80\x08\0\0\0\0\0\0\0\0\0\0\x8d\x01\0\0\x90\x08\0\0\0\
\0\0\0\0\0\0\0\x8d\x01\0\0\xa0\x08\0\0\0\0\0\0\0\0\0\0\x8d\x01\0\0\xb0\x08\0\0\
\0\0\0\0\0\0\0\0\x8d\x01\0\0\xc0\x08\0\0\0\0\0\0\0\0\0\0\x8d\x01\0\0\xd0\x08\0\
\0\0\0\0\0\0\0\0\0\x8d\x01\0\0\xe0\x08\0\0\0\0\0\0\0\0\0\0\x8d\x01\0\0\xf0\x08\
\0\0\0\0\0\0\0\0\0\0\x8d\x01\0\0\0\x09\0\0\0\0\0\0\0\0\0\0\x8d\x01\0\0\x10\x09\
\0\0\0\0\0\0\0\0\0\0\x8d\x01\0\0\x20\x09\0\0\0\0\0\0\0\0\0\0\x8d\x01\0\0\x30\
\x09\0\0\0\0\0\0\0\0\0\0\x8d\x01\0\0\x40\x09\0\0\0\0\0\0\0\0\0\0\x8d\x01\0\0\
\x50\x09\0\0\0\0\0\0\0\0\0\0\x8d\x01\0\0\x60\x09\0\0\0\0\0\0\0\0\0\0\x8d\x01\0\
\0\x70\x09\0\0\0\0\0\0\0\0\0\0\x8d\x01\0\0\x80\x09\0\0\0\0\0\0\0\0\0\0\x8d\x01\
\0\0\x90\x09\0\0\0\0\0\0\0\0\0\0\x8d\x01\0\0\xa0\x09\0\0\0\0\0\0\0\0\0\0\x8d\
\x01\0\0\xb0\x09\0\0\0\0\0\0\0\0\0\0\x8d\x01\0\0\xc0\x09\0\0\0\0\0\0\0\0\0\0\
\x8d\x01\0\0\xd0\x09\0\0\0\0\0\0\0\0\0\0\x8d\x01\0\0\xe8\x09\0\0\0\0\0\0\0\0\0\
\0\x8a\x01\0\0\xf8\x09\0\0\0\0\0\0\0\0\0\0\x8a\x01\0\0\x08\x0a\0\0\0\0\0\0\0\0\
\0\0\x8a\x01\0\0\x18\x0a\0\0\0\0\0\0\0\0\0\0\x8a\x01\0\0\x28\x0a\0\0\0\0\0\0\0\
\0\0\0\x8a\x01\0\0\x38\x0a\0\0\0\0\0\0\0\0\0\0\x8a\x01\0\0\x48\x0a\0\0\0\0\0\0\
\0\0\0\0\x8a\x01\0\0\x58\x0a\0\0\0\0\0\0\0\0\0\0\x8a\x01\0\0\x68\x0a\0\0\0\0\0\
\0\0\0\0\0\x8a\x01\0\0\x78\x0a\0\0\0\0\0\0\0\0\0\0\x8a\x01\0\0\x88\x0a\0\0\0\0\
\0\0\0\0\0\0\x8a\x01\0\0\x98\x0a\0\0\0\0\0\0\0\0\0\0\x8a\x01\0\0\xa8\x0a\0\0\0\
\0\0\0\0\0\0\0\x8a\x01\0\0\xb8\x0a\0\0\0\0\0\0\0\0\0\0\x8a\x01\0\0\xc8\x0a\0\0\
\0\0\0\0\0\0\0\0\x8a\x01\0\0\xd8\x0a\0\0\0\0\0\0\0\0\0\0\x8a\x01\0\0\xe8\x0a\0\
\0\0\0\0\0\0\0\0\0\x8a\x01\0\0\xf8\x0a\0\0\0\0\0\0\0\0\0\0\x8a\x01\0\0\x08\x0b\
\0\0\0\0\0\0\0\0\0\0\x8a\x01\0\0\x18\x0b\0\0\0\0\0\0\0\0\0\0\x8a\x01\0\0\x28\
\x0b\0\0\0\0\0\0\0\0\0\0\x8a\x01\0\0\x38\x0b\0\0\0\0\0\0\0\0\0\0\x8a\x01\0\0\
\x48\x0b\0\0\0\0\0\0\0\0\0\0\x8a\x01\0\0\x58\x0b\0\0\0\0\0\0\0\0\0\0\x8a\x01\0\
\0\x68\x0b\0\0\0\0\0\0\0\0\0\0\x8a\x01\0\0\x78\x0b\0\0\0\0\0\0\0\0\0\0\x8a\x01\
\0\0\x88\x0b\0\0\0\0\0\0\0\0\0\0\x8a\x01\0\0\x98\x0b\0\0\0\0\0\0\0\0\0\0\x8a\
\x01\0\0\xa8\x0b\0\0\0\0\0\0\0\0\0\0\x8a\x01\0\0\xb8\x0b\0\0\0\0\0\0\0\0\0\0\
\x8a\x01\0\0\xc8\x0b\0\0\0\0\0\0\0\0\0\0\x8a\x01\0\0\xd8\x0b\0\0\0\0\0\0\0\0\0\
\0\x8a\x01\0\0\xe8\x0b\0\0\0\0\0\0\0\0\0\0\x8a\x01\0\0\xf8\x0b\0\0\0\0\0\0\0\0\
\0\0\x8a\x01\0\0\x08\x0c\0\0\0\0\0\0\0\0\0\0\x8a\x01\0\0\x18\x0c\0\0\0\0\0\0\0\
\0\0\0\x8a\x01\0\0\x28\x0c\0\0\0\0\0\0\0\0\0\0\x8a\x01\0\0\x38\x0c\0\0\0\0\0\0\
\0\0\0\0\x8a\x01\0\0\x48\x0c\0\0\0\0\0\0\0\0\0\0\x8a\x01\0\0\x58\x0c\0\0\0\0\0\
\0\0\0\0\0\x8a\x01\0\0\x68\x0c\0\0\0\0\0\0\0\0\0\0\x8a\x01\0\0\x78\x0c\0\0\0\0\
\0\0\0\0\0\0\x8a\x01\0\0\x88\x0c\0\0\0\0\0\0\0\0\0\0\x8a\x01\0\0\x98\x0c\0\0\0\
\0\0\0\0\0\0\0\x8a\x01\0\0\xa8\x0c\0\0\0\0\0\0\0\0\0\0\x8a\x01\0\0\xb8\x0c\0\0\
\0\0\0\0\0\0\0\0\x8a\x01\0\0\xc8\x0c\0\0\0\0\0\0\0\0\0\0\x8a\x01\0\0\xd8\x0c\0\
\0\0\0\0\0\0\0\0\0\x8a\x01\0\0\xe8\x0c\0\0\0\0\0\0\0\0\0\0\x8a\x01\0\0\xf8\x0c\
\0\0\0\0\0\0\0\0\0\0\x8a\x01\0\0\x08\x0d\0\0\0\0\0\0\0\0\0\0\x8a\x01\0\0\x18\
\x0d\0\0\0\0\0\0\0\0\0\0\x8a\x01\0\0\x28\x0d\0\0\0\0\0\0\0\0\0\0\x8a\x01\0\0\
\x38\x0d\0\0\0\0\0\0\0\0\0\0\x8a\x01\0\0\x48\x0d\0\0\0\0\0\0\0\0\0\0\x8a\x01\0\
\0\x58\x0d\0\0\0\0\0\0\0\0\0\0\x8a\x01\0\0\x68\x0d\0\0\0\0\0\0\0\0\0\0\x8a\x01\
\0\0\x78\x0d\0\0\0\0\0\0\0\0\0\0\x8a\x01\0\0\x88\x0d\0\0\0\0\0\0\0\0\0\0\x8a\
\x01\0\0\x98\x0d\0\0\0\0\0\0\0\0\0\0\x8a\x01\0\0\xa8\x0d\0\0\0\0\0\0\0\0\0\0\
\x8a\x01\0\0\xb8\x0d\0\0\0\0\0\0\0\0\0\0\x8a\x01\0\0\xc8\x0d\0\0\0\0\0\0\0\0\0\
\0\x8a\x01\0\0\xd8\x0d\0\0\0\0\0\0\0\0\0\0\x8a\x01\0\0\xe8\x0d\0\0\0\0\0\0\0\0\
\0\0\x8a\x01\0\0\xf8\x0d\0\0\0\0\0\0\0\0\0\0\x8a\x01\0\0\x08\x0e\0\0\0\0\0\0\0\
\0\0\0\x8a\x01\0\0\x18\x0e\0\0\0\0\0\0\0\0\0\0\x8a\x01\0\0\x28\x0e\0\0\0\0\0\0\
\0\0\0\0\x8a\x01\0\0\x38\x0e\0\0\0\0\0\0\0\0\0\0\x8a\x01\0\0\x48\x0e\0\0\0\0\0\
\0\0\0\0\0\x8a\x01\0\0\x58\x0e\0\0\0\0\0\0\0\0\0\0\x8a\x01\0\0\x68\x0e\0\0\0\0\
\0\0\0\0\0\0\x8a\x01\0\0\x78\x0e\0\0\0\0\0\0\0\0\0\0\x8a\x01\0\0\x88\x0e\0\0\0\
\0\0\0\0\0\0\0\x8a\x01\0\0\x98\x0e\0\0\0\0\0\0\0\0\0\0\x8a\x01\0\0\xa8\x0e\0\0\
\0\0\0\0\0\0\0\0\x8a\x01\0\0\xb8\x0e\0\0\0\0\0\0\0\0\0\0\x8a\x01\0\0\xc8\x0e\0\
\0\0\0\0\0\0\0\0\0\x8a\x01\0\0\xd8\x0e\0\0\0\0\0\0\0\0\0\0\x8a\x01\0\0\xe8\x0e\
\0\0\0\0\0\0\0\0\0\0\x8a\x01\0\0\xf8\x0e\0\0\0\0\0\0\0\0\0\0\x8a\x01\0\0\x08\
\x0f\0\0\0\0\0\0\0\0\0\0\x8a\x01\0\0\x18\x0f\0\0\0\0\0\0\0\0\0\0\x8a\x01\0\0\
\x28\x0f\0\0\0\0\0\0\0\0\0\0\x8a\x01\0\0\x38\x0f\0\0\0\0\0\0\0\0\0\0\x8a\x01\0\
\0\x48\x0f\0\0\0\0\0\0\0\0\0\0\x8a\x01\0\0\x58\x0f\0\0\0\0\0\0\0\0\0\0\x8a\x01\
\0\0\x68\x0f\0\0\0\0\0\0\0\0\0\0\x8a\x01\0\0\x78\x0f\0\0\0\0\0\0\0\0\0\0\x8a\
\x01\0\0\x88\x0f\0\0\0\0\0\0\0\0\0\0\x8a\x01\0\0\x98\x0f\0\0\0\0\0\0\0\0\0\0\
\x8a\x01\0\0\xa8\x0f\0\0\0\0\0\0\0\0\0\0\x8a\x01\0\0\xb8\x0f\0\0\0\0\0\0\0\0\0\
\0\x8a\x01\0\0\xc8\x0f\0\0\0\0\0\0\0\0\0\0\x8a\x01\0\0\xd8\x0f\0\0\0\0\0\0\0\0\
\0\0\x8a\x01\0\0\xe8\x0f\0\0\0\0\0\0\0\0\0\0\x8a\x01\0\0\xf8\x0f\0\0\0\0\0\0\0\
\0\0\0\x8a\x01\0\0\x08\x10\0\0\0\0\0\0\0\0\0\0\x8a\x01\0\0\x18\x10\0\0\0\0\0\0\
\0\0\0\0\x8a\x01\0\0\x28\x10\0\0\0\0\0\0\0\0\0\0\x8a\x01\0\0\x38\x10\0\0\0\0\0\
\0\0\0\0\0\x8a\x01\0\0\x48\x10\0\0\0\0\0\0\0\0\0\0\x8a\x01\0\0\x58\x10\0\0\0\0\
\0\0\0\0\0\0\x8a\x01\0\0\x68\x10\0\0\0\0\0\0\0\0\0\0\x8a\x01\0\0\x78\x10\0\0\0\
\0\0\0\0\0\0\0\x8a\x01\0\0\x88\x10\0\0\0\0\0\0\0\0\0\0\x8a\x01\0\0\x98\x10\0\0\
\0\0\0\0\0\0\0\0\x8a\x01\0\0\xa8\x10\0\0\0\0\0\0\0\0\0\0\x8a\x01\0\0\xb8\x10\0\
\0\0\0\0\0\0\0\0\0\x8a\x01\0\0\xc8\x10\0\0\0\0\0\0\0\0\0\0\x8a\x01\0\0\xd8\x10\
\0\0\0\0\0\0\0\0\0\0\x8a\x01\0\0\xe8\x10\0\0\0\0\0\0\0\0\0\0\x8a\x01\0\0\xf8\
\x10\0\0\0\0\0\0\0\0\0\0\x8a\x01\0\0\x08\x11\0\0\0\0\0\0\0\0\0\0\x8a\x01\0\0\
\x18\x11\0\0\0\0\0\0\0\0\0\0\x8a\x01\0\0\x28\x11\0\0\0\0\0\0\0\0\0\0\x8a\x01\0\
\0\x38\x11\0\0\0\0\0\0\0\0\0\0\x8a\x01\0\0\x14\0\0\0\0\0\0\0\x0a\0\0\0\x91\x01\
\0\0\x18\0\0\0\0\0\0\0\x01\0\0\0\x8b\x01\0\0\x2c\0\0\0\0\0\0\0\x0a\0\0\0\x91\
\x01\0\0\x30\0\0\0\0\0\0\0\x01\0\0\0\x8c\x01\0\0\x44\0\0\0\0\0\0\0\x0a\0\0\0\
\x91\x01\0\0\x48\0\0\0\0\0\0\0\x01\0\0\0\x8d\x01\0\0\x5c\0\0\0\0\0\0\0\x0a\0\0\
\0\x91\x01\0\0\x60\0\0\0\0\0\0\0\x01\0\0\0\x8a\x01\0\0\xda\x07\0\0\0\0\0\0\x01\
\0\0\0\x8b\x01\0\0\0\x08\0\0\0\0\0\0\x01\0\0\0\x8c\x01\0\0\x81\x09\0\0\0\0\0\0\
\x01\0\0\0\x8d\x01\0\0\xfa\x0a\0\0\0\0\0\0\x01\0\0\0\x8a\x01\0\0\x9c\x03\x9b\
\x03\x94\x03\x9a\x03\x96\x03\x97\x03\x98\x03\x99\x03\x95\x03\x93\x03\0\x78\x64\
\x70\x5f\x72\x65\x64\x69\x72\x65\x63\x74\x5f\x64\x75\x6d\x6d\x79\0\x70\x66\x63\
\x70\x5f\x66\x61\x72\x5f\x61\x70\x70\x6c\x79\0\x2e\x64\x65\x62\x75\x67\x5f\x61\
\x62\x62\x72\x65\x76\0\x78\x64\x70\x5f\x72\x65\x64\x69\x72\x65\x63\x74\x5f\x67\
\x74\x70\x75\0\x2e\x72\x65\x6c\x2e\x74\x65\x78\x74\0\x2e\x72\x65\x6c\x2e\x42\
\x54\x46\x2e\x65\x78\x74\0\x2e\x72\x65\x6c\x78\x64\x70\x5f\x75\x70\x6c\x69\x6e\
\x6b\x5f\x65\x6e\x74\x72\x79\x5f\x70\x6f\x69\x6e\x74\0\x2e\x72\x65\x6c\x78\x64\
\x70\x5f\x64\x6f\x77\x6e\x6c\x69\x6e\x6b\x5f\x65\x6e\x74\x72\x79\x5f\x70\x6f\
\x69\x6e\x74\0\x6d\x63\x5f\x73\x74\x61\x74\x73\0\x6d\x5f\x66\x61\x72\x73\0\x6d\
\x61\x70\x73\0\x2e\x72\x65\x6c\x2e\x64\x65\x62\x75\x67\x5f\x72\x61\x6e\x67\x65\
\x73\0\x6d\x5f\x72\x65\x64\x69\x72\x65\x63\x74\x5f\x69\x6e\x74\x65\x72\x66\x61\
\x63\x65\x73\0\x2e\x64\x65\x62\x75\x67\x5f\x73\x74\x72\0\x6d\x5f\x75\x65\x69\
\x70\x5f\x70\x64\x72\0\x6d\x5f\x74\x65\x69\x64\x5f\x70\x64\x72\0\x2e\x72\x65\
\x6c\x2e\x64\x65\x62\x75\x67\x5f\x69\x6e\x66\x6f\0\x2e\x6c\x6c\x76\x6d\x5f\x61\
\x64\x64\x72\x73\x69\x67\0\x5f\x6c\x69\x63\x65\x6e\x73\x65\0\x2e\x72\x65\x6c\
\x2e\x64\x65\x62\x75\x67\x5f\x6c\x69\x6e\x65\0\x2e\x72\x65\x6c\x2e\x64\x65\x62\
\x75\x67\x5f\x66\x72\x61\x6d\x65\0\x6d\x5f\x61\x72\x70\x5f\x74\x61\x62\x6c\x65\
\0\x2e\x72\x65\x6c\x2e\x64\x65\x62\x75\x67\x5f\x6c\x6f\x63\0\x73\x65\x73\x73\
\x69\x6f\x6e\x5f\x62\x70\x66\x2e\x63\0\x2e\x73\x74\x72\x74\x61\x62\0\x2e\x73\
\x79\x6d\x74\x61\x62\0\x2e\x72\x65\x6c\x2e\x42\x54\x46\0\x4c\x42\x42\x31\x5f\
\x39\0\x4c\x42\x42\x33\x5f\x33\x39\0\x4c\x42\x42\x31\x5f\x38\0\x4c\x42\x42\x33\
\x5f\x33\x38\0\x4c\x42\x42\x33\x5f\x33\x37\0\x4c\x42\x42\x33\x5f\x32\x37\0\x4c\
\x42\x42\x33\x5f\x31\x37\0\x4c\x42\x42\x32\x5f\x36\0\x4c\x42\x42\x33\x5f\x33\
\x36\0\x4c\x42\x42\x33\x5f\x31\x36\0\x4c\x42\x42\x32\x5f\x31\x36\0\x4c\x42\x42\
\x31\x5f\x31\x36\0\x4c\x42\x42\x33\x5f\x35\0\x4c\x42\x42\x33\x5f\x33\x35\0\x4c\
\x42\x42\x33\x5f\x31\x35\0\x4c\x42\x42\x32\x5f\x31\x35\0\x4c\x42\x42\x31\x5f\
\x31\x35\0\x4c\x42\x42\x32\x5f\x34\0\x4c\x42\x42\x31\x5f\x34\0\x4c\x42\x42\x33\
\x5f\x33\x34\0\x4c\x42\x42\x33\x5f\x31\x34\0\x4c\x42\x42\x31\x5f\x31\x34\0\x4c\
\x42\x42\x33\x5f\x33\0\x4c\x42\x42\x33\x5f\x33\x33\0\x4c\x42\x42\x32\x5f\x31\
\x33\0\x4c\x42\x42\x33\x5f\x32\0\x4c\x42\x42\x32\x5f\x32\0\x4c\x42\x42\x31\x5f\
\x32\0\x4c\x42\x42\x33\x5f\x33\x32\0\x4c\x42\x42\x32\x5f\x31\x32\0\x4c\x42\x42\
\x31\x5f\x31\x32\0\x4c\x42\x42\x33\x5f\x33\x31\0\x4c\x42\x42\x33\x5f\x32\x31\0\
\x4c\x42\x42\x32\x5f\x31\x31\0\x4c\x42\x42\x31\x5f\x31\x31\0\x2e\x72\x6f\x64\
\x61\x74\x61\x2e\x73\x74\x72\x31\x2e\x31\0\x4c\x42\x42\x32\x5f\x31\x30\0\x4c\
\x42\x42\x31\x5f\x31\x30\0\0\0\0\0\0\0\0\0\0\0\0\0\0\0\0\0\0\0\0\0\0\0\0\0\0\0\
\0\0\0\0\0\0\0\0\0\0\0\0\0\0\0\0\0\0\0\0\0\0\0\0\0\0\0\0\0\0\0\0\0\0\0\0\0\0\0\
\0\0\0\0\x61\x01\0\0\x03\0\0\0\0\0\0\0\0\0\0\0\0\0\0\0\0\0\0\0\x34\x3b\x01\0\0\
\0\0\0\xa7\x02\0\0\0\0\0\0\0\0\0\0\0\0\0\0\x01\0\0\0\0\0\0\0\0\0\0\0\0\0\0\0\
\x47\0\0\0\x01\0\0\0\x06\0\0\0\0\0\0\0\0\0\0\0\0\0\0\0\x40\0\0\0\0\0\0\0\x10\
\x13\0\0\0\0\0\0\0\0\0\0\0\0\0\0\x08\0\0\0\0\0\0\0\0\0\0\0\0\0\0\0\x43\0\0\0\
\x09\0\0\0\0\0\0\0\0\0\0\0\0\0\0\0\0\0\0\0\x70\xec\0\0\0\0\0\0\x40\0\0\0\0\0\0\
\0\x1d\0\0\0\x02\0\0\0\x08\0\0\0\0\0\0\0\x10\0\0\0\0\0\0\0\x01\0\0\0\x01\0\0\0\
\x06\0\0\0\0\0\0\0\0\0\0\0\0\0\0\0\x50\x13\0\0\0\0\0\0\x70\0\0\0\0\0\0\0\0\0\0\
\0\0\0\0\0\x08\0\0\0\0\0\0\0\0\0\0\0\0\0\0\0\x5e\0\0\0\x01\0\0\0\x06\0\0\0\0\0\
\0\0\0\0\0\0\0\0\0\0\xc0\x13\0\0\0\0\0\0\x68\x09\0\0\0\0\0\0\0\0\0\0\0\0\0\0\
\x08\0\0\0\0\0\0\0\0\0\0\0\0\0\0\0\x5a\0\0\0\x09\0\0\0\0\0\0\0\0\0\0\0\0\0\0\0\
\0\0\0\0\xb0\xec\0\0\0\0\0\0\x40\0\0\0\0\0\0\0\x1d\0\0\0\x05\0\0\0\x08\0\0\0\0\
\0\0\0\x10\0\0\0\0\0\0\0\x79\0\0\0\x01\0\0\0\x06\0\0\0\0\0\0\0\0\0\0\0\0\0\0\0\
\x28\x1d\0\0\0\0\0\0\x80\x09\0\0\0\0\0\0\0\0\0\0\0\0\0\0\x08\0\0\0\0\0\0\0\0\0\
\0\0\0\0\0\0\x75\0\0\0\x09\0\0\0\0\0\0\0\0\0\0\0\0\0\0\0\0\0\0\0\xf0\xec\0\0\0\
\0\0\0\x40\0\0\0\0\0\0\0\x1d\0\0\0\x07\0\0\0\x08\0\0\0\0\0\0\0\x10\0\0\0\0\0\0\
\0\xa2\0\0\0\x01\0\0\0\x03\0\0\0\0\0\0\0\0\0\0\0\0\0\0\0\xa8\x26\0\0\0\0\0\0\
\x78\0\0\0\0\0\0\0\0\0\0\0\0\0\0\0\x04\0\0\0\0\0\0\0\0\0\0\0\0\0\0\0\x88\x02\0\
\0\x01\0\0\0\x32\0\0\0\0\0\0\0\0\0\0\0\0\0\0\0\x20\x27\0\0\0\0\0\0\xc1\x03\0\0\
\0\0\0\0\0\0\0\0\0\0\0\0\x01\0\0\0\0\0\0\0\x01\0\0\0\0\0\0\0\x0f\x01\0\0\x01\0\
\0\0\x03\0\0\0\0\0\0\0\0\0\0\0\0\0\0\0\xe1\x2a\0\0\0\0\0\0\x04\0\0\0\0\0\0\0\0\
\0\0\0\0\0\0\0\x01\0\0\0\0\0\0\0\0\0\0\0\0\0\0\0\xcf\0\0\0\x01\0\0\0\x30\0\0\0\
\0\0\0\0\0\0\0\0\0\0\0\0\xe5\x2a\0\0\0\0\0\0\x97\x11\0\0\0\0\0\0\0\0\0\0\0\0\0\
\0\x01\0\0\0\0\0\0\0\x01\0\0\0\0\0\0\0\x48\x01\0\0\x01\0\0\0\0\0\0\0\0\0\0\0\0\
\0\0\0\0\0\0\0\x7c\x3c\0\0\0\0\0\0\xa7\x13\0\0\0\0\0\0\0\0\0\0\0\0\0\0\x01\0\0\
\0\0\0\0\0\0\0\0\0\0\0\0\0\x44\x01\0\0\x09\0\0\0\0\0\0\0\0\0\0\0\0\0\0\0\0\0\0\
\0\x30\xed\0\0\0\0\0\0\x70\x04\0\0\0\0\0\0\x1d\0\0\0\x0d\0\0\0\x08\0\0\0\0\0\0\
\0\x10\0\0\0\0\0\0\0\x23\0\0\0\x01\0\0\0\0\0\0\0\0\0\0\0\0\0\0\0\0\0\0\0\x23\
\x50\0\0\0\0\0\0\0\x03\0\0\0\0\0\0\0\0\0\0\0\0\0\0\x01\0\0\0\0\0\0\0\0\0\0\0\0\
\0\0\0\xf4\0\0\0\x01\0\0\0\0\0\0\0\0\0\0\0\0\0\0\0\0\0\0\0\x23\x53\0\0\0\0\0\0\
\x99\x21\0\0\0\0\0\0\0\0\0\0\0\0\0\0\x01\0\0\0\0\0\0\0\0\0\0\0\0\0\0\0\xf0\0\0\
\0\x09\0\0\0\0\0\0\0\0\0\0\0\0\0\0\0\0\0\0\0\xa0\xf1\0\0\0\0\0\0\x70\x2a\0\0\0\
\0\0\0\x1d\0\0\0\x10\0\0\0\x08\0\0\0\0\0\0\0\x10\0\0\0\0\0\0\0\xab\0\0\0\x01\0\
\0\0\0\0\0\0\0\0\0\0\0\0\0\0\0\0\0\0\xbc\x74\0\0\0\0\0\0\x10\x09\0\0\0\0\0\0\0\
\0\0\0\0\0\0\0\x01\0\0\0\0\0\0\0\0\0\0\0\0\0\0\0\xa7\0\0\0\x09\0\0\0\0\0\0\0\0\
\0\0\0\0\0\0\0\0\0\0\0\x10\x1c\x01\0\0\0\0\0\xe0\x0c\0\0\0\0\0\0\x1d\0\0\0\x12\
\0\0\0\x08\0\0\0\0\0\0\0\x10\0\0\0\0\0\0\0\x75\x01\0\0\x01\0\0\0\0\0\0\0\0\0\0\
\0\0\0\0\0\0\0\0\0\xcc\x7d\0\0\0\0\0\0\x8d\x28\0\0\0\0\0\0\0\0\0\0\0\0\0\0\x01\
\0\0\0\0\0\0\0\0\0\0\0\0\0\0\0\x71\x01\0\0\x09\0\0\0\0\0\0\0\0\0\0\0\0\0\0\0\0\
\0\0\0\xf0\x28\x01\0\0\0\0\0\x70\0\0\0\0\0\0\0\x1d\0\0\0\x14\0\0\0\x08\0\0\0\0\
\0\0\0\x10\0\0\0\0\0\0\0\x51\0\0\0\x01\0\0\0\0\0\0\0\0\0\0\0\0\0\0\0\0\0\0\0\
\x59\xa6\0\0\0\0\0\0\x48\x11\0\0\0\0\0\0\0\0\0\0\0\0\0\0\x01\0\0\0\0\0\0\0\0\0\
\0\0\0\0\0\0\x4d\0\0\0\x09\0\0\0\0\0\0\0\0\0\0\0\0\0\0\0\0\0\0\0\x60\x29\x01\0\
\0\0\0\0\0\x11\0\0\0\0\0\0\x1d\0\0\0\x16\0\0\0\x08\0\0\0\0\0\0\0\x10\0\0\0\0\0\
\0\0\x2b\x01\0\0\x01\0\0\0\0\0\0\0\0\0\0\0\0\0\0\0\0\0\0\0\xa8\xb7\0\0\0\0\0\0\
\x70\0\0\0\0\0\0\0\0\0\0\0\0\0\0\0\x08\0\0\0\0\0\0\0\0\0\0\0\0\0\0\0\x27\x01\0\
\0\x09\0\0\0\0\0\0\0\0\0\0\0\0\0\0\0\0\0\0\0\x60\x3a\x01\0\0\0\0\0\x80\0\0\0\0\
\0\0\0\x1d\0\0\0\x18\0\0\0\x08\0\0\0\0\0\0\0\x10\0\0\0\0\0\0\0\x1b\x01\0\0\x01\
\0\0\0\0\0\0\0\0\0\0\0\0\0\0\0\0\0\0\0\x18\xb8\0\0\0\0\0\0\xa0\x0d\0\0\0\0\0\0\
\0\0\0\0\0\0\0\0\x01\0\0\0\0\0\0\0\0\0\0\0\0\0\0\0\x17\x01\0\0\x09\0\0\0\0\0\0\
\0\0\0\0\0\0\0\0\0\0\0\0\0\xe0\x3a\x01\0\0\0\0\0\x40\0\0\0\0\0\0\0\x1d\0\0\0\
\x1a\0\0\0\x08\0\0\0\0\0\0\0\x10\0\0\0\0\0\0\0\0\x01\0\0\x03\x4c\xff\x6f\0\0\0\
\x80\0\0\0\0\0\0\0\0\0\0\0\0\x20\x3b\x01\0\0\0\0\0\x14\0\0\0\0\0\0\0\x1d\0\0\0\
\0\0\0\0\x01\0\0\0\0\0\0\0\0\0\0\0\0\0\0\0\x69\x01\0\0\x02\0\0\0\0\0\0\0\0\0\0\
\0\0\0\0\0\0\0\0\0\xb8\xc5\0\0\0\0\0\0\xb8\x26\0\0\0\0\0\0\x01\0\0\0\x93\x01\0\
\0\x08\0\0\0\0\0\0\0\x18\0\0\0\0\0\0\0";

	return 0;
err:
	bpf_object__destroy_skeleton(s);
	return -1;
}

#endif /* __SESSION_BPF_C_SKEL_H__ */
